domain,exp,triple,qwen_score,gemma_score,gemma_reason
government,Exp2,工会组织 --[依法维护]-> 职工的年休假权利,1.0,1.0,语义逻辑正确。工会组织作为职工权益的代表和维护者，依法维护职工的年休假权利符合政务常识及《工会法》等法律规定，主客体关系明确，术语使用准确。
government,Exp2,《陕西省道路运输管理条例》 --[规定]-> 客运班车应当张贴票价表,1.0,1.0,三元组语义逻辑正确。法规名称表述规范，‘规定’关系符合法律效力逻辑，且内容符合道路运输管理的行政管理常识。
government,Exp2,西安市卫生健康委员会 --[行使主体]-> 服务事项,0.8,0.4,语义逻辑不完整且存在概念错位。'行使主体'通常用于描述行政权力或职权的行使，而'服务事项'是行政行为的对象或内容。在政务知识图谱中，正确的逻辑关系应为'提供服务'或'负责事项'，直接将机构与事项通过'行使主体'连接，在语义上属于谓语与宾语搭配不当。
government,Exp2,城市管理部门 --[督促]-> 改正,1.0,0.4,语义逻辑不完整且存在客体缺失。'改正'是一个动作/行为，而非政务管理中的行政主体或对象。在政务逻辑中，应为'城市管理部门 --[督促]--> 被监管对象 --[进行]--> 改正，或者使用更准确的政务术语如'责令整改'。
government,Exp2,中华人民共和国水土保持法 --[实施依据]-> 水土保持设施验收备案,1.0,1.0,三元组语义逻辑正确。'中华人民共和国水土保持法'作为上位法，为'水土保持设施验收备案'这一具体行政管理行为提供了法律依据，符合政务逻辑和法律适用常识。
government,Exp2,生产者 --[违反]-> 规定,0.8,0.0,语义逻辑完全错误。在政务领域中，‘生产者’与‘规定’之间不存在‘违反’这一逻辑关系。‘违反’的主体通常是‘行为主体’（如企业、个人），客体是‘法律法规/规定’。‘生产者’是一个身份属性，而非具体的违规行为，该三元组缺乏语义逻辑支撑。
government,Exp2,《中华人民共和国道路交通安全法》 --[规定]-> 公安机关交通管理部门,1.0,0.6,语义逻辑存在错位。法律法规是规范行为的准则，通常是‘规定’公民、法人或其他组织的权利义务，或者‘授权’行政机关行使职权。该三元组表述为法律规定公安机关，在语义上不够严谨，更准确的表述应为法律‘授权’公安机关执行或‘明确了’公安机关的职责。
government,Exp2,西安市卫生健康委员会 --[权力类型]-> 行政检查,1.0,1.0,西安市卫生健康委员会作为地方政府组成部门，依法行使行政管理职权，其中包含行政检查这一权力类型，语义逻辑与政务常识完全符合。
government,Exp2,"买卖或者伪造、变造《报废汽车回收证明} --[关系]-> 属报废汽车回收企业,情节严重的,由原审批发证部门分别吊销《资格认定书》、《特种行业许可证》、营业执照",0.6,0.4,语义逻辑错误。三元组将‘违法行为描述’作为主语，与‘属报废汽车回收企业’这一属性或主体描述进行关系连接，导致主谓宾结构混乱。在政务知识图谱中，应为‘违法行为—[导致后果]—处罚措施’或‘企业—[实施]—违法行为’，当前表述将行为与主体身份混为一谈，不符合语义逻辑。
government,Exp2,各业务部门 --[是]-> 承办机构,0.8,0.4,语义逻辑存在错位。在政务逻辑中，‘业务部门’通常是‘承办机构’的组成部分或职能主体，或者‘业务部门’负责‘承办事项’。‘业务部门’与‘承办机构’在行政语境下通常是同义或包含关系，使用‘是’这一谓词建立等价关系不符合政务流程逻辑，且缺乏明确的业务指向性。
government,Exp2,西安市交通运输综合执法支队 --[承办机构]-> 行政处罚,0.4,0.8,语义逻辑基本合理，但‘承办机构’并非标准的政务关系术语。在政务知识图谱中，通常使用‘执行主体’、‘执法主体’或‘权限归属’来描述机构与行政处罚之间的关系。‘承办’一词更多用于事务性工作，而非法律权力的行使。
government,Exp2,承办机构 --[是]-> 县（区）生态环境保护综合执法大队,0.8,0.0,语义逻辑错误。'承办机构'是一个属性或角色标签，而非具体的机构名称，三元组将属性值与具体机构实体建立‘是’的关系，属于逻辑错位，不符合知识图谱的实体-关系-实体规范。
government,Exp2,船舶、浮动设施 --[未持有]-> 登记证书,0.8,0.4,语义逻辑存在错位。在政务登记业务中，‘登记证书’是行政机关颁发的证明文件，‘船舶、浮动设施’作为登记对象，其关系应为‘被授予’、‘持有’或‘取得’，而非‘未持有’。此外，‘未持有’属于否定状态描述，不符合知识图谱中三元组表达实体间客观属性或关系的常规逻辑。
government,Exp2,违反本办法第四条规定开办旅馆 --[公安机关]-> 应当协助工商行政管理部门依法处理,1.0,0.4,语义逻辑存在严重错位。三元组的主体（违反规定的行为）与谓语（应当协助）之间缺乏逻辑连接，且‘公安机关’作为关系主体，其动作‘协助’的对象应为行政执法部门，而非直接指向‘违反规定的行为’。此外，‘工商行政管理部门’在现行政务体系中已整合为‘市场监督管理部门’，术语使用陈旧。
government,Exp2,承办机构 --[是]-> 管理部,0.6,0.0,语义逻辑错误。'承办机构'是描述机构职能或任务状态的角色属性，而非具体的行政机构名称；'管理部'是机构名称。两者之间不存在'是'的等价关系，逻辑上属于范畴错误。
government,Exp2,用人单位 --[违反]-> 《人才市场管理规定》,1.0,0.4,语义逻辑错误。‘违反’的主体通常是行为或行为人，‘违反’的对象应当是具体的法律条文、规定或制度。三元组中‘用人单位’违反的是‘规定’中的具体条款或行为，而非违反‘规定’本身，且‘违反’一词在知识图谱中通常用于描述行为与规则的冲突，而非实体间的直接关系，表述不够专业。
government,Exp2,西安市人力资源和社会保障局 --[行使主体]-> 行政处罚,0.8,1.0,西安市人力资源和社会保障局作为行政机关，依法拥有行政处罚权，该三元组准确描述了行政主体与其行使的行政职权之间的关系，符合政务逻辑。
government,Exp2,实施依据 --[包括]-> 《中华人民共和国安全生产法》,0.8,1.0,语义逻辑正确。在政务领域，‘实施依据’与‘法律法规’之间属于包含关系，该三元组准确表达了政务事项或行政行为的法律支撑关系。
government,Exp2,未取得药品生产许可证 --[导致]-> 行政责骂,0.4,0.2,政务处罚术语使用错误。在行政执法领域，违规行为对应的法律后果应为‘行政处罚’（如罚款、吊销许可证等），‘行政责骂’不属于规范的政务术语，且不具备法律效力。
government,Exp2,经营性人力资源服务机构 --[备案内容]-> 人力资源供求信息的收集和发布,1.0,1.0,三元组语义逻辑正确。根据人力资源市场管理规定，经营性人力资源服务机构在开展业务时，其收集和发布供求信息等业务活动属于应当向行政主管部门备案的内容，符合政务业务逻辑和术语规范。
government,Exp2,擅自转移、使用、销毁、销售被查封或者扣押的兽药及有关材料 --[违法行为]-> 行政处罚,1.0,0.4,语义逻辑错误。'擅自转移、使用、销毁、销售被查封或者扣押的兽药及有关材料'属于具体的'违法行为'，而'行政处罚'是针对该行为产生的法律后果，两者之间不是'违法行为'的关系，应为'导致'或'触发'关系，或者将'行政处罚'作为行为的后果而非属性。
government,Exp2,颁发测绘资质证书的部门 --[决定]-> 降低测绘资质等级,1.0,0.2,语义逻辑错误。颁发资质证书的部门行使的是行政许可、监督管理或撤销等职权，‘决定降低资质等级’在政务逻辑上属于行政处罚或行政管理行为，而非证书颁发行为本身的结果；且‘决定’一词在此处表述模糊，通常应为‘实施资质降级处罚’或‘做出降级决定’，原三元组将颁发行为与管理结果混淆。
government,Exp2,没收违法生产、销售的产品 --[处罚措施]-> 伪造产品产地的,0.4,0.4,语义逻辑颠倒。在政务处罚逻辑中，‘处罚措施’应当作用于‘违法行为’或‘违法主体’，而三元组中将‘处罚措施’作为谓语，其宾语‘伪造产品产地的’属于违法行为的描述，逻辑上应为‘违法行为 --[采取措施]--> 处罚结果’，或者‘违法行为 --[属于]--> 违法类型’。目前的表述将行为描述误当作了处罚的对象，不符合政务逻辑。
government,Exp2,承办机构 --[是]-> 燃气热力管理处,0.8,0.2,语义逻辑错误。'承办机构'是一个属性或角色标签，而非具体的行政机构名称；'燃气热力管理处'是具体的机构名称，两者之间不能构成'是'的等值关系。正确的逻辑应为'某项业务 --[由]--> 燃气热力管理处承办'。
government,Exp2,西安市市场监督管理局 --[行使权力]-> 行政处罚,1.0,0.6,语义逻辑存在错位。'行政处罚'属于行政行为或法律后果，而非权力本身。更准确的表述应为'西安市市场监督管理局 --[行使权力]-> 行政处罚权'或'西安市市场监督管理局 --[实施行为]-> 行政处罚'。当前表述将行为结果直接作为权力的客体，不够专业。
government,Exp2,服务事项 --[涉及]-> 施工单位,0.8,0.8,语义逻辑基本合理，但在政务知识图谱中，'涉及'属于模糊关系。更准确的政务术语应为'服务对象'或'申请主体'。施工单位作为政务服务的实施主体或申请人，与服务事项存在关联，但关系定义不够精确。
government,Exp2,娱乐场所 --[未按照本条例规定建立从业人员名簿]-> 给予警告,0.6,0.4,语义逻辑错误。三元组的主体（娱乐场所）与谓语（给予警告）之间存在逻辑错位，‘给予警告’是行政处罚行为，其主体应为行政机关，而非被处罚对象。正确的逻辑应为：行政机关 --[对未建立名簿的娱乐场所]-> 给予警告。
government,Exp2,安装、拆卸人员名单 --[报]-> 监理单位,1.0,0.2,语义逻辑错误。'安装、拆卸人员名单'属于政务审批或备案过程中的申报材料/证明文件，而'报'（报送）的主体应当是申请人或被监管对象，而非名单本身。名单是报送的内容，不能作为动作的发起主体。
government,Exp2,实施依据 --[来源于]-> 第七十六条第一项,0.8,0.4,语义逻辑不完整且术语使用不规范。'第七十六条第一项'仅为法律条文的具体条款，属于法律文本的组成部分，而非完整的'实施依据'。在政务知识图谱中，实施依据通常应指向具体的法律、法规、规章或规范性文件名称（如《中华人民共和国XX法》），而非直接指向具体的条款编号，否则会导致语义指向过于碎片化，缺乏法律效力的主体支撑。
government,Exp2,出租、转让频率、频段，擅自变更广播电视发射台、转播台技术参数 --[违反]-> 《广播电视管理条例》,1.0,0.2,三元组逻辑严重错位。主体部分由一系列离散的词汇（出租、转让频率、频段）组成，缺乏完整的语义结构，无法构成一个明确的行为主体或行为描述；且‘违反’关系的对象应为具体的法律条文或规定，虽然指向了《广播电视管理条例》，但由于主语语义破碎，导致整个逻辑链条无法成立，属于典型的语义逻辑错误。
government,Exp3,西安市人力资源和社会保障局 --[管理]-> 劳动保障监察执法处,1.0,1.0,符合政务组织架构逻辑。在政府机构内部，局级单位下设的处室属于其职能组成部分，局对处室行使行政管理权，关系表述准确。
government,Exp3,赌博 --[类型]-> 法律或法规,0.2,0.2,语义逻辑错误。'赌博'属于违法犯罪行为或社会行为，而'法律或法规'是规范行为的工具，两者之间不存在'类型'的从属关系。正确的逻辑应为'赌博'受'法律或法规'的规制，或'赌博'属于'违法行为'。
government,Exp3,服务事项 --[涉及]-> 行政强制,0.6,0.4,语义逻辑不准确。‘服务事项’属于政务服务范畴，旨在提供便利；而‘行政强制’属于行政处罚或强制执行范畴，两者在政务逻辑上属于并列或对立的行政行为类型，‘涉及’一词无法准确描述两者之间的逻辑关系，且容易产生行政行为性质混淆的歧义。
government,Exp3,医政医管处 --[承办机构]-> 行政处罚,0.8,0.4,语义逻辑存在错位。'行政处罚'属于行政行为或法律后果，而'承办机构'通常应指向具体的行政审批事项、政务服务事项或具体业务。医政医管处可以作为'行政处罚事项'的承办机构，但不能直接说'承办行政处罚'这一抽象行为，术语搭配不符合政务逻辑。
government,Exp3,综合监督处 --[承办机构]-> 服务事项,1.0,0.4,语义逻辑存在错位。在政务流程中，‘承办机构’通常指代具体的行政部门或业务科室，而‘综合监督处’作为部门内部的职能处室，其职能通常是‘监督’、‘管理’或‘协调’，而非直接‘承办’具体服务事项。此外，‘承办机构’与‘服务事项’之间通常是‘所属机构’或‘办理部门’的关系，‘承办机构’作为关系谓语时，其主体应为具体的办事窗口或业务科室，而非监督职能部门。
government,Exp3,服务事项 --[包括]-> 对医疗机构及有医疗卫生人员执业证书的人员未取得药品批准证明文件生产、进口药品,0.4,0.2,语义逻辑严重错误。'服务事项'与'违法违规行为描述'之间不构成'包括'关系。该三元组将行政处罚或监管的违法行为描述误当作了政务服务事项，主客体关系错位，不符合政务知识图谱的语义逻辑。
government,Exp3,行驶主体 --[是]-> 西安市市场监督管理局,0.2,0.0,语义逻辑错误。'行驶主体'通常指车辆或驾驶人，而'西安市市场监督管理局'是行政管理机关，两者之间不存在'是'的等价关系，属于主体与客体完全错位的逻辑错误。
government,Exp3,文物收藏单位 --[备案给]-> 主管的文物行政部门,1.0,1.0,符合文物管理法律法规要求。根据《文物保护法》及相关规定，文物收藏单位应当向其行政主管部门办理备案手续，关系表述准确，符合政务逻辑。
government,Exp3,《中华人民共和国药品管理法》 --[修订时间]-> 2019年,1.0,0.8,《中华人民共和国药品管理法》最近一次大规模修订是在2019年（2019年8月22日通过，2019年12月1日起施行），表述基本准确，但严格意义上应区分‘修订年份’与‘施行年份’，且法律修订具有周期性，仅标注单一年份可能存在时效性局限。
government,Exp3,五千元以上一万元以下罚款 --[没收]-> 违法所得,0.4,0.2,语义逻辑错误。'五千元以上一万元以下罚款'属于行政处罚的金额标准，是处罚的结果或量刑依据，而'没收违法所得'是另一种独立的行政处罚手段。两者之间不存在'没收'的动作关系，罚款金额不能去'没收'违法所得。
government,Exp3,重点用能工业企业 --[类型]-> 企业,1.0,1.0,三元组语义逻辑正确。'重点用能工业企业'是'企业'这一大类概念下的一个具体子类型，关系表述符合政务统计与分类常识。
government,Exp3,西安市卫生健康委员会 --[包含]-> 医政医管处,0.8,1.0,符合政务机构设置逻辑，医政医管处作为西安市卫健委的内设机构，使用“包含”关系描述其隶属/组成关系是准确的。
government,Exp3,市农业综合执法支队 --[承办机构]-> 服务事项,0.6,0.8,语义逻辑基本合理，但在政务知识图谱中，‘承办机构’通常用于描述具体政务服务事项的办理主体，而‘支队’作为执法机构，其职能更多体现为‘监管’或‘执法’。若该事项属于行政许可或行政审批类事项，使用‘承办机构’是准确的；若属于行政处罚或监督检查类，表述略显宽泛。
government,Exp3,西安市交通运输局 --[行使]-> 公路超限运输许可,0.8,1.0,西安市交通运输局作为地方行政主管部门，依法行使公路超限运输许可的行政审批职权，符合政务常识和行政审批逻辑。
government,Exp3,施工 --[参与]-> 服务事项,0.4,0.2,语义逻辑错误。'施工'属于具体的工程活动或行为过程，而'服务事项'是政务审批或公共服务的对象。在政务逻辑中，施工通常是服务事项（如建筑工程许可）的后续行为或结果，而非'参与'服务事项。主谓宾关系错位，无法体现政务业务的逻辑关联。
government,Exp3,市应急管理综合执法支队 --[类型]-> 执法机构,0.8,1.0,该三元组语义逻辑正确。市应急管理综合执法支队属于行政执法部门，将其类型定义为“执法机构”符合政务常识和行政分类逻辑。
government,Exp3,《中华人民共和国药品管理法》 --[规定]-> 医疗机构将其配制的制剂在市场上销售的处罚,1.0,1.0,三元组语义逻辑正确。法律法规作为规范性文件，对违反法律的行为（如医疗机构违规销售制剂）设定处罚措施，符合政务逻辑与法律常识。
government,Exp3,中华人民共和国安全生产法 --[依据]-> 全国人大常委会,0.4,0.2,语义逻辑颠倒。在政务逻辑中，应是‘全国人大常委会依据《中华人民共和国安全生产法》进行立法或监督’，或者‘《中华人民共和国安全生产法》由全国人大常委会制定’。当前三元组表达的是‘法律依据机构’，这违背了法律效力来源的常识，法律是规范，人大是立法主体，两者之间是‘制定’或‘通过’的关系，而非‘依据’关系。
government,Exp3,环境卫生管理处 --[类型]-> 部门,1.0,1.0,该三元组语义逻辑正确，'环境卫生管理处'属于具体的行政或事业机构名称，其'类型'属性为'部门'符合政务常识和分类逻辑。
government,Exp3,服务事项 --[类型]-> 行政处罚事项,0.4,0.4,语义逻辑错误。‘行政处罚事项’本身就是‘服务事项’的一种特定类型或子集，但在政务知识图谱中，‘服务事项’通常指代‘政务服务事项’（即行政许可、公共服务等），而‘行政处罚’属于行政强制执行范畴，两者在政务逻辑上属于并列或不同的业务分类，不能通过‘类型’关系将处罚事项归为服务事项的类型。
government,Exp3,工商行政管理机关 --[处罚]-> 暂停发布医疗广告,1.0,0.4,行政职能错位。工商行政管理机关（现已整合为市场监督管理部门）主要负责市场准入、监督管理及行政处罚，而‘暂停发布医疗广告’属于内容监管与行政许可范畴，通常由卫生健康行政部门或广电/新闻出版部门依据《广告法》进行监管或由市场监管部门依据其职权执行，但‘暂停发布’更多体现为一种监管指令或行政强制措施，且在政务逻辑中，工商部门对‘医疗广告’的直接处罚对象应是‘广告发布者’或‘广告经营者’，而非直接对‘发布行为’本身进行抽象处罚，语义逻辑不够严密。
government,Exp3,行驶主体 --[是]-> 某村委会,0.4,0.0,语义逻辑错误。'行驶主体'通常指车辆、船舶或航空器等交通工具的驾驶者或运营者，而'某村委会'是基层群众性自治组织，属于行政/自治管理主体，两者在语义上完全不匹配，不存在'是'的关系。
government,Exp3,西安市市场监督管理局 --[实施依据]-> 《规范促销行为暂行规定》,1.0,1.0,三元组语义逻辑正确。西安市市场监督管理局作为行政执法部门，依据国家颁布的法律法规（《规范促销行为暂行规定》）开展行政执法活动，关系表述准确，符合政务常识。
government,Exp3,旅行社 --[类型]-> 旅行社,0.4,0.0,语义逻辑错误。'类型'属性应指向具体的分类标签（如：国内旅行社、国际旅行社等），而非指向实体自身，该三元组构成了逻辑上的循环定义，不具备实际的知识图谱语义价值。
government,Exp3,《建设工程质量管理条例》 --[发布]-> 国务院令第279号,0.4,0.0,语义逻辑错误。'国务院令第279号'是发布该条例的行政行为/法律依据，而非被发布的主体。正确的逻辑应该是'国务院'通过'国务院令第279号'发布了'《建设工程质量管理条例》'，原三元组将法律文件与发布文号的关系颠倒了。
government,Exp3,有下列行为之一 --[类型]-> 行为,0.6,0.4,该三元组属于典型的知识图谱构建过程中的中间逻辑节点或占位符，而非具有实际政务语义的知识。在政务知识图谱中，'有下列行为之一'属于引导性短语，而非标准的关系谓语（Predicate），且'行为'作为宾语过于宽泛，缺乏具体的政务实体属性，不符合政务知识图谱的语义规范。
government,Exp3,实施依据 --[来自]-> 《国务院关于第六批取消和调整行政审批项目的决定》,1.0,1.0,三元组语义逻辑正确。在政务知识图谱中，行政审批事项的‘实施依据’通常来源于上级政府发布的规范性文件，该关系准确描述了政策文件与具体行政行为之间的支撑关系。
government,Exp3,承办机构 --[是]-> 综合执法支队,0.4,0.4,语义逻辑存在错位。'承办机构'通常是业务流程中的一个属性或角色，而'综合执法支队'是一个具体的行政执法机构。在知识图谱中，应表述为'综合执法支队 --[是]-> 承办机构'（指明该机构的属性）或者'某项业务 --[由]-> 综合执法支队 --[承办]'，原三元组将角色作为主体，机构作为宾语，逻辑颠倒。
government,Exp3,违反本条例规定 --[行为之一]-> 在城市广场,0.4,0.2,语义逻辑严重错位。'违反本条例规定'属于法律行为性质的描述，而'在城市广场'属于地理空间位置描述，两者之间无法构成'行为之一'的逻辑关系，三元组缺乏实质性的政务语义。
government,Exp3,实施依据 --[来源]-> 国家旅游局令第30号发布2016年12月国家旅游局令第42号第二次修改,0.6,0.4,实施依据的属性值表述存在严重的语义逻辑问题，将‘发布时间’、‘文件名称’与‘修改记录’混杂在一起，缺乏清晰的结构化表述，不符合政务知识图谱对规范化术语的要求。
finance,Exp2,行政处罚 --[权力类型]-> 金融监管处罚,1.0,0.2,语义逻辑错误。'行政处罚'是法律行为或处罚种类，'金融监管处罚'是该行为在特定领域的具体表现，两者属于包含关系或范畴关系，而非'权力类型'这一属性关系。三元组试图将一个具体的业务概念定义为一种权力类型，不符合知识图谱的本体逻辑。
finance,Exp2,金融监管处罚 --[涉及事项]-> 同业业务违规,1.0,0.6,语义逻辑存在偏差。'金融监管处罚'通常是一个动作或结果，而'涉及事项'通常用于描述处罚的具体内容或违规行为。在知识图谱中，更准确的关系应该是'金融监管处罚 --[处罚原因/违规事项]-> 同业业务违规'，或者'同业业务违规 --[导致]-> 金融监管处罚'。目前的表述将处罚结果与违规事实通过'涉及事项'连接，在语义层面上略显生硬，存在逻辑倒置的歧义。
finance,Exp2,承办机构 --[是]-> 证监会,0.2,0.0,语义逻辑错误。证监会（中国证券监督管理委员会）是国家金融监管机构，属于行政管理机关，而非由其他机构‘承办’的对象。在金融语境下，‘承办机构’通常指执行具体业务或项目的执行方，而证监会是规则制定者和监管者，两者之间不存在‘承办机构是证监会’的逻辑关系。
finance,Exp2,金融监管处罚 --[涉及事项]-> 资金池业务违规,1.0,1.0,三元组语义逻辑清晰，‘涉及事项’准确描述了监管处罚行为的具体违规内容，符合金融监管语境下的术语使用规范。
finance,Exp2,实施依据 --[是]-> 《中华人民共和国证券法》,0.8,1.0,语义逻辑完全正确。在金融知识图谱中，法律法规作为监管行为或业务开展的‘实施依据’，其关系表述符合法律逻辑与金融监管常识。
finance,Exp2,实施依据 --[是]-> 《小额贷款公司监督管理条例》,0.4,1.0,语义逻辑正确。在金融知识图谱中，法律法规作为行政行为或监管措施的‘实施依据’是标准且合理的逻辑关系，符合金融监管的规范表述。
finance,Exp2,行驶主体 --[是]-> 银保监会某监管局,0.2,0.0,语义完全错误。'行驶主体'属于交通运输领域术语，与金融监管机构'银保监会某监管局'之间不存在任何逻辑或语义上的关联，属于领域错配。
finance,Exp2,承办机构 --[是]-> 中国人民银行,0.4,0.0,语义逻辑错误。'承办机构'是一个功能性角色或临时性身份，而非一种实体属性或分类；中国人民银行是国家中央银行，属于监管与宏观调控机构，不能被定义为某个‘承办机构’，两者在语义上不匹配。
finance,Exp2,中国人民银行某分行 --[承办机构]-> 金融监管处罚,0.4,0.4,语义逻辑不准确。'承办机构'通常用于描述行政或事务性工作的执行主体，而在金融监管语境下，处罚是由监管机构依法作出的行政行为，应使用'作出处罚'、'执行处罚'或'监管主体'等术语。此外，'金融监管处罚'是一个行为或事件，而非一个可以被‘承办’的实体对象，三元组的客体定义模糊。
finance,Exp2,实施依据 --[是]-> 《信托公司管理办法》,0.8,1.0,语义逻辑完全正确。在金融监管知识图谱中，法律法规或规章制度作为监管行为的‘实施依据’，与具体的管理办法之间存在合法的逻辑从属关系。
finance,Exp2,金融监管处罚 --[服务事项]-> 欺诈发行,0.2,0.0,语义逻辑错误。'金融监管处罚'是一种行政行为或法律后果，'欺诈发行'是一种违法违规行为，两者之间不存在'服务事项'的关系。'服务事项'通常用于描述机构为客户提供的业务内容，此处关系类型完全错误。
finance,Exp2,金融监管处罚 --[实施依据]-> 《中华人民共和国保险法》,1.0,1.0,三元组逻辑正确。金融监管处罚的实施必须遵循法律法规，该关系准确描述了行政处罚行为与法律依据之间的从属关系，符合金融监管合规逻辑。
finance,Exp2,行政处罚 --[执行主体]-> 中国人民银行某分行,1.0,1.0,表述准确。在中国金融监管体系中，中国人民银行及其分支机构（如某分行）拥有行政执法权，可以作为行政处罚的执行主体对违规金融机构或个人实施处罚。
finance,Exp2,银保监会某监管局 --[承办机构]-> 金融监管处罚,0.8,0.8,在金融监管实务中，监管局确实是执行具体行政处罚案件的承办主体，语义逻辑合理。但从知识图谱严谨性角度看，'金融监管处罚'通常指代一种行政行为或法律结果，而非一个实体对象，使用'执行'或'实施'关系更为准确。
finance,Exp2,行驶主体 --[是]-> 中国人民银行某分行,0.2,0.0,语义完全错误。'行驶主体'属于交通运输领域术语，与金融机构'中国人民银行某分行'之间不存在任何逻辑或语义上的关联，属于领域错配。
finance,Exp2,承办机构 --[是]-> 中国人民银行,0.2,0.0,语义逻辑错误。'承办机构'是一个功能性角色或属性，而非一个具体的机构实体，且中国人民银行作为中央银行，是监管和宏观调控的核心机构，在金融语境下通常是‘承办方’或‘监管方’，而非被描述为‘承办机构’这一抽象概念。此外，该三元组缺乏主语实体，无法构成有效的金融逻辑关系。
finance,Exp2,金融监管处罚 --[涉及事项]-> 操纵市场价格,1.0,1.0,三元组语义逻辑正确。在金融监管语境下，“金融监管处罚”作为一种监管行为或结果，“涉及事项”准确地指向了触发该处罚的具体违法违规行为（操纵市场价格），符合金融监管术语规范和业务逻辑。
finance,Exp2,承办机构 --[是]-> 省地方金融监管局,0.2,0.0,语义逻辑错误。'承办机构'是一个功能性角色描述，而非具体的金融机构实体类型；且'省地方金融监管局'属于行政监管机构，在金融监管体系中，监管机构是规则的制定者和执行者，而非业务活动的'承办方'，两者之间不存在'是'这种等价的属性关系。
finance,Exp2,行政处罚 --[实施依据]-> 《中华人民共和国反洗钱法》,1.0,1.0,语义逻辑完全正确。在金融监管语境下，行政处罚的实施必须具备法律依据，该三元组准确表达了处罚行为与法律条文之间的依据关系。
finance,Exp2,行驶主体 --[是]-> 中国人民银行,0.0,0.0,语义完全错误。'行驶主体'属于交通运输领域术语，与金融监管机构'中国人民银行'之间不存在任何逻辑或语义上的从属、属性或关联关系，属于领域错配。
finance,Exp2,权力类型 --[是]-> 行政处罚,0.4,0.4,语义逻辑错误。'行政处罚'是一种法律行为或监管结果，而非'权力类型'的子集。在金融监管语境下，应表述为'监管机构--[行使]-->行政处罚权'或'行政处罚--[属于]-->行政执法行为'，原三元组将行为属性与权力类型混淆。
finance,Exp2,承办机构 --[是]-> 省地方金融监管局,0.0,0.2,语义逻辑错误。'承办机构'通常指执行具体业务或活动的组织，而'省地方金融监管局'是行政监管机关，两者并非等价或从属关系，'是'字连接导致语义变成了‘监管局本身就是一个承办机构’，不符合金融监管术语逻辑。
finance,Exp2,承办机构 --[是]-> 证监会,0.2,0.0,语义逻辑错误。证监会（中国证券监督管理委员会）是国家金融监管机构，属于行政管理机关，而非由其他机构‘承办’的对象。在金融语境下，‘承办机构’通常指执行具体业务或活动的执行方，而证监会是规则制定者和监管者，两者不存在‘承办机构是证监会’的逻辑关系。
finance,Exp2,实施依据 --[是]-> 《期货交易管理条例》,1.0,1.0,语义逻辑完全正确。在金融监管知识图谱中，监管行为或行政处罚必须具备法律依据，该三元组准确表达了行政行为与上位法之间的逻辑关系。
finance,Exp2,行政处罚 --[实施依据]-> 《关于规范民间借贷行为的通知》,0.8,0.4,语义逻辑错误。‘行政处罚’是监管行为的结果或动作，而‘《关于规范民间借贷行为的通知》’是法律法规或规范性文件，两者之间应为‘依据’或‘适用法律/法规’的关系，而非‘实施依据’这一动作指向。在知识图谱中，应表述为‘行政处罚 --[依据]-> 规范性文件’，当前的谓语关系在逻辑上将处罚行为本身作为了实施依据的来源，表述不准确。
finance,Exp2,市地方金融监管局 --[承办机构]-> 金融监管处罚,0.8,0.4,“承办机构”并非金融监管领域的标准术语，且“金融监管处罚”属于行政行为或事件，而非一个可以被“承办”的实体对象。在知识图谱中，应表述为“市地方金融监管局 --[执行/实施]-> 金融监管处罚”或“市地方金融监管局 --[负责]-> 某项处罚事项”，原三元组存在语义逻辑模糊和术语使用不规范的问题。
finance,Exp2,外汇管理局 --[行驶主体]-> 金融监管处罚,0.8,0.2,语义逻辑错误。'行驶主体'并非金融领域的标准术语，且'外汇管理局'与'金融监管处罚'之间并非主体与行为的关系，应为'执行主体'或'实施机构'，且三元组结构表达模糊，无法准确描述监管行为。
finance,Exp2,金融监管处罚 --[包括]-> 资金池业务违规,1.0,0.4,语义逻辑错误。'金融监管处罚'是一种行政行为或法律后果，而'资金池业务违规'是一种违规事实或行为性质。两者之间不是'包括'的包含关系，应当是'因...受到处罚'或'处罚原因包括...'的逻辑关系。
finance,Exp2,权力类型 --[是]-> 行政处罚,0.4,0.4,语义逻辑错误。'行政处罚'是一种法律行为或监管结果，而'权力类型'是属性分类，两者之间不存在'是'这种逻辑包含关系。正确的表达应为'行政处罚属于行政权力的一种'或'行政处罚的类型为...'。
finance,Exp2,证监会某监管局 --[承办机构]-> 金融监管处罚,1.0,0.4,语义逻辑不匹配。'承办机构'通常用于描述行政流程中的执行主体，而'金融监管处罚'是一个法律行为或行政结果，而非一个可以被承办的实体对象。在知识图谱中，应表述为'证监会某监管局 --[执行/实施]-> 金融监管处罚'或'金融监管处罚 --[执行主体]-> 证监会某监管局'。
finance,Exp3,行政处罚 --[针对]-> 挪用客户资金,1.0,0.2,语义逻辑错误。'行政处罚'是监管行为的结果或动作，'挪用客户资金'是违规行为（事实/罪名），两者之间不是‘针对’的关系，正确的逻辑应该是‘针对挪用客户资金的行为进行行政处罚’，或者三元组应表述为‘监管机构 --[对]--> 某机构 --[因]--> 挪用客户资金’。当前三元组将动作结果与违规事实直接建立针对关系，不符合知识图谱的实体-关系-实体逻辑。
finance,Exp3,金融监管处罚 --[涉及事项]-> 资金池业务违规,1.0,1.0,三元组语义逻辑正确。在金融监管语境下，‘涉及事项’准确描述了‘金融监管处罚’这一行为所指向的具体违规业务类型，‘资金池业务违规’是典型的监管处罚触发事项，术语使用专业且符合逻辑。
finance,Exp3,操纵市场价格 --[类型]-> 违法行为,1.0,1.0,操纵市场价格属于证券法及相关金融法规明确定义的违法行为，语义逻辑完全正确，术语使用准确。
finance,Exp3,行驶主体 --[类型]-> 主体,0.2,0.0,该三元组属于交通运输领域术语，而非金融领域术语。'行驶主体'与'主体'的关系在金融知识图谱中缺乏语义逻辑，完全不符合金融业务逻辑或监管逻辑。
finance,Exp3,金融监管处罚 --[依据]-> 《期货交易管理条例》,1.0,1.0,三元组逻辑正确。金融监管处罚行为必须依据法律、行政法规或部门规章，此处‘金融监管处罚’与‘《期货交易管理条例》’之间的‘依据’关系符合金融监管合规性与法律逻辑。
finance,Exp3,证监会某监管局 --[行驶主体]-> 金融监管处罚,0.8,0.2,语义逻辑错误。'行驶主体'并非金融监管领域的专业术语，且在逻辑上，监管机构与处罚行为之间应为'实施'、'执行'或'发起'关系，'行驶'通常用于交通领域，属于术语使用错误及语义不匹配。
finance,Exp3,权力类型 --[类型]-> 行政处罚,1.0,0.4,语义逻辑错误。'行政处罚'属于一种法律后果或监管行为，而'权力类型'是一个分类维度，两者之间不存在'类型'这种属性关系。正确的逻辑应该是'行政处罚 --[属于]-> 权力类型'或'某项具体行为 --[构成]-> 行政处罚'。
finance,Exp3,权力类型 --[等同于]-> 行政处罚,0.4,0.2,语义逻辑错误。'权力类型'是一个上位概念或分类维度，而'行政处罚'是权力行使的具体表现形式或法律后果，两者之间是包含关系或范畴关系，而非‘等同于’的等价关系。
finance,Exp3,金融监管处罚 --[针对]-> 同业业务违规,1.0,0.2,语义逻辑错误。'金融监管处罚'是一种行政行为或结果，而'同业业务违规'是一种违规事实或行为性质。处罚应当针对的是'金融机构'或'相关责任人'，而不是针对'违规行为'本身。三元组应表达为：[金融机构] --[发生]-> [同业业务违规] 或 [监管机构] --[针对]-> [金融机构] --[实施]-> [金融监管处罚]
finance,Exp3,金融监管处罚 --[涉及领域]-> 征信业务违规,1.0,0.4,语义逻辑错误。'金融监管处罚'是一个事件或行为，'征信业务违规'是该行为涉及的具体违规事实或领域，两者之间不构成'涉及领域'的关系。正确的表述应为'金融监管处罚 --[处罚原因/违规类型]-> 征信业务违规'，或者'征信业务违规 --[属于领域]-> 金融监管领域'。
finance,Exp3,服务事项 --[是]-> 金融监管处罚,0.4,0.2,语义逻辑错误。'服务事项'与'金融监管处罚'属于完全不同的业务范畴，处罚是监管结果而非服务内容，两者之间不存在'是'这种等价或包含关系。
finance,Exp3,虚假陈述 --[类型]-> 违法行为,1.0,1.0,在金融监管与合规领域，虚假陈述属于典型的违法违规行为类型，语义逻辑准确，符合金融法律术语表述。
finance,Exp3,《证券投资基金法》 --[实施依据]-> 行政处罚,0.6,0.2,语义逻辑错误。《证券投资基金法》是法律规范，是行政处罚的法律依据，而非行政处罚的‘实施依据’；在知识图谱中，通常应表述为‘行政处罚 --[依据法律]--> 《证券投资基金法》’，原三元组将法律作为被实施的对象，逻辑颠倒。
finance,Exp3,银保监会某监管局 --[承办机构]-> 行政处罚,0.8,0.8,语义基本合理，但在金融监管术语中，监管局通常是行政处罚的‘执行主体’或‘作出处罚的机构’，使用‘承办机构’一词略显行政事务化，不够专业，但在逻辑上能够表达其参与处罚流程的关系。
finance,Exp3,行政处罚 --[权力类型]-> 金融监管处罚,0.4,0.2,语义逻辑错误。'行政处罚'是处罚行为本身，'金融监管处罚'是该行为在特定领域的分类，两者之间不存在'权力类型'这种属性关系。三元组试图将一个概念分类归属关系错误地表述为权力类型的属性关系，且逻辑上属于同义或包含关系，而非属性描述。
finance,Exp3,省地方金融监管局 --[负责]-> 行政处罚,1.0,0.4,语义逻辑错误。'行政处罚'属于法律行为或监管动作，而非被监管的对象或业务范畴。监管机构应当是'对某机构实施行政处罚'，而非'负责行政处罚'这一抽象概念。在知识图谱中，关系应连接两个实体，此处关系谓语与宾语的搭配不符合金融监管逻辑。
finance,Exp3,外汇管理局 --[类型]-> 行政机关,1.0,1.0,外汇管理局（国家外汇管理局）在法律地位上属于国务院组成部门，性质确为行政机关，术语使用准确，逻辑完全符合金融监管常识。
finance,Exp3,银保监会 --[依据]-> 《银行业金融机构反洗钱和反恐怖主义融资管理办法》,1.0,1.0,关系表述准确。银保监会作为监管机构，依据相关法律法规行使监管职权，该三元组符合金融监管逻辑和术语规范。
finance,Exp3,资金池业务违规 --[类型]-> 违规行为,0.8,1.0,三元组逻辑正确。'资金池业务违规'属于一种具体的业务违规表现，将其分类为'违规行为'类型符合金融监管术语逻辑和知识图谱的分类学定义。
finance,Exp3,证监会某监管局 --[行使主体]-> 金融监管处罚,1.0,0.4,语义逻辑错误。'行使主体'通常用于描述主体对权利或职权的行使，而'金融监管处罚'是一个行为或结果，而非权利客体。正确的表述应为'证监会某监管局 --[执行/实施]-> 金融监管处罚'，或者'证监会某监管局 --[拥有/行使]-> 金融监管处罚权'。当前三元组将动作/结果直接作为行使的对象，不符合金融语义逻辑。
finance,Exp3,证监会某监管局 --[承办机构]-> 行政处罚,1.0,0.8,在金融监管语境下，‘承办机构’通常用于描述行政程序中的执行角色，语义基本合理。但从严格的监管逻辑看，‘行政处罚’属于一种法律行为或结果，而非一个实体对象，使用‘实施’或‘作出’更为专业准确。
finance,Exp3,权力类型 --[是]-> 行政处罚,0.4,0.4,语义逻辑错误。'行政处罚'是一种法律行为或监管结果，而'权力类型'是属性分类，两者之间不存在'是'这种逻辑包含关系。正确的表达应为'行政处罚属于行政权力的一种'或'行政处罚的类型为...'。
finance,Exp3,金融监管处罚 --[是]-> 行政处罚,1.0,1.0,语义逻辑正确。在金融监管领域，行政处罚是金融监管处罚的一种具体表现形式和法律属性，两者属于包含或等价的逻辑关系，符合金融监管术语规范。
finance,Exp3,实施依据 --[是]-> 《中华人民共和国商业银行法》,0.8,1.0,语义逻辑完全正确。在金融知识图谱中，法律法规作为监管行为或业务开展的‘实施依据’，其关系表述符合法律逻辑与金融监管常识。
finance,Exp3,金融监管处罚 --[涉及问题]-> 准备金提取不足,1.0,1.0,三元组逻辑正确。'准备金提取不足'是金融机构在风险管理和资本充足率方面常见的违规行为，属于'金融监管处罚'中常见的'涉及问题'范畴，术语使用准确。
finance,Exp3,外汇管理局 --[承办机构]-> 行政处罚,0.8,0.4,语义逻辑错误。'行政处罚'是一个法律行为或结果，而非一个实体对象。在知识图谱中，三元组应为[主体]--[关系]-->[客体]。外汇管理局与行政处罚的关系应表述为'实施'或'执行'，而非'承办机构'（承办通常用于案件或活动），且'行政处罚'本身不具备被承办的属性。
finance,Exp3,《银行业金融机构反洗钱和反恐怖主义融资管理办法》 --[实施依据]-> 行政处罚,0.8,0.2,语义逻辑颠倒。'实施依据'通常指法律、法规、规章等规范性文件，用于支撑行政行为；而'行政处罚'是法律实施后的结果或行为。正确的逻辑应该是'行政处罚'的'实施依据'是该'管理办法'，而非反之。
finance,Exp3,金融监管处罚 --[依据]-> 《信托公司管理办法》,0.8,1.0,三元组逻辑正确。在金融监管语境下，‘金融监管处罚’这一行为必须具备法律或行政规章依据，该三元组准确表达了处罚行为与法律依据之间的逻辑关系。
finance,Exp3,外汇管理局 --[类型]-> 行政机关,1.0,1.0,外汇管理局（国家外汇管理局）在法律地位上属于国务院组成部门，性质确为行政机关，术语使用准确，逻辑完全符合金融监管常识。
finance,Exp3,服务事项 --[是]-> 金融监管处罚,0.2,0.2,语义逻辑错误。'服务事项'与'金融监管处罚'属于完全不同的业务范畴，处罚是监管结果或行政行为，而非服务事项的内容，两者之间不存在'是'的包含或等价关系。
environment,Exp2,实施依据 --[是]-> 《排污许可管理条例》,0.4,1.0,三元组逻辑正确。在环境监管语境下，《排污许可管理条例》是企业开展排污活动、政府开展环境行政许可及监管的核心法律依据，关系表述准确。
environment,Exp2,行驶主体 --[是]-> 环境监测站,0.0,0.0,语义逻辑完全错误。'行驶主体'通常指车辆或移动物体，与'环境监测站'（固定设施或机构）之间不存在'是'的从属或等价关系，违反基本常识。
environment,Exp2,"服务事项 --[包括]-> ""未验先投违法生产""",0.2,0.2,语义逻辑错误。“未验先投违法生产”属于违法违规行为或行政处罚事由，不属于“服务事项”的范畴。服务事项通常指行政许可、备案、审批等合规流程。
environment,Exp2,环境执法处罚 --[服务事项]-> 超标排放废水,0.2,0.2,逻辑关系错误。'环境执法处罚'是针对违法行为的法律后果或行政行为，而'超标排放废水'是违法事实或行为本身。两者之间不存在'服务事项'的关系，执法处罚是对超标排放行为的惩戒，而非为其提供服务。
environment,Exp2,"行驶主体 --[是]-> ""自然资源局""",0.2,0.0,语义完全错误。'行驶主体'通常指交通工具或车辆，而'自然资源局'是政府行政管理机构，两者之间不存在'是'的逻辑关系，违反基本常识。
environment,Exp2,实施依据 --[来自]-> 《危险废物经营许可证管理办法》,0.4,1.0,三元组逻辑正确，符合环保行政许可的规范，法律法规文件作为行政行为的实施依据在语义上完全合理。
environment,Exp2,水利局 --[承办机构]-> 环境执法处罚,0.4,0.4,语义逻辑存在偏差。在环境监管体系中，水利局与环境执法处罚之间并非‘承办机构’的关系。环境执法处罚通常由生态环境部门（或综合行政执法部门）执行，水利局主要负责水资源管理及水污染防治相关的行政执法，‘承办机构’这一关系表述过于模糊且不符合环保行政执法规范。
environment,Exp2,"行驶主体 --[是]-> ""市生态环境局""",0.0,0.0,语义完全错误。'行驶主体'通常指交通运输领域的车辆或行人，与'市生态环境局'这一行政监管机构之间不存在任何逻辑或语义上的关联，属于领域错配。
environment,Exp2,水利局 --[承办机构]-> 环境执法处罚,0.2,0.2,语义逻辑错误。水利局属于行政管理部门，‘承办机构’通常用于描述行政流程中的执行主体，而‘环境执法处罚’属于具体的行政行为或法律后果，两者之间并非‘承办机构’的关系。此外，环境执法处罚的主要职责归属于生态环境部门，水利局仅在水资源管理或涉水领域行使职权，该三元组表述模糊且不符合行政监管逻辑。
environment,Exp2,"承办机构 --[是]-> VOCs治理设施未正常运行的,主体",0.6,0.2,语义逻辑严重错误。'承办机构'通常指行政或业务活动的组织方，而'VOCs治理设施未正常运行'属于环境违法行为或违规事实，两者之间不存在'是'的从属或身份关系。在环保监管语境下，应为'被监管主体'或'责任主体'，而非'承办机构'。
environment,Exp2,"服务事项 --[包括]-> ""环境执法处罚：恶臭污染扰民""",0.4,0.8,语义逻辑基本合理，‘环境执法处罚’属于政务服务或监管事项范畴，但‘恶臭污染扰民’更倾向于违法事实或投诉类型，而非标准的服务事项名称，术语表述略显口语化。
environment,Exp2,环境执法处罚 --[实施依据]-> 《建设项目环境保护管理条例》,0.4,1.0,三元组逻辑正确。环境执法处罚的实施依据应当是法律、法规、规章或规范性文件，《建设项目环境保护管理条例》是规范建设项目环评、防治污染等行为的行政法规，作为处罚依据符合环保法律逻辑。
environment,Exp2,应急管理局 --[行驶主体]-> 环境执法处罚,0.2,0.0,语义逻辑错误。'行驶主体'并非描述行政执法行为的合法关系，且应急管理局与环境执法处罚之间不存在‘行驶’这种动作逻辑，关系表述完全不符合环保监管常识。
environment,Exp2,应急管理局 --[承办机构]-> 环境执法处罚,0.4,0.4,在环境监管逻辑中，环境执法处罚通常由生态环境主管部门行使，应急管理局主要负责安全生产监管。虽然在某些突发事件中可能存在协同，但将应急管理局定义为环境执法处罚的‘承办机构’不符合环保行政执法权限的专业表述，存在职能交叉或混淆的逻辑问题。
environment,Exp2,"环境执法处罚 --[涉及问题]-> ""环境应急预案未备案""",1.0,1.0,三元组逻辑正确。'环境应急预案未备案'属于典型的环境违法行为，作为'环境执法处罚'的'涉及问题'（或违法事实）在环保监管逻辑中完全合理，术语使用准确。
environment,Exp2,生态环境部 --[承办机构]-> 环境执法处罚,1.0,0.4,语义逻辑错误。‘承办机构’通常用于描述具体事务或项目的执行主体，而‘环境执法处罚’属于行政执法行为或法律范畴，两者并非‘承办’关系。生态环境部与环境执法处罚之间应为‘行使/执行’或‘管理’关系。
environment,Exp2,镇环保所 --[是]-> 行驶主体,0.2,0.0,语义逻辑错误。'镇环保所'属于行政/事业性质的监管机构，而'行驶主体'通常指交通运输领域中从事车辆驾驶或运输活动的法律主体，两者在环境领域缺乏逻辑关联，且'是'关系属于范畴错误。
environment,Exp2,实施依据 --[是]-> 《中华人民共和国环境影响评价法》,0.8,1.0,三元组逻辑正确，法律法规作为行政行为或环境管理活动的实施依据，其语义关系符合环保法律实务和知识图谱逻辑。
environment,Exp2,行驶主体 --[是]-> 自然资源局,0.2,0.0,语义逻辑完全错误。'行驶主体'通常指车辆、船舶或航空器等交通工具，而'自然资源局'是政府行政管理机构，两者之间不存在'是'的从属或等同关系，违反基本常识。
environment,Exp2,相关文件 --[是]-> 《已废止的某某规定》,0.4,1.0,语义逻辑正确。在知识图谱中，‘相关文件’作为上位概念或关联属性，指向一个‘已废止的规定’在逻辑上是成立的，符合文档属性描述的常识。
environment,Exp2,实施依据 --[是]-> 《中华人民共和国固体废物污染环境防治法》,0.8,1.0,三元组逻辑正确。法律法规是环境监管、行政许可及执法行为的合法性来源，‘实施依据’与具体法律条文之间的关系符合环保行政逻辑和法律常识。
environment,Exp2,"行驶主体 --[是]-> ""环境监察支队""",0.0,0.0,语义逻辑完全错误。'行驶主体'通常指交通工具或车辆，而'环境监察支队'是行政执法机构，两者之间不存在'是'的从属或等同关系，违反基本常识。
environment,Exp2,实施依据 --[是]-> 《中华人民共和国环境保护法》,1.0,1.0,三元组逻辑正确。在环境监管与行政执法语境下，法律法规是行政行为或管理措施的合法性来源，‘实施依据’与《环境保护法》之间的关系符合法律逻辑和环保专业表述。
environment,Exp2,环境执法处罚 --[涉及]-> 固体废物乱堆乱放,1.0,0.8,语义逻辑基本合理，但存在术语搭配不够严谨的问题。在环保专业语境下，‘环境执法处罚’通常是针对‘行为’或‘主体’，而‘固体废物乱堆乱放’属于违法行为描述，更准确的表达应为‘环境执法处罚 --[针对]-> 固体废物乱堆乱放行为’或‘环境执法处罚 --[原因]-> 固体废物乱堆乱放’。
environment,Exp2,环境执法处罚 --[涉及]-> 恶臭污染扰民,1.0,0.4,语义逻辑不匹配。'环境执法处罚'是一种行政行为或法律后果，而'恶臭污染扰民'是一种环境违法事实或现象。执法处罚应当是针对'违法行为'（如违反大气污染防治法）或'责任主体'（如企业），而非直接指向污染现象本身。两者之间缺乏正确的逻辑连接关系。
environment,Exp2,环境执法处罚 --[服务事项]-> 辐射安全管理不规范,0.4,0.2,逻辑关系错误。'环境执法处罚'是行政行为的结果或动作，而'辐射安全管理不规范'是违法违规的事实或原因，两者之间不构成'服务事项'的关系。此外，环境执法处罚通常针对环境污染行为，而辐射安全管理属于放射性污染监管范畴，虽有交叉但术语逻辑错位。
environment,Exp2,权力类型 --[是]-> 行政处罚,0.4,0.4,语义逻辑过于宽泛且不准确。在环境知识图谱中，‘行政处罚’属于‘行政执法’或‘行政行为’的一种类型，而非‘权力类型’的子类。‘权力类型’通常指行政权、立法权等，将‘行政处罚’直接定义为‘权力类型’在法律逻辑和术语分类上存在偏差。
environment,Exp2,环境执法处罚 --[实施依据]-> 《中华人民共和国水污染防治法》,1.0,1.0,三元组逻辑正确。环境执法处罚必须依据法律法规实施，该表述符合环保行政执法程序和法律逻辑。
environment,Exp2,行政处罚 --[权力类型]-> 环境执法处罚,1.0,0.4,语义逻辑错误。'行政处罚'是法律行为或结果，'环境执法处罚'是具体的业务分类，两者之间不存在'权力类型'这种属性关系。通常应该是'环境执法部门'通过'行政处罚'权能实施'环境处罚'，或者'环境执法处罚'属于'行政处罚'的一种类型，而非权力类型。
environment,Exp2,环境执法处罚 --[服务事项]-> 固体废物乱堆乱放,0.4,0.2,语义逻辑错误。'环境执法处罚'是行政行为的结果或动作，'固体废物乱堆乱放'是违法事实或违规行为，两者之间不构成'服务事项'的关系。正确的逻辑应该是：违法行为（固体废物乱堆乱放）导致了执法处罚，或者执法处罚是针对违法行为实施的。
environment,Exp3,某镇环保站 --[类型]-> 镇级环保机构,1.0,0.6,在现行环保行政体制改革后，基层环保站已基本撤销或转型，且‘镇级环保机构’在行政层级表述上不够严谨，通常应为‘乡镇人民政府环保事务部门’或‘基层环保管理机构’，术语使用不够规范。
environment,Exp3,承办机构 --[类型]-> 组织机构,0.8,0.4,该三元组属于通用的本体论定义，而非环境领域的语义三元组。在环境知识图谱中，'承办机构'是一个具体的角色或属性，而'组织机构'是一个类，两者之间的'类型'关系在语义上过于宽泛且缺乏环境领域特异性，无法体现环境监管或污染逻辑。
environment,Exp3,"行驶主体 --[是]-> ""生态环境综合执法支队""",0.0,0.0,语义逻辑完全错误。“行驶主体”通常指交通工具或车辆，而“生态环境综合执法支队”是行政执法机构，两者之间不存在“是”的从属或等同关系，属于概念错位。
environment,Exp3,实施依据 --[是]-> VOCs治理设施未正常运行的法律基础,0.4,0.2,语义逻辑颠倒。'实施依据'应当是'法律基础'的属性或指向，而非'法律基础'是'实施依据'的结果。在知识图谱中，应为'法律基础 --[是]-> 实施依据'或'实施行为 --[依据]-> 法律基础'，当前表述逻辑不通。
environment,Exp3,实施依据 --[依据]-> 中华人民共和国水污染防治法,1.0,1.0,三元组逻辑正确，法律法规是环境行政行为和监管工作的核心实施依据，术语使用准确。
environment,Exp3,水利局 --[承办机构]-> 环境执法处罚,0.2,0.4,语义逻辑存在偏差。水利局属于行政管理部门，‘承办机构’通常用于描述具体行政事务或活动的执行主体，而‘环境执法处罚’属于行政强制/处罚行为，两者并非标准的‘承办-事项’关系。此外，环境执法处罚通常由生态环境部门行使，水利局主要负责水资源管理及水污染防治相关的行政执法，术语表述不够专业且关系定义模糊。
environment,Exp3,环境执法处罚 --[实施依据]-> 《排污许可管理条例》,1.0,1.0,三元组逻辑正确。环境执法处罚的实施依据应当是法律、法规、规章或规范性文件，《排污许可管理条例》作为行政法规，是环境执法中针对排污许可违规行为实施处罚的合法依据。
environment,Exp3,林业局 --[行驶主体]-> 环境执法处罚,0.4,0.4,“行驶主体”并非环保领域的标准专业术语，且“行驶”通常用于交通领域，用于描述执法行为不符合环境监管术语规范；此外，林业局虽具有林业执法权，但在环境知识图谱中，其与“环境执法处罚”的关系应表述为“执行”或“实施”，而非“行驶”。
environment,Exp3,承办机构 --[是]-> 省生态环境厅,0.8,0.0,语义逻辑错误。'承办机构'是一个功能性角色或属性，而非实体类型；'省生态环境厅'是一个具体的行政管理机构。在知识图谱中，不能说一个角色'是'一个机构，应表述为'某项活动/任务 --[承办机构]--> 省生态环境厅'，当前三元组缺乏主语实体，逻辑不成立。
environment,Exp3,环境应急中心 --[是]-> 实施依据来源,0.2,0.0,语义逻辑错误。环境应急中心是执行应急处置任务的机构，而‘实施依据来源’通常指法律法规、标准规范或预案文件，机构本身不能作为‘依据来源’，两者属于完全不同的语义范畴。
environment,Exp3,权力类型 --[是]-> 行政处罚,0.4,0.4,语义逻辑不匹配。'权力类型'是一个抽象的分类概念，而'行政处罚'是具体的法律行为或权力行使的结果，两者之间不存在'是'这种等价包含关系。在知识图谱中，应表述为'行政处罚 --[属于]-> 权力类型'或'行政处罚 --[是]-> 行政强制/行政处罚权'。
environment,Exp3,县生态环境局 --[执行]-> 承办机构,0.6,0.2,语义逻辑错误。在环保监管体系中，‘执行’通常指执行法律法规、标准或执法任务，‘承办机构’并非法律或行政层级中的受监管对象或任务执行对象，两者之间的关系表述模糊且不符合行政管理逻辑。
environment,Exp3,环境执法处罚 --[由]-> 水利局,0.4,0.2,逻辑关系颠倒且主体错位。环境执法处罚是行政行为，通常由环保部门或生态环境局实施，而非‘由’水利局产生；且三元组表达的动作方向与监管逻辑不符，水利局通常是执法主体而非处罚结果的承接者。
environment,Exp3,自然资源局 --[行驶主体]-> 固体废物乱堆乱放,0.2,0.0,语义逻辑完全错误。'行驶主体'并非环境监管或法律术语，且自然资源局与'固体废物乱堆乱放'之间不存在'行驶'关系，逻辑荒谬。
environment,Exp3,环境执法处罚 --[实施依据]-> 《中华人民共和国环境保护法》,1.0,1.0,三元组逻辑正确。环境执法处罚必须依据法律法规实施，《中华人民共和国环境保护法》作为基础性法律，是执法行为的合法性来源，关系表述准确。
environment,Exp3,行政处罚 --[权力类型]-> 环境执法处罚,0.4,0.4,语义逻辑错误。'行政处罚'是法律行为或结果，'环境执法处罚'是具体的业务分类，两者之间不存在'权力类型'这种属性关系。应为'环境执法处罚'属于'行政处罚'的一种类型，或者'环保部门'行使'行政处罚'的权力。
environment,Exp3,市生态环境局 --[实施依据]-> 《畜禽规模养殖污染防治条例》,1.0,1.0,三元组逻辑正确。市级生态环境局作为行政执法主体，其开展环境监管活动必须以法律法规或地方性法规为实施依据，关系表述符合环保行政管理逻辑。
environment,Exp3,承办机构 --[是]-> 镇环保所,0.8,0.2,语义逻辑错误。'承办机构'是一个功能性角色或属性描述，而非具体的组织实体，不能直接‘是’一个行政机构；且在环保监管体系中，镇环保所通常属于基层环保行政力量，其与‘承办机构’之间不存在这种等价的本体关系。
environment,Exp3,生态环境综合执法支队 --[类型]-> 机构,1.0,1.0,三元组表述准确。生态环境综合执法支队属于行政执法机构，其类型属性为“机构”，符合环保组织架构的常识和术语规范。
environment,Exp3,环境执法处罚 --[类型]-> 行政处罚,1.0,0.4,语义逻辑错误。'环境执法处罚'是一个行为或事件，'行政处罚'是该行为的结果或法律性质，两者之间不应是'类型'关系。正确的逻辑应该是'环境执法处罚'属于'行政处罚'的一种，或者'环境执法处罚'包含'处罚决定'等要素。
environment,Exp3,建设项目未批先建 --[是]-> 环境执法处罚的对象,1.0,1.0,语义逻辑完全正确。'建设项目未批先建'属于典型的违法行为，该行为本身即为环境执法处罚的触发原因和对象，符合环保监管逻辑。
environment,Exp3,服务事项 --[包括]-> 环境执法处罚：土壤污染未修复,0.4,0.4,语义逻辑错误。'环境执法处罚'属于行政监管行为或结果，而'土壤污染未修复'属于具体的违法事实或处罚事由，两者之间不构成'服务事项包括违法事实'的包含关系。此外，在政务服务语境下，服务事项通常指行政许可、行政审批等正面事项，而非处罚事项本身。
environment,Exp3,环境执法处罚 --[类型]-> 行政处罚,1.0,0.4,语义逻辑错误。'环境执法处罚'是一个行为或事件，'行政处罚'是该行为的结果或法律性质，两者之间不应是'类型'关系。正确的逻辑应该是'环境执法处罚'属于'行政处罚'的一种，或者'环境执法处罚'包含'处罚决定'等要素。
environment,Exp3,环境执法处罚 --[针对]-> 偷排偷放污染物,1.0,0.4,逻辑主体错误。‘环境执法处罚’是一种行政行为或法律后果，而非行为主体；‘偷排偷放污染物’是一种违法行为。在三元组逻辑中，应该是‘环保部门 --[对]--> 违法行为’或‘违法行为 --[导致]--> 执法处罚’，而非处罚针对行为本身。
environment,Exp3,权力类型 --[是]-> 行政处罚,0.4,0.4,语义逻辑不匹配。'行政处罚'是一种法律行为或法律后果，而非'权力类型'的子集。在环境监管逻辑中，应表述为'环保部门--[行使]-->行政处罚权'或'行政处罚--[属于]-->行政强制/行政处罚行为'，原三元组将行为属性与权力类型直接等同，存在概念范畴错误。
environment,Exp3,水利局 --[执行]-> 环境执法处罚,0.4,0.4,存在职能边界模糊问题。水利局主要负责水资源管理、防洪、水利工程建设等，而‘环境执法处罚’通常属于生态环境部门（原环保局）的法定职责。虽然水利局在水污染防治或涉水违法行为中具有一定的行政处罚权，但将‘执行’作为连接机构与处罚行为的关系表述不够专业，且在环境知识图谱中，该关系容易与生态环境部门的职能混淆。
environment,Exp3,畜禽粪污直排入河 --[涉及事项]-> 环境执法处罚,1.0,1.0,三元组逻辑正确。畜禽粪污直排入河属于典型的环境违法行为，触发环境执法处罚程序，语义表达符合环保监管逻辑。
environment,Exp3,环境执法处罚 --[服务事项]-> 畜禽粪污直排入河,0.4,0.2,语义逻辑错误。'环境执法处罚'是行政行为或结果，'畜禽粪污直排入河'是违法事实或污染行为，两者之间不构成'服务事项'的关系。服务事项通常指行政审批、许可等政务服务，而非处罚行为本身。
environment,Exp3,《中华人民共和国土壤污染防治法》 --[作为]-> 环境执法处罚的依据,1.0,1.0,法律法规作为行政执法行为的依据，符合环境监管逻辑与法律常识，术语使用准确。
environment,Exp3,环境执法处罚 --[类型]-> 行政处罚,1.0,0.4,语义逻辑错误。'环境执法处罚'是一个行为或事件，'行政处罚'是该行为的结果或法律性质，两者之间不应是'类型'关系。正确的逻辑应该是'环境执法处罚'属于'行政处罚'的一种，或者'环境执法处罚'包含'行政处罚'这一动作，目前的表述属于概念层级混淆。
