case_id,input_kind,policy,routed,dirty,triple_f1,exact,cached_calls
environment-08f31c70d080,clean,always,1,0,1.0,1.0,1
environment-08f31c70d080,clean,visible_violations,0,0,1.0,1.0,0
environment-08f31c70d080,clean,never,0,0,1.0,1.0,0
environment-08f31c70d080,extracted,always,1,0,1.0,1.0,1
environment-08f31c70d080,extracted,visible_violations,0,0,1.0,1.0,0
environment-08f31c70d080,extracted,never,0,0,1.0,1.0,0
environment-0c6bdf88582b,clean,always,1,0,1.0,1.0,1
environment-0c6bdf88582b,clean,visible_violations,0,0,1.0,1.0,0
environment-0c6bdf88582b,clean,never,0,0,1.0,1.0,0
environment-0c6bdf88582b,extracted,always,1,1,1.0,1.0,1
environment-0c6bdf88582b,extracted,visible_violations,0,1,0.923076923076923,0.0,0
environment-0c6bdf88582b,extracted,never,0,1,0.923076923076923,0.0,0
environment-0cc2a07302ce,clean,always,1,0,1.0,1.0,1
environment-0cc2a07302ce,clean,visible_violations,0,0,1.0,1.0,0
environment-0cc2a07302ce,clean,never,0,0,1.0,1.0,0
environment-0cc2a07302ce,extracted,always,1,0,1.0,1.0,1
environment-0cc2a07302ce,extracted,visible_violations,0,0,1.0,1.0,0
environment-0cc2a07302ce,extracted,never,0,0,1.0,1.0,0
environment-114d47ef5968,clean,always,1,0,1.0,1.0,1
environment-114d47ef5968,clean,visible_violations,0,0,1.0,1.0,0
environment-114d47ef5968,clean,never,0,0,1.0,1.0,0
environment-114d47ef5968,extracted,always,1,0,1.0,1.0,1
environment-114d47ef5968,extracted,visible_violations,0,0,1.0,1.0,0
environment-114d47ef5968,extracted,never,0,0,1.0,1.0,0
environment-131aae4a913e,clean,always,1,0,1.0,1.0,1
environment-131aae4a913e,clean,visible_violations,0,0,1.0,1.0,0
environment-131aae4a913e,clean,never,0,0,1.0,1.0,0
environment-131aae4a913e,extracted,always,1,0,1.0,1.0,1
environment-131aae4a913e,extracted,visible_violations,0,0,1.0,1.0,0
environment-131aae4a913e,extracted,never,0,0,1.0,1.0,0
environment-1c5352baae54,clean,always,1,0,1.0,1.0,1
environment-1c5352baae54,clean,visible_violations,0,0,1.0,1.0,0
environment-1c5352baae54,clean,never,0,0,1.0,1.0,0
environment-1c5352baae54,extracted,always,1,0,1.0,1.0,1
environment-1c5352baae54,extracted,visible_violations,0,0,1.0,1.0,0
environment-1c5352baae54,extracted,never,0,0,1.0,1.0,0
environment-1c5e4f114bd3,clean,always,1,0,1.0,1.0,1
environment-1c5e4f114bd3,clean,visible_violations,0,0,1.0,1.0,0
environment-1c5e4f114bd3,clean,never,0,0,1.0,1.0,0
environment-1c5e4f114bd3,extracted,always,1,0,1.0,1.0,1
environment-1c5e4f114bd3,extracted,visible_violations,0,0,1.0,1.0,0
environment-1c5e4f114bd3,extracted,never,0,0,1.0,1.0,0
environment-243394657c39,clean,always,1,0,1.0,1.0,1
environment-243394657c39,clean,visible_violations,0,0,1.0,1.0,0
environment-243394657c39,clean,never,0,0,1.0,1.0,0
environment-243394657c39,extracted,always,1,0,1.0,1.0,1
environment-243394657c39,extracted,visible_violations,0,0,1.0,1.0,0
environment-243394657c39,extracted,never,0,0,1.0,1.0,0
environment-269d6428ec21,clean,always,1,0,1.0,1.0,1
environment-269d6428ec21,clean,visible_violations,0,0,1.0,1.0,0
environment-269d6428ec21,clean,never,0,0,1.0,1.0,0
environment-269d6428ec21,extracted,always,1,0,1.0,1.0,1
environment-269d6428ec21,extracted,visible_violations,0,0,1.0,1.0,0
environment-269d6428ec21,extracted,never,0,0,1.0,1.0,0
environment-29ecdbb5e2da,clean,always,1,0,1.0,1.0,1
environment-29ecdbb5e2da,clean,visible_violations,0,0,1.0,1.0,0
environment-29ecdbb5e2da,clean,never,0,0,1.0,1.0,0
environment-29ecdbb5e2da,extracted,always,1,0,1.0,1.0,1
environment-29ecdbb5e2da,extracted,visible_violations,0,0,1.0,1.0,0
environment-29ecdbb5e2da,extracted,never,0,0,1.0,1.0,0
environment-2fdd1fa18a3a,clean,always,1,0,1.0,1.0,1
environment-2fdd1fa18a3a,clean,visible_violations,0,0,1.0,1.0,0
environment-2fdd1fa18a3a,clean,never,0,0,1.0,1.0,0
environment-2fdd1fa18a3a,extracted,always,1,0,1.0,1.0,1
environment-2fdd1fa18a3a,extracted,visible_violations,0,0,1.0,1.0,0
environment-2fdd1fa18a3a,extracted,never,0,0,1.0,1.0,0
environment-3167138e25d4,clean,always,1,0,1.0,1.0,1
environment-3167138e25d4,clean,visible_violations,0,0,1.0,1.0,0
environment-3167138e25d4,clean,never,0,0,1.0,1.0,0
environment-3167138e25d4,extracted,always,1,0,1.0,1.0,1
environment-3167138e25d4,extracted,visible_violations,0,0,1.0,1.0,0
environment-3167138e25d4,extracted,never,0,0,1.0,1.0,0
environment-320f5d37ee44,clean,always,1,0,1.0,1.0,1
environment-320f5d37ee44,clean,visible_violations,0,0,1.0,1.0,0
environment-320f5d37ee44,clean,never,0,0,1.0,1.0,0
environment-320f5d37ee44,extracted,always,1,0,1.0,1.0,1
environment-320f5d37ee44,extracted,visible_violations,0,0,1.0,1.0,0
environment-320f5d37ee44,extracted,never,0,0,1.0,1.0,0
environment-3881a05cffa1,clean,always,1,0,1.0,1.0,1
environment-3881a05cffa1,clean,visible_violations,0,0,1.0,1.0,0
environment-3881a05cffa1,clean,never,0,0,1.0,1.0,0
environment-3881a05cffa1,extracted,always,1,0,1.0,1.0,1
environment-3881a05cffa1,extracted,visible_violations,0,0,1.0,1.0,0
environment-3881a05cffa1,extracted,never,0,0,1.0,1.0,0
environment-38fd486ef1b7,clean,always,1,0,1.0,1.0,1
environment-38fd486ef1b7,clean,visible_violations,0,0,1.0,1.0,0
environment-38fd486ef1b7,clean,never,0,0,1.0,1.0,0
environment-38fd486ef1b7,extracted,always,1,0,1.0,1.0,1
environment-38fd486ef1b7,extracted,visible_violations,0,0,1.0,1.0,0
environment-38fd486ef1b7,extracted,never,0,0,1.0,1.0,0
environment-47f0150f2fe7,clean,always,1,0,1.0,1.0,1
environment-47f0150f2fe7,clean,visible_violations,0,0,1.0,1.0,0
environment-47f0150f2fe7,clean,never,0,0,1.0,1.0,0
environment-47f0150f2fe7,extracted,always,1,0,1.0,1.0,1
environment-47f0150f2fe7,extracted,visible_violations,0,0,1.0,1.0,0
environment-47f0150f2fe7,extracted,never,0,0,1.0,1.0,0
environment-4c4fd0e3970b,clean,always,1,0,1.0,1.0,1
environment-4c4fd0e3970b,clean,visible_violations,0,0,1.0,1.0,0
environment-4c4fd0e3970b,clean,never,0,0,1.0,1.0,0
environment-4c4fd0e3970b,extracted,always,1,0,1.0,1.0,1
environment-4c4fd0e3970b,extracted,visible_violations,0,0,1.0,1.0,0
environment-4c4fd0e3970b,extracted,never,0,0,1.0,1.0,0
environment-4d5c3e883e7b,clean,always,1,0,1.0,1.0,1
environment-4d5c3e883e7b,clean,visible_violations,0,0,1.0,1.0,0
environment-4d5c3e883e7b,clean,never,0,0,1.0,1.0,0
environment-4d5c3e883e7b,extracted,always,1,0,1.0,1.0,1
environment-4d5c3e883e7b,extracted,visible_violations,0,0,1.0,1.0,0
environment-4d5c3e883e7b,extracted,never,0,0,1.0,1.0,0
environment-5201f128f055,clean,always,1,0,1.0,1.0,1
environment-5201f128f055,clean,visible_violations,0,0,1.0,1.0,0
environment-5201f128f055,clean,never,0,0,1.0,1.0,0
environment-5201f128f055,extracted,always,1,0,1.0,1.0,1
environment-5201f128f055,extracted,visible_violations,0,0,1.0,1.0,0
environment-5201f128f055,extracted,never,0,0,1.0,1.0,0
environment-53794df293b9,clean,always,1,0,1.0,1.0,1
environment-53794df293b9,clean,visible_violations,0,0,1.0,1.0,0
environment-53794df293b9,clean,never,0,0,1.0,1.0,0
environment-53794df293b9,extracted,always,1,0,1.0,1.0,1
environment-53794df293b9,extracted,visible_violations,0,0,1.0,1.0,0
environment-53794df293b9,extracted,never,0,0,1.0,1.0,0
environment-549b9cc8bea3,clean,always,1,0,1.0,1.0,1
environment-549b9cc8bea3,clean,visible_violations,0,0,1.0,1.0,0
environment-549b9cc8bea3,clean,never,0,0,1.0,1.0,0
environment-549b9cc8bea3,extracted,always,1,0,1.0,1.0,1
environment-549b9cc8bea3,extracted,visible_violations,0,0,1.0,1.0,0
environment-549b9cc8bea3,extracted,never,0,0,1.0,1.0,0
environment-563aa7b5d8de,clean,always,1,0,1.0,1.0,1
environment-563aa7b5d8de,clean,visible_violations,0,0,1.0,1.0,0
environment-563aa7b5d8de,clean,never,0,0,1.0,1.0,0
environment-563aa7b5d8de,extracted,always,1,0,1.0,1.0,1
environment-563aa7b5d8de,extracted,visible_violations,0,0,1.0,1.0,0
environment-563aa7b5d8de,extracted,never,0,0,1.0,1.0,0
environment-5a0639970911,clean,always,1,0,1.0,1.0,1
environment-5a0639970911,clean,visible_violations,0,0,1.0,1.0,0
environment-5a0639970911,clean,never,0,0,1.0,1.0,0
environment-5a0639970911,extracted,always,1,0,1.0,1.0,1
environment-5a0639970911,extracted,visible_violations,0,0,1.0,1.0,0
environment-5a0639970911,extracted,never,0,0,1.0,1.0,0
environment-5a3e503d4347,clean,always,1,0,1.0,1.0,1
environment-5a3e503d4347,clean,visible_violations,0,0,1.0,1.0,0
environment-5a3e503d4347,clean,never,0,0,1.0,1.0,0
environment-5a3e503d4347,extracted,always,1,0,1.0,1.0,1
environment-5a3e503d4347,extracted,visible_violations,0,0,1.0,1.0,0
environment-5a3e503d4347,extracted,never,0,0,1.0,1.0,0
environment-5bad10ac94ad,clean,always,1,0,1.0,1.0,1
environment-5bad10ac94ad,clean,visible_violations,0,0,1.0,1.0,0
environment-5bad10ac94ad,clean,never,0,0,1.0,1.0,0
environment-5bad10ac94ad,extracted,always,1,0,1.0,1.0,1
environment-5bad10ac94ad,extracted,visible_violations,0,0,1.0,1.0,0
environment-5bad10ac94ad,extracted,never,0,0,1.0,1.0,0
environment-5ea9b2dfede9,clean,always,1,0,1.0,1.0,1
environment-5ea9b2dfede9,clean,visible_violations,0,0,1.0,1.0,0
environment-5ea9b2dfede9,clean,never,0,0,1.0,1.0,0
environment-5ea9b2dfede9,extracted,always,1,0,1.0,1.0,1
environment-5ea9b2dfede9,extracted,visible_violations,0,0,1.0,1.0,0
environment-5ea9b2dfede9,extracted,never,0,0,1.0,1.0,0
environment-6aa1a102a25b,clean,always,1,0,1.0,1.0,1
environment-6aa1a102a25b,clean,visible_violations,0,0,1.0,1.0,0
environment-6aa1a102a25b,clean,never,0,0,1.0,1.0,0
environment-6aa1a102a25b,extracted,always,1,0,1.0,1.0,1
environment-6aa1a102a25b,extracted,visible_violations,0,0,1.0,1.0,0
environment-6aa1a102a25b,extracted,never,0,0,1.0,1.0,0
environment-6cce9316c04c,clean,always,1,0,1.0,1.0,1
environment-6cce9316c04c,clean,visible_violations,0,0,1.0,1.0,0
environment-6cce9316c04c,clean,never,0,0,1.0,1.0,0
environment-6cce9316c04c,extracted,always,1,0,1.0,1.0,1
environment-6cce9316c04c,extracted,visible_violations,0,0,1.0,1.0,0
environment-6cce9316c04c,extracted,never,0,0,1.0,1.0,0
environment-6db751ebec56,clean,always,1,0,1.0,1.0,1
environment-6db751ebec56,clean,visible_violations,0,0,1.0,1.0,0
environment-6db751ebec56,clean,never,0,0,1.0,1.0,0
environment-6db751ebec56,extracted,always,1,0,1.0,1.0,1
environment-6db751ebec56,extracted,visible_violations,0,0,1.0,1.0,0
environment-6db751ebec56,extracted,never,0,0,1.0,1.0,0
environment-6dced1da4463,clean,always,1,0,1.0,1.0,1
environment-6dced1da4463,clean,visible_violations,0,0,1.0,1.0,0
environment-6dced1da4463,clean,never,0,0,1.0,1.0,0
environment-6dced1da4463,extracted,always,1,0,1.0,1.0,1
environment-6dced1da4463,extracted,visible_violations,0,0,1.0,1.0,0
environment-6dced1da4463,extracted,never,0,0,1.0,1.0,0
environment-6e7826456f25,clean,always,1,0,1.0,1.0,1
environment-6e7826456f25,clean,visible_violations,0,0,1.0,1.0,0
environment-6e7826456f25,clean,never,0,0,1.0,1.0,0
environment-6e7826456f25,extracted,always,1,0,1.0,1.0,1
environment-6e7826456f25,extracted,visible_violations,0,0,1.0,1.0,0
environment-6e7826456f25,extracted,never,0,0,1.0,1.0,0
environment-79cb9f7c7242,clean,always,1,0,1.0,1.0,1
environment-79cb9f7c7242,clean,visible_violations,0,0,1.0,1.0,0
environment-79cb9f7c7242,clean,never,0,0,1.0,1.0,0
environment-79cb9f7c7242,extracted,always,1,0,1.0,1.0,1
environment-79cb9f7c7242,extracted,visible_violations,0,0,1.0,1.0,0
environment-79cb9f7c7242,extracted,never,0,0,1.0,1.0,0
environment-7a53fc223f49,clean,always,1,0,1.0,1.0,1
environment-7a53fc223f49,clean,visible_violations,0,0,1.0,1.0,0
environment-7a53fc223f49,clean,never,0,0,1.0,1.0,0
environment-7a53fc223f49,extracted,always,1,0,1.0,1.0,1
environment-7a53fc223f49,extracted,visible_violations,0,0,1.0,1.0,0
environment-7a53fc223f49,extracted,never,0,0,1.0,1.0,0
environment-7cc9ffda6577,clean,always,1,0,1.0,1.0,1
environment-7cc9ffda6577,clean,visible_violations,0,0,1.0,1.0,0
environment-7cc9ffda6577,clean,never,0,0,1.0,1.0,0
environment-7cc9ffda6577,extracted,always,1,1,1.0,1.0,1
environment-7cc9ffda6577,extracted,visible_violations,0,1,0.923076923076923,0.0,0
environment-7cc9ffda6577,extracted,never,0,1,0.923076923076923,0.0,0
environment-7fa21989e54b,clean,always,1,0,1.0,1.0,1
environment-7fa21989e54b,clean,visible_violations,0,0,1.0,1.0,0
environment-7fa21989e54b,clean,never,0,0,1.0,1.0,0
environment-7fa21989e54b,extracted,always,1,0,1.0,1.0,1
environment-7fa21989e54b,extracted,visible_violations,0,0,1.0,1.0,0
environment-7fa21989e54b,extracted,never,0,0,1.0,1.0,0
environment-8133c6cc066f,clean,always,1,0,1.0,1.0,1
environment-8133c6cc066f,clean,visible_violations,0,0,1.0,1.0,0
environment-8133c6cc066f,clean,never,0,0,1.0,1.0,0
environment-8133c6cc066f,extracted,always,1,0,1.0,1.0,1
environment-8133c6cc066f,extracted,visible_violations,0,0,1.0,1.0,0
environment-8133c6cc066f,extracted,never,0,0,1.0,1.0,0
environment-83515ec171d1,clean,always,1,0,1.0,1.0,1
environment-83515ec171d1,clean,visible_violations,0,0,1.0,1.0,0
environment-83515ec171d1,clean,never,0,0,1.0,1.0,0
environment-83515ec171d1,extracted,always,1,1,1.0,1.0,1
environment-83515ec171d1,extracted,visible_violations,0,1,0.923076923076923,0.0,0
environment-83515ec171d1,extracted,never,0,1,0.923076923076923,0.0,0
environment-86fe686db66d,clean,always,1,0,1.0,1.0,1
environment-86fe686db66d,clean,visible_violations,0,0,1.0,1.0,0
environment-86fe686db66d,clean,never,0,0,1.0,1.0,0
environment-86fe686db66d,extracted,always,1,0,1.0,1.0,1
environment-86fe686db66d,extracted,visible_violations,0,0,1.0,1.0,0
environment-86fe686db66d,extracted,never,0,0,1.0,1.0,0
environment-881c0e7d9761,clean,always,1,0,1.0,1.0,1
environment-881c0e7d9761,clean,visible_violations,0,0,1.0,1.0,0
environment-881c0e7d9761,clean,never,0,0,1.0,1.0,0
environment-881c0e7d9761,extracted,always,1,0,1.0,1.0,1
environment-881c0e7d9761,extracted,visible_violations,0,0,1.0,1.0,0
environment-881c0e7d9761,extracted,never,0,0,1.0,1.0,0
environment-8f82d82a5158,clean,always,1,0,1.0,1.0,1
environment-8f82d82a5158,clean,visible_violations,0,0,1.0,1.0,0
environment-8f82d82a5158,clean,never,0,0,1.0,1.0,0
environment-8f82d82a5158,extracted,always,1,0,1.0,1.0,1
environment-8f82d82a5158,extracted,visible_violations,0,0,1.0,1.0,0
environment-8f82d82a5158,extracted,never,0,0,1.0,1.0,0
environment-97367a3e7abe,clean,always,1,0,1.0,1.0,1
environment-97367a3e7abe,clean,visible_violations,0,0,1.0,1.0,0
environment-97367a3e7abe,clean,never,0,0,1.0,1.0,0
environment-97367a3e7abe,extracted,always,1,0,1.0,1.0,1
environment-97367a3e7abe,extracted,visible_violations,0,0,1.0,1.0,0
environment-97367a3e7abe,extracted,never,0,0,1.0,1.0,0
environment-97a02c0a8570,clean,always,1,0,1.0,1.0,1
environment-97a02c0a8570,clean,visible_violations,0,0,1.0,1.0,0
environment-97a02c0a8570,clean,never,0,0,1.0,1.0,0
environment-97a02c0a8570,extracted,always,1,0,1.0,1.0,1
environment-97a02c0a8570,extracted,visible_violations,0,0,1.0,1.0,0
environment-97a02c0a8570,extracted,never,0,0,1.0,1.0,0
environment-9bc6c831d815,clean,always,1,0,1.0,1.0,1
environment-9bc6c831d815,clean,visible_violations,0,0,1.0,1.0,0
environment-9bc6c831d815,clean,never,0,0,1.0,1.0,0
environment-9bc6c831d815,extracted,always,1,0,1.0,1.0,1
environment-9bc6c831d815,extracted,visible_violations,0,0,1.0,1.0,0
environment-9bc6c831d815,extracted,never,0,0,1.0,1.0,0
environment-9c3ab0518483,clean,always,1,0,1.0,1.0,1
environment-9c3ab0518483,clean,visible_violations,0,0,1.0,1.0,0
environment-9c3ab0518483,clean,never,0,0,1.0,1.0,0
environment-9c3ab0518483,extracted,always,1,1,1.0,1.0,1
environment-9c3ab0518483,extracted,visible_violations,0,1,0.923076923076923,0.0,0
environment-9c3ab0518483,extracted,never,0,1,0.923076923076923,0.0,0
environment-9d45c9c3e169,clean,always,1,0,1.0,1.0,1
environment-9d45c9c3e169,clean,visible_violations,0,0,1.0,1.0,0
environment-9d45c9c3e169,clean,never,0,0,1.0,1.0,0
environment-9d45c9c3e169,extracted,always,1,0,1.0,1.0,1
environment-9d45c9c3e169,extracted,visible_violations,0,0,1.0,1.0,0
environment-9d45c9c3e169,extracted,never,0,0,1.0,1.0,0
environment-9db536bb5481,clean,always,1,0,1.0,1.0,1
environment-9db536bb5481,clean,visible_violations,0,0,1.0,1.0,0
environment-9db536bb5481,clean,never,0,0,1.0,1.0,0
environment-9db536bb5481,extracted,always,1,0,1.0,1.0,1
environment-9db536bb5481,extracted,visible_violations,0,0,1.0,1.0,0
environment-9db536bb5481,extracted,never,0,0,1.0,1.0,0
environment-a27e6935c7d3,clean,always,1,0,1.0,1.0,1
environment-a27e6935c7d3,clean,visible_violations,0,0,1.0,1.0,0
environment-a27e6935c7d3,clean,never,0,0,1.0,1.0,0
environment-a27e6935c7d3,extracted,always,1,0,1.0,1.0,1
environment-a27e6935c7d3,extracted,visible_violations,0,0,1.0,1.0,0
environment-a27e6935c7d3,extracted,never,0,0,1.0,1.0,0
environment-a34b1a59b069,clean,always,1,0,1.0,1.0,1
environment-a34b1a59b069,clean,visible_violations,0,0,1.0,1.0,0
environment-a34b1a59b069,clean,never,0,0,1.0,1.0,0
environment-a34b1a59b069,extracted,always,1,0,1.0,1.0,1
environment-a34b1a59b069,extracted,visible_violations,0,0,1.0,1.0,0
environment-a34b1a59b069,extracted,never,0,0,1.0,1.0,0
environment-b10c2ad002c7,clean,always,1,0,1.0,1.0,1
environment-b10c2ad002c7,clean,visible_violations,0,0,1.0,1.0,0
environment-b10c2ad002c7,clean,never,0,0,1.0,1.0,0
environment-b10c2ad002c7,extracted,always,1,0,1.0,1.0,1
environment-b10c2ad002c7,extracted,visible_violations,0,0,1.0,1.0,0
environment-b10c2ad002c7,extracted,never,0,0,1.0,1.0,0
environment-b46968fd65e3,clean,always,1,0,1.0,1.0,1
environment-b46968fd65e3,clean,visible_violations,0,0,1.0,1.0,0
environment-b46968fd65e3,clean,never,0,0,1.0,1.0,0
environment-b46968fd65e3,extracted,always,1,0,1.0,1.0,1
environment-b46968fd65e3,extracted,visible_violations,0,0,1.0,1.0,0
environment-b46968fd65e3,extracted,never,0,0,1.0,1.0,0
environment-ba287414223a,clean,always,1,0,1.0,1.0,1
environment-ba287414223a,clean,visible_violations,0,0,1.0,1.0,0
environment-ba287414223a,clean,never,0,0,1.0,1.0,0
environment-ba287414223a,extracted,always,1,0,1.0,1.0,1
environment-ba287414223a,extracted,visible_violations,0,0,1.0,1.0,0
environment-ba287414223a,extracted,never,0,0,1.0,1.0,0
environment-be1577847f91,clean,always,1,0,1.0,1.0,1
environment-be1577847f91,clean,visible_violations,0,0,1.0,1.0,0
environment-be1577847f91,clean,never,0,0,1.0,1.0,0
environment-be1577847f91,extracted,always,1,0,1.0,1.0,1
environment-be1577847f91,extracted,visible_violations,0,0,1.0,1.0,0
environment-be1577847f91,extracted,never,0,0,1.0,1.0,0
environment-c319ffb1ccdb,clean,always,1,0,1.0,1.0,1
environment-c319ffb1ccdb,clean,visible_violations,0,0,1.0,1.0,0
environment-c319ffb1ccdb,clean,never,0,0,1.0,1.0,0
environment-c319ffb1ccdb,extracted,always,1,0,1.0,1.0,1
environment-c319ffb1ccdb,extracted,visible_violations,0,0,1.0,1.0,0
environment-c319ffb1ccdb,extracted,never,0,0,1.0,1.0,0
environment-c5faa69a302d,clean,always,1,0,1.0,1.0,1
environment-c5faa69a302d,clean,visible_violations,0,0,1.0,1.0,0
environment-c5faa69a302d,clean,never,0,0,1.0,1.0,0
environment-c5faa69a302d,extracted,always,1,0,1.0,1.0,1
environment-c5faa69a302d,extracted,visible_violations,0,0,1.0,1.0,0
environment-c5faa69a302d,extracted,never,0,0,1.0,1.0,0
environment-cd30ae6d9612,clean,always,1,0,1.0,1.0,1
environment-cd30ae6d9612,clean,visible_violations,0,0,1.0,1.0,0
environment-cd30ae6d9612,clean,never,0,0,1.0,1.0,0
environment-cd30ae6d9612,extracted,always,1,0,1.0,1.0,1
environment-cd30ae6d9612,extracted,visible_violations,0,0,1.0,1.0,0
environment-cd30ae6d9612,extracted,never,0,0,1.0,1.0,0
environment-d07bfc701074,clean,always,1,0,1.0,1.0,1
environment-d07bfc701074,clean,visible_violations,0,0,1.0,1.0,0
environment-d07bfc701074,clean,never,0,0,1.0,1.0,0
environment-d07bfc701074,extracted,always,1,0,1.0,1.0,1
environment-d07bfc701074,extracted,visible_violations,0,0,1.0,1.0,0
environment-d07bfc701074,extracted,never,0,0,1.0,1.0,0
environment-d0a4c0b22648,clean,always,1,0,1.0,1.0,1
environment-d0a4c0b22648,clean,visible_violations,0,0,1.0,1.0,0
environment-d0a4c0b22648,clean,never,0,0,1.0,1.0,0
environment-d0a4c0b22648,extracted,always,1,0,1.0,1.0,1
environment-d0a4c0b22648,extracted,visible_violations,0,0,1.0,1.0,0
environment-d0a4c0b22648,extracted,never,0,0,1.0,1.0,0
environment-d1003fff57d3,clean,always,1,0,1.0,1.0,1
environment-d1003fff57d3,clean,visible_violations,0,0,1.0,1.0,0
environment-d1003fff57d3,clean,never,0,0,1.0,1.0,0
environment-d1003fff57d3,extracted,always,1,0,1.0,1.0,1
environment-d1003fff57d3,extracted,visible_violations,0,0,1.0,1.0,0
environment-d1003fff57d3,extracted,never,0,0,1.0,1.0,0
environment-d85e94093ccf,clean,always,1,0,1.0,1.0,1
environment-d85e94093ccf,clean,visible_violations,0,0,1.0,1.0,0
environment-d85e94093ccf,clean,never,0,0,1.0,1.0,0
environment-d85e94093ccf,extracted,always,1,0,1.0,1.0,1
environment-d85e94093ccf,extracted,visible_violations,0,0,1.0,1.0,0
environment-d85e94093ccf,extracted,never,0,0,1.0,1.0,0
environment-d9632e3ceaea,clean,always,1,0,1.0,1.0,1
environment-d9632e3ceaea,clean,visible_violations,0,0,1.0,1.0,0
environment-d9632e3ceaea,clean,never,0,0,1.0,1.0,0
environment-d9632e3ceaea,extracted,always,1,0,1.0,1.0,1
environment-d9632e3ceaea,extracted,visible_violations,0,0,1.0,1.0,0
environment-d9632e3ceaea,extracted,never,0,0,1.0,1.0,0
environment-e6d105bc6108,clean,always,1,0,1.0,1.0,1
environment-e6d105bc6108,clean,visible_violations,0,0,1.0,1.0,0
environment-e6d105bc6108,clean,never,0,0,1.0,1.0,0
environment-e6d105bc6108,extracted,always,1,0,1.0,1.0,1
environment-e6d105bc6108,extracted,visible_violations,0,0,1.0,1.0,0
environment-e6d105bc6108,extracted,never,0,0,1.0,1.0,0
environment-e8fa022eb8f4,clean,always,1,0,1.0,1.0,1
environment-e8fa022eb8f4,clean,visible_violations,0,0,1.0,1.0,0
environment-e8fa022eb8f4,clean,never,0,0,1.0,1.0,0
environment-e8fa022eb8f4,extracted,always,1,0,1.0,1.0,1
environment-e8fa022eb8f4,extracted,visible_violations,0,0,1.0,1.0,0
environment-e8fa022eb8f4,extracted,never,0,0,1.0,1.0,0
environment-e93e62a9c5dc,clean,always,1,0,1.0,1.0,1
environment-e93e62a9c5dc,clean,visible_violations,0,0,1.0,1.0,0
environment-e93e62a9c5dc,clean,never,0,0,1.0,1.0,0
environment-e93e62a9c5dc,extracted,always,1,0,1.0,1.0,1
environment-e93e62a9c5dc,extracted,visible_violations,0,0,1.0,1.0,0
environment-e93e62a9c5dc,extracted,never,0,0,1.0,1.0,0
environment-e9800521eb9e,clean,always,1,0,1.0,1.0,1
environment-e9800521eb9e,clean,visible_violations,0,0,1.0,1.0,0
environment-e9800521eb9e,clean,never,0,0,1.0,1.0,0
environment-e9800521eb9e,extracted,always,1,0,1.0,1.0,1
environment-e9800521eb9e,extracted,visible_violations,0,0,1.0,1.0,0
environment-e9800521eb9e,extracted,never,0,0,1.0,1.0,0
environment-ea4bd75fc6b6,clean,always,1,0,1.0,1.0,1
environment-ea4bd75fc6b6,clean,visible_violations,0,0,1.0,1.0,0
environment-ea4bd75fc6b6,clean,never,0,0,1.0,1.0,0
environment-ea4bd75fc6b6,extracted,always,1,0,1.0,1.0,1
environment-ea4bd75fc6b6,extracted,visible_violations,0,0,1.0,1.0,0
environment-ea4bd75fc6b6,extracted,never,0,0,1.0,1.0,0
environment-eaf5a5cb5f20,clean,always,1,0,1.0,1.0,1
environment-eaf5a5cb5f20,clean,visible_violations,0,0,1.0,1.0,0
environment-eaf5a5cb5f20,clean,never,0,0,1.0,1.0,0
environment-eaf5a5cb5f20,extracted,always,1,0,1.0,1.0,1
environment-eaf5a5cb5f20,extracted,visible_violations,0,0,1.0,1.0,0
environment-eaf5a5cb5f20,extracted,never,0,0,1.0,1.0,0
environment-eb202076a891,clean,always,1,0,1.0,1.0,1
environment-eb202076a891,clean,visible_violations,0,0,1.0,1.0,0
environment-eb202076a891,clean,never,0,0,1.0,1.0,0
environment-eb202076a891,extracted,always,1,0,1.0,1.0,1
environment-eb202076a891,extracted,visible_violations,0,0,1.0,1.0,0
environment-eb202076a891,extracted,never,0,0,1.0,1.0,0
environment-eba5ef1e95ca,clean,always,1,0,1.0,1.0,1
environment-eba5ef1e95ca,clean,visible_violations,0,0,1.0,1.0,0
environment-eba5ef1e95ca,clean,never,0,0,1.0,1.0,0
environment-eba5ef1e95ca,extracted,always,1,0,1.0,1.0,1
environment-eba5ef1e95ca,extracted,visible_violations,0,0,1.0,1.0,0
environment-eba5ef1e95ca,extracted,never,0,0,1.0,1.0,0
environment-eeae7a82c6b7,clean,always,1,0,1.0,1.0,1
environment-eeae7a82c6b7,clean,visible_violations,0,0,1.0,1.0,0
environment-eeae7a82c6b7,clean,never,0,0,1.0,1.0,0
environment-eeae7a82c6b7,extracted,always,1,0,1.0,1.0,1
environment-eeae7a82c6b7,extracted,visible_violations,0,0,1.0,1.0,0
environment-eeae7a82c6b7,extracted,never,0,0,1.0,1.0,0
environment-f3188f3e4ca9,clean,always,1,0,1.0,1.0,1
environment-f3188f3e4ca9,clean,visible_violations,0,0,1.0,1.0,0
environment-f3188f3e4ca9,clean,never,0,0,1.0,1.0,0
environment-f3188f3e4ca9,extracted,always,1,0,1.0,1.0,1
environment-f3188f3e4ca9,extracted,visible_violations,0,0,1.0,1.0,0
environment-f3188f3e4ca9,extracted,never,0,0,1.0,1.0,0
environment-f3b91239aa3d,clean,always,1,0,1.0,1.0,1
environment-f3b91239aa3d,clean,visible_violations,0,0,1.0,1.0,0
environment-f3b91239aa3d,clean,never,0,0,1.0,1.0,0
environment-f3b91239aa3d,extracted,always,1,0,1.0,1.0,1
environment-f3b91239aa3d,extracted,visible_violations,0,0,1.0,1.0,0
environment-f3b91239aa3d,extracted,never,0,0,1.0,1.0,0
environment-f5e29159a058,clean,always,1,0,1.0,1.0,1
environment-f5e29159a058,clean,visible_violations,0,0,1.0,1.0,0
environment-f5e29159a058,clean,never,0,0,1.0,1.0,0
environment-f5e29159a058,extracted,always,1,0,1.0,1.0,1
environment-f5e29159a058,extracted,visible_violations,0,0,1.0,1.0,0
environment-f5e29159a058,extracted,never,0,0,1.0,1.0,0
environment-f73871bd51ba,clean,always,1,0,1.0,1.0,1
environment-f73871bd51ba,clean,visible_violations,0,0,1.0,1.0,0
environment-f73871bd51ba,clean,never,0,0,1.0,1.0,0
environment-f73871bd51ba,extracted,always,1,0,1.0,1.0,1
environment-f73871bd51ba,extracted,visible_violations,0,0,1.0,1.0,0
environment-f73871bd51ba,extracted,never,0,0,1.0,1.0,0
environment-fab407a396a1,clean,always,1,0,1.0,1.0,1
environment-fab407a396a1,clean,visible_violations,0,0,1.0,1.0,0
environment-fab407a396a1,clean,never,0,0,1.0,1.0,0
environment-fab407a396a1,extracted,always,1,0,1.0,1.0,1
environment-fab407a396a1,extracted,visible_violations,0,0,1.0,1.0,0
environment-fab407a396a1,extracted,never,0,0,1.0,1.0,0
environment-fe552181f4cc,clean,always,1,0,1.0,1.0,1
environment-fe552181f4cc,clean,visible_violations,0,0,1.0,1.0,0
environment-fe552181f4cc,clean,never,0,0,1.0,1.0,0
environment-fe552181f4cc,extracted,always,1,0,1.0,1.0,1
environment-fe552181f4cc,extracted,visible_violations,0,0,1.0,1.0,0
environment-fe552181f4cc,extracted,never,0,0,1.0,1.0,0
finance-0258ae926423,clean,always,1,0,1.0,1.0,1
finance-0258ae926423,clean,visible_violations,0,0,1.0,1.0,0
finance-0258ae926423,clean,never,0,0,1.0,1.0,0
finance-0258ae926423,extracted,always,1,0,1.0,1.0,1
finance-0258ae926423,extracted,visible_violations,0,0,1.0,1.0,0
finance-0258ae926423,extracted,never,0,0,1.0,1.0,0
finance-0578051bec55,clean,always,1,0,1.0,1.0,1
finance-0578051bec55,clean,visible_violations,0,0,1.0,1.0,0
finance-0578051bec55,clean,never,0,0,1.0,1.0,0
finance-0578051bec55,extracted,always,1,0,1.0,1.0,1
finance-0578051bec55,extracted,visible_violations,0,0,1.0,1.0,0
finance-0578051bec55,extracted,never,0,0,1.0,1.0,0
finance-0599b493f8df,clean,always,1,0,1.0,1.0,1
finance-0599b493f8df,clean,visible_violations,0,0,1.0,1.0,0
finance-0599b493f8df,clean,never,0,0,1.0,1.0,0
finance-0599b493f8df,extracted,always,1,0,1.0,1.0,1
finance-0599b493f8df,extracted,visible_violations,0,0,1.0,1.0,0
finance-0599b493f8df,extracted,never,0,0,1.0,1.0,0
finance-0940112f81b2,clean,always,1,0,1.0,1.0,1
finance-0940112f81b2,clean,visible_violations,0,0,1.0,1.0,0
finance-0940112f81b2,clean,never,0,0,1.0,1.0,0
finance-0940112f81b2,extracted,always,1,0,1.0,1.0,1
finance-0940112f81b2,extracted,visible_violations,0,0,1.0,1.0,0
finance-0940112f81b2,extracted,never,0,0,1.0,1.0,0
finance-0ece511b91b7,clean,always,1,0,1.0,1.0,1
finance-0ece511b91b7,clean,visible_violations,0,0,1.0,1.0,0
finance-0ece511b91b7,clean,never,0,0,1.0,1.0,0
finance-0ece511b91b7,extracted,always,1,0,1.0,1.0,1
finance-0ece511b91b7,extracted,visible_violations,0,0,1.0,1.0,0
finance-0ece511b91b7,extracted,never,0,0,1.0,1.0,0
finance-11d9ca639481,clean,always,1,0,1.0,1.0,1
finance-11d9ca639481,clean,visible_violations,0,0,1.0,1.0,0
finance-11d9ca639481,clean,never,0,0,1.0,1.0,0
finance-11d9ca639481,extracted,always,1,0,1.0,1.0,1
finance-11d9ca639481,extracted,visible_violations,0,0,1.0,1.0,0
finance-11d9ca639481,extracted,never,0,0,1.0,1.0,0
finance-181bbc50a53b,clean,always,1,0,1.0,1.0,1
finance-181bbc50a53b,clean,visible_violations,0,0,1.0,1.0,0
finance-181bbc50a53b,clean,never,0,0,1.0,1.0,0
finance-181bbc50a53b,extracted,always,1,0,1.0,1.0,1
finance-181bbc50a53b,extracted,visible_violations,0,0,1.0,1.0,0
finance-181bbc50a53b,extracted,never,0,0,1.0,1.0,0
finance-1d7bb07a73aa,clean,always,1,0,1.0,1.0,1
finance-1d7bb07a73aa,clean,visible_violations,0,0,1.0,1.0,0
finance-1d7bb07a73aa,clean,never,0,0,1.0,1.0,0
finance-1d7bb07a73aa,extracted,always,1,0,1.0,1.0,1
finance-1d7bb07a73aa,extracted,visible_violations,0,0,1.0,1.0,0
finance-1d7bb07a73aa,extracted,never,0,0,1.0,1.0,0
finance-2c5481123672,clean,always,1,0,1.0,1.0,1
finance-2c5481123672,clean,visible_violations,0,0,1.0,1.0,0
finance-2c5481123672,clean,never,0,0,1.0,1.0,0
finance-2c5481123672,extracted,always,1,0,1.0,1.0,1
finance-2c5481123672,extracted,visible_violations,0,0,1.0,1.0,0
finance-2c5481123672,extracted,never,0,0,1.0,1.0,0
finance-2f5191a50246,clean,always,1,0,1.0,1.0,1
finance-2f5191a50246,clean,visible_violations,0,0,1.0,1.0,0
finance-2f5191a50246,clean,never,0,0,1.0,1.0,0
finance-2f5191a50246,extracted,always,1,0,1.0,1.0,1
finance-2f5191a50246,extracted,visible_violations,0,0,1.0,1.0,0
finance-2f5191a50246,extracted,never,0,0,1.0,1.0,0
finance-31f9ee73acbf,clean,always,1,0,1.0,1.0,1
finance-31f9ee73acbf,clean,visible_violations,0,0,1.0,1.0,0
finance-31f9ee73acbf,clean,never,0,0,1.0,1.0,0
finance-31f9ee73acbf,extracted,always,1,0,1.0,1.0,1
finance-31f9ee73acbf,extracted,visible_violations,0,0,1.0,1.0,0
finance-31f9ee73acbf,extracted,never,0,0,1.0,1.0,0
finance-323400020ae8,clean,always,1,0,1.0,1.0,1
finance-323400020ae8,clean,visible_violations,0,0,1.0,1.0,0
finance-323400020ae8,clean,never,0,0,1.0,1.0,0
finance-323400020ae8,extracted,always,1,0,1.0,1.0,1
finance-323400020ae8,extracted,visible_violations,0,0,1.0,1.0,0
finance-323400020ae8,extracted,never,0,0,1.0,1.0,0
finance-37536b6f83b2,clean,always,1,0,1.0,1.0,1
finance-37536b6f83b2,clean,visible_violations,0,0,1.0,1.0,0
finance-37536b6f83b2,clean,never,0,0,1.0,1.0,0
finance-37536b6f83b2,extracted,always,1,0,1.0,1.0,1
finance-37536b6f83b2,extracted,visible_violations,0,0,1.0,1.0,0
finance-37536b6f83b2,extracted,never,0,0,1.0,1.0,0
finance-396b0d02c4c1,clean,always,1,0,1.0,1.0,1
finance-396b0d02c4c1,clean,visible_violations,0,0,1.0,1.0,0
finance-396b0d02c4c1,clean,never,0,0,1.0,1.0,0
finance-396b0d02c4c1,extracted,always,1,0,1.0,1.0,1
finance-396b0d02c4c1,extracted,visible_violations,0,0,1.0,1.0,0
finance-396b0d02c4c1,extracted,never,0,0,1.0,1.0,0
finance-39b9d6db8c9e,clean,always,1,0,1.0,1.0,1
finance-39b9d6db8c9e,clean,visible_violations,0,0,1.0,1.0,0
finance-39b9d6db8c9e,clean,never,0,0,1.0,1.0,0
finance-39b9d6db8c9e,extracted,always,1,0,1.0,1.0,1
finance-39b9d6db8c9e,extracted,visible_violations,0,0,1.0,1.0,0
finance-39b9d6db8c9e,extracted,never,0,0,1.0,1.0,0
finance-3bcd31489d79,clean,always,1,0,1.0,1.0,1
finance-3bcd31489d79,clean,visible_violations,0,0,1.0,1.0,0
finance-3bcd31489d79,clean,never,0,0,1.0,1.0,0
finance-3bcd31489d79,extracted,always,1,0,1.0,1.0,1
finance-3bcd31489d79,extracted,visible_violations,0,0,1.0,1.0,0
finance-3bcd31489d79,extracted,never,0,0,1.0,1.0,0
finance-3e0d22d382e3,clean,always,1,0,1.0,1.0,1
finance-3e0d22d382e3,clean,visible_violations,0,0,1.0,1.0,0
finance-3e0d22d382e3,clean,never,0,0,1.0,1.0,0
finance-3e0d22d382e3,extracted,always,1,0,1.0,1.0,1
finance-3e0d22d382e3,extracted,visible_violations,0,0,1.0,1.0,0
finance-3e0d22d382e3,extracted,never,0,0,1.0,1.0,0
finance-40192c28bd08,clean,always,1,0,1.0,1.0,1
finance-40192c28bd08,clean,visible_violations,0,0,1.0,1.0,0
finance-40192c28bd08,clean,never,0,0,1.0,1.0,0
finance-40192c28bd08,extracted,always,1,0,1.0,1.0,1
finance-40192c28bd08,extracted,visible_violations,0,0,1.0,1.0,0
finance-40192c28bd08,extracted,never,0,0,1.0,1.0,0
finance-47fc6b850968,clean,always,1,0,1.0,1.0,1
finance-47fc6b850968,clean,visible_violations,0,0,1.0,1.0,0
finance-47fc6b850968,clean,never,0,0,1.0,1.0,0
finance-47fc6b850968,extracted,always,1,0,1.0,1.0,1
finance-47fc6b850968,extracted,visible_violations,0,0,1.0,1.0,0
finance-47fc6b850968,extracted,never,0,0,1.0,1.0,0
finance-48ea238a01c0,clean,always,1,0,1.0,1.0,1
finance-48ea238a01c0,clean,visible_violations,0,0,1.0,1.0,0
finance-48ea238a01c0,clean,never,0,0,1.0,1.0,0
finance-48ea238a01c0,extracted,always,1,0,1.0,1.0,1
finance-48ea238a01c0,extracted,visible_violations,0,0,1.0,1.0,0
finance-48ea238a01c0,extracted,never,0,0,1.0,1.0,0
finance-4a22308e43a6,clean,always,1,0,1.0,1.0,1
finance-4a22308e43a6,clean,visible_violations,0,0,1.0,1.0,0
finance-4a22308e43a6,clean,never,0,0,1.0,1.0,0
finance-4a22308e43a6,extracted,always,1,0,1.0,1.0,1
finance-4a22308e43a6,extracted,visible_violations,0,0,1.0,1.0,0
finance-4a22308e43a6,extracted,never,0,0,1.0,1.0,0
finance-4ff4450cf2b3,clean,always,1,0,1.0,1.0,1
finance-4ff4450cf2b3,clean,visible_violations,0,0,1.0,1.0,0
finance-4ff4450cf2b3,clean,never,0,0,1.0,1.0,0
finance-4ff4450cf2b3,extracted,always,1,0,1.0,1.0,1
finance-4ff4450cf2b3,extracted,visible_violations,0,0,1.0,1.0,0
finance-4ff4450cf2b3,extracted,never,0,0,1.0,1.0,0
finance-5179b466c23a,clean,always,1,0,1.0,1.0,1
finance-5179b466c23a,clean,visible_violations,0,0,1.0,1.0,0
finance-5179b466c23a,clean,never,0,0,1.0,1.0,0
finance-5179b466c23a,extracted,always,1,0,1.0,1.0,1
finance-5179b466c23a,extracted,visible_violations,0,0,1.0,1.0,0
finance-5179b466c23a,extracted,never,0,0,1.0,1.0,0
finance-5199d42b0532,clean,always,1,0,1.0,1.0,1
finance-5199d42b0532,clean,visible_violations,0,0,1.0,1.0,0
finance-5199d42b0532,clean,never,0,0,1.0,1.0,0
finance-5199d42b0532,extracted,always,1,0,1.0,1.0,1
finance-5199d42b0532,extracted,visible_violations,0,0,1.0,1.0,0
finance-5199d42b0532,extracted,never,0,0,1.0,1.0,0
finance-520d023d07ef,clean,always,1,0,1.0,1.0,1
finance-520d023d07ef,clean,visible_violations,0,0,1.0,1.0,0
finance-520d023d07ef,clean,never,0,0,1.0,1.0,0
finance-520d023d07ef,extracted,always,1,0,1.0,1.0,1
finance-520d023d07ef,extracted,visible_violations,0,0,1.0,1.0,0
finance-520d023d07ef,extracted,never,0,0,1.0,1.0,0
finance-5545d33c1ef2,clean,always,1,0,1.0,1.0,1
finance-5545d33c1ef2,clean,visible_violations,0,0,1.0,1.0,0
finance-5545d33c1ef2,clean,never,0,0,1.0,1.0,0
finance-5545d33c1ef2,extracted,always,1,0,1.0,1.0,1
finance-5545d33c1ef2,extracted,visible_violations,0,0,1.0,1.0,0
finance-5545d33c1ef2,extracted,never,0,0,1.0,1.0,0
finance-581016adab6a,clean,always,1,0,1.0,1.0,1
finance-581016adab6a,clean,visible_violations,0,0,1.0,1.0,0
finance-581016adab6a,clean,never,0,0,1.0,1.0,0
finance-581016adab6a,extracted,always,1,0,1.0,1.0,1
finance-581016adab6a,extracted,visible_violations,0,0,1.0,1.0,0
finance-581016adab6a,extracted,never,0,0,1.0,1.0,0
finance-592539c48ee2,clean,always,1,0,1.0,1.0,1
finance-592539c48ee2,clean,visible_violations,0,0,1.0,1.0,0
finance-592539c48ee2,clean,never,0,0,1.0,1.0,0
finance-592539c48ee2,extracted,always,1,0,1.0,1.0,1
finance-592539c48ee2,extracted,visible_violations,0,0,1.0,1.0,0
finance-592539c48ee2,extracted,never,0,0,1.0,1.0,0
finance-59275155982c,clean,always,1,0,1.0,1.0,1
finance-59275155982c,clean,visible_violations,0,0,1.0,1.0,0
finance-59275155982c,clean,never,0,0,1.0,1.0,0
finance-59275155982c,extracted,always,1,0,1.0,1.0,1
finance-59275155982c,extracted,visible_violations,0,0,1.0,1.0,0
finance-59275155982c,extracted,never,0,0,1.0,1.0,0
finance-5a5fd68db3d7,clean,always,1,0,1.0,1.0,1
finance-5a5fd68db3d7,clean,visible_violations,0,0,1.0,1.0,0
finance-5a5fd68db3d7,clean,never,0,0,1.0,1.0,0
finance-5a5fd68db3d7,extracted,always,1,0,1.0,1.0,1
finance-5a5fd68db3d7,extracted,visible_violations,0,0,1.0,1.0,0
finance-5a5fd68db3d7,extracted,never,0,0,1.0,1.0,0
finance-64518520eadc,clean,always,1,0,1.0,1.0,1
finance-64518520eadc,clean,visible_violations,0,0,1.0,1.0,0
finance-64518520eadc,clean,never,0,0,1.0,1.0,0
finance-64518520eadc,extracted,always,1,0,1.0,1.0,1
finance-64518520eadc,extracted,visible_violations,0,0,1.0,1.0,0
finance-64518520eadc,extracted,never,0,0,1.0,1.0,0
finance-66beaf013776,clean,always,1,0,1.0,1.0,1
finance-66beaf013776,clean,visible_violations,0,0,1.0,1.0,0
finance-66beaf013776,clean,never,0,0,1.0,1.0,0
finance-66beaf013776,extracted,always,1,0,1.0,1.0,1
finance-66beaf013776,extracted,visible_violations,0,0,1.0,1.0,0
finance-66beaf013776,extracted,never,0,0,1.0,1.0,0
finance-6a47f782244b,clean,always,1,0,1.0,1.0,1
finance-6a47f782244b,clean,visible_violations,0,0,1.0,1.0,0
finance-6a47f782244b,clean,never,0,0,1.0,1.0,0
finance-6a47f782244b,extracted,always,1,0,1.0,1.0,1
finance-6a47f782244b,extracted,visible_violations,0,0,1.0,1.0,0
finance-6a47f782244b,extracted,never,0,0,1.0,1.0,0
finance-6b8de3f87f41,clean,always,1,0,1.0,1.0,1
finance-6b8de3f87f41,clean,visible_violations,0,0,1.0,1.0,0
finance-6b8de3f87f41,clean,never,0,0,1.0,1.0,0
finance-6b8de3f87f41,extracted,always,1,0,1.0,1.0,1
finance-6b8de3f87f41,extracted,visible_violations,0,0,1.0,1.0,0
finance-6b8de3f87f41,extracted,never,0,0,1.0,1.0,0
finance-6fa9c9e7a6f6,clean,always,1,0,1.0,1.0,1
finance-6fa9c9e7a6f6,clean,visible_violations,0,0,1.0,1.0,0
finance-6fa9c9e7a6f6,clean,never,0,0,1.0,1.0,0
finance-6fa9c9e7a6f6,extracted,always,1,0,1.0,1.0,1
finance-6fa9c9e7a6f6,extracted,visible_violations,0,0,1.0,1.0,0
finance-6fa9c9e7a6f6,extracted,never,0,0,1.0,1.0,0
finance-73dd7d6d78cf,clean,always,1,0,1.0,1.0,1
finance-73dd7d6d78cf,clean,visible_violations,0,0,1.0,1.0,0
finance-73dd7d6d78cf,clean,never,0,0,1.0,1.0,0
finance-73dd7d6d78cf,extracted,always,1,0,1.0,1.0,1
finance-73dd7d6d78cf,extracted,visible_violations,0,0,1.0,1.0,0
finance-73dd7d6d78cf,extracted,never,0,0,1.0,1.0,0
finance-75558a639292,clean,always,1,0,1.0,1.0,1
finance-75558a639292,clean,visible_violations,0,0,1.0,1.0,0
finance-75558a639292,clean,never,0,0,1.0,1.0,0
finance-75558a639292,extracted,always,1,0,1.0,1.0,1
finance-75558a639292,extracted,visible_violations,0,0,1.0,1.0,0
finance-75558a639292,extracted,never,0,0,1.0,1.0,0
finance-78f460e94d77,clean,always,1,0,1.0,1.0,1
finance-78f460e94d77,clean,visible_violations,0,0,1.0,1.0,0
finance-78f460e94d77,clean,never,0,0,1.0,1.0,0
finance-78f460e94d77,extracted,always,1,0,1.0,1.0,1
finance-78f460e94d77,extracted,visible_violations,0,0,1.0,1.0,0
finance-78f460e94d77,extracted,never,0,0,1.0,1.0,0
finance-79b78aabe361,clean,always,1,0,1.0,1.0,1
finance-79b78aabe361,clean,visible_violations,0,0,1.0,1.0,0
finance-79b78aabe361,clean,never,0,0,1.0,1.0,0
finance-79b78aabe361,extracted,always,1,0,1.0,1.0,1
finance-79b78aabe361,extracted,visible_violations,0,0,1.0,1.0,0
finance-79b78aabe361,extracted,never,0,0,1.0,1.0,0
finance-79d05b4fd693,clean,always,1,0,1.0,1.0,1
finance-79d05b4fd693,clean,visible_violations,0,0,1.0,1.0,0
finance-79d05b4fd693,clean,never,0,0,1.0,1.0,0
finance-79d05b4fd693,extracted,always,1,0,1.0,1.0,1
finance-79d05b4fd693,extracted,visible_violations,0,0,1.0,1.0,0
finance-79d05b4fd693,extracted,never,0,0,1.0,1.0,0
finance-7a3abe60b8c1,clean,always,1,0,1.0,1.0,1
finance-7a3abe60b8c1,clean,visible_violations,0,0,1.0,1.0,0
finance-7a3abe60b8c1,clean,never,0,0,1.0,1.0,0
finance-7a3abe60b8c1,extracted,always,1,0,1.0,1.0,1
finance-7a3abe60b8c1,extracted,visible_violations,0,0,1.0,1.0,0
finance-7a3abe60b8c1,extracted,never,0,0,1.0,1.0,0
finance-7bafc5095d7a,clean,always,1,0,1.0,1.0,1
finance-7bafc5095d7a,clean,visible_violations,0,0,1.0,1.0,0
finance-7bafc5095d7a,clean,never,0,0,1.0,1.0,0
finance-7bafc5095d7a,extracted,always,1,0,1.0,1.0,1
finance-7bafc5095d7a,extracted,visible_violations,0,0,1.0,1.0,0
finance-7bafc5095d7a,extracted,never,0,0,1.0,1.0,0
finance-80ef2586c066,clean,always,1,0,1.0,1.0,1
finance-80ef2586c066,clean,visible_violations,0,0,1.0,1.0,0
finance-80ef2586c066,clean,never,0,0,1.0,1.0,0
finance-80ef2586c066,extracted,always,1,0,1.0,1.0,1
finance-80ef2586c066,extracted,visible_violations,0,0,1.0,1.0,0
finance-80ef2586c066,extracted,never,0,0,1.0,1.0,0
finance-81030330ed63,clean,always,1,0,1.0,1.0,1
finance-81030330ed63,clean,visible_violations,0,0,1.0,1.0,0
finance-81030330ed63,clean,never,0,0,1.0,1.0,0
finance-81030330ed63,extracted,always,1,0,1.0,1.0,1
finance-81030330ed63,extracted,visible_violations,0,0,1.0,1.0,0
finance-81030330ed63,extracted,never,0,0,1.0,1.0,0
finance-84efec7f73d8,clean,always,1,0,1.0,1.0,1
finance-84efec7f73d8,clean,visible_violations,0,0,1.0,1.0,0
finance-84efec7f73d8,clean,never,0,0,1.0,1.0,0
finance-84efec7f73d8,extracted,always,1,0,1.0,1.0,1
finance-84efec7f73d8,extracted,visible_violations,0,0,1.0,1.0,0
finance-84efec7f73d8,extracted,never,0,0,1.0,1.0,0
finance-931a8626ef8a,clean,always,1,0,1.0,1.0,1
finance-931a8626ef8a,clean,visible_violations,0,0,1.0,1.0,0
finance-931a8626ef8a,clean,never,0,0,1.0,1.0,0
finance-931a8626ef8a,extracted,always,1,0,1.0,1.0,1
finance-931a8626ef8a,extracted,visible_violations,0,0,1.0,1.0,0
finance-931a8626ef8a,extracted,never,0,0,1.0,1.0,0
finance-97d47c18ea2b,clean,always,1,0,1.0,1.0,1
finance-97d47c18ea2b,clean,visible_violations,0,0,1.0,1.0,0
finance-97d47c18ea2b,clean,never,0,0,1.0,1.0,0
finance-97d47c18ea2b,extracted,always,1,0,1.0,1.0,1
finance-97d47c18ea2b,extracted,visible_violations,0,0,1.0,1.0,0
finance-97d47c18ea2b,extracted,never,0,0,1.0,1.0,0
finance-97f957049a10,clean,always,1,0,1.0,1.0,1
finance-97f957049a10,clean,visible_violations,0,0,1.0,1.0,0
finance-97f957049a10,clean,never,0,0,1.0,1.0,0
finance-97f957049a10,extracted,always,1,0,1.0,1.0,1
finance-97f957049a10,extracted,visible_violations,0,0,1.0,1.0,0
finance-97f957049a10,extracted,never,0,0,1.0,1.0,0
finance-9a945f147086,clean,always,1,0,1.0,1.0,1
finance-9a945f147086,clean,visible_violations,0,0,1.0,1.0,0
finance-9a945f147086,clean,never,0,0,1.0,1.0,0
finance-9a945f147086,extracted,always,1,0,1.0,1.0,1
finance-9a945f147086,extracted,visible_violations,0,0,1.0,1.0,0
finance-9a945f147086,extracted,never,0,0,1.0,1.0,0
finance-9ceb7891c03a,clean,always,1,0,1.0,1.0,1
finance-9ceb7891c03a,clean,visible_violations,0,0,1.0,1.0,0
finance-9ceb7891c03a,clean,never,0,0,1.0,1.0,0
finance-9ceb7891c03a,extracted,always,1,0,1.0,1.0,1
finance-9ceb7891c03a,extracted,visible_violations,0,0,1.0,1.0,0
finance-9ceb7891c03a,extracted,never,0,0,1.0,1.0,0
finance-9f847b0db31e,clean,always,1,0,1.0,1.0,1
finance-9f847b0db31e,clean,visible_violations,0,0,1.0,1.0,0
finance-9f847b0db31e,clean,never,0,0,1.0,1.0,0
finance-9f847b0db31e,extracted,always,1,0,1.0,1.0,1
finance-9f847b0db31e,extracted,visible_violations,0,0,1.0,1.0,0
finance-9f847b0db31e,extracted,never,0,0,1.0,1.0,0
finance-a5483f04f340,clean,always,1,0,1.0,1.0,1
finance-a5483f04f340,clean,visible_violations,0,0,1.0,1.0,0
finance-a5483f04f340,clean,never,0,0,1.0,1.0,0
finance-a5483f04f340,extracted,always,1,0,1.0,1.0,1
finance-a5483f04f340,extracted,visible_violations,0,0,1.0,1.0,0
finance-a5483f04f340,extracted,never,0,0,1.0,1.0,0
finance-a6cc2cb52688,clean,always,1,0,1.0,1.0,1
finance-a6cc2cb52688,clean,visible_violations,0,0,1.0,1.0,0
finance-a6cc2cb52688,clean,never,0,0,1.0,1.0,0
finance-a6cc2cb52688,extracted,always,1,0,1.0,1.0,1
finance-a6cc2cb52688,extracted,visible_violations,0,0,1.0,1.0,0
finance-a6cc2cb52688,extracted,never,0,0,1.0,1.0,0
finance-a745080223bf,clean,always,1,0,1.0,1.0,1
finance-a745080223bf,clean,visible_violations,0,0,1.0,1.0,0
finance-a745080223bf,clean,never,0,0,1.0,1.0,0
finance-a745080223bf,extracted,always,1,0,1.0,1.0,1
finance-a745080223bf,extracted,visible_violations,0,0,1.0,1.0,0
finance-a745080223bf,extracted,never,0,0,1.0,1.0,0
finance-a900d528b3fa,clean,always,1,0,1.0,1.0,1
finance-a900d528b3fa,clean,visible_violations,0,0,1.0,1.0,0
finance-a900d528b3fa,clean,never,0,0,1.0,1.0,0
finance-a900d528b3fa,extracted,always,1,0,1.0,1.0,1
finance-a900d528b3fa,extracted,visible_violations,0,0,1.0,1.0,0
finance-a900d528b3fa,extracted,never,0,0,1.0,1.0,0
finance-b1a8a06efabf,clean,always,1,0,1.0,1.0,1
finance-b1a8a06efabf,clean,visible_violations,0,0,1.0,1.0,0
finance-b1a8a06efabf,clean,never,0,0,1.0,1.0,0
finance-b1a8a06efabf,extracted,always,1,0,1.0,1.0,1
finance-b1a8a06efabf,extracted,visible_violations,0,0,1.0,1.0,0
finance-b1a8a06efabf,extracted,never,0,0,1.0,1.0,0
finance-bad6e73569ee,clean,always,1,0,1.0,1.0,1
finance-bad6e73569ee,clean,visible_violations,0,0,1.0,1.0,0
finance-bad6e73569ee,clean,never,0,0,1.0,1.0,0
finance-bad6e73569ee,extracted,always,1,0,1.0,1.0,1
finance-bad6e73569ee,extracted,visible_violations,0,0,1.0,1.0,0
finance-bad6e73569ee,extracted,never,0,0,1.0,1.0,0
finance-bb5fb7b7d03f,clean,always,1,0,1.0,1.0,1
finance-bb5fb7b7d03f,clean,visible_violations,0,0,1.0,1.0,0
finance-bb5fb7b7d03f,clean,never,0,0,1.0,1.0,0
finance-bb5fb7b7d03f,extracted,always,1,0,1.0,1.0,1
finance-bb5fb7b7d03f,extracted,visible_violations,0,0,1.0,1.0,0
finance-bb5fb7b7d03f,extracted,never,0,0,1.0,1.0,0
finance-c895a4eeedf3,clean,always,1,0,1.0,1.0,1
finance-c895a4eeedf3,clean,visible_violations,0,0,1.0,1.0,0
finance-c895a4eeedf3,clean,never,0,0,1.0,1.0,0
finance-c895a4eeedf3,extracted,always,1,0,1.0,1.0,1
finance-c895a4eeedf3,extracted,visible_violations,0,0,1.0,1.0,0
finance-c895a4eeedf3,extracted,never,0,0,1.0,1.0,0
finance-d1f7e7797294,clean,always,1,0,1.0,1.0,1
finance-d1f7e7797294,clean,visible_violations,0,0,1.0,1.0,0
finance-d1f7e7797294,clean,never,0,0,1.0,1.0,0
finance-d1f7e7797294,extracted,always,1,0,1.0,1.0,1
finance-d1f7e7797294,extracted,visible_violations,0,0,1.0,1.0,0
finance-d1f7e7797294,extracted,never,0,0,1.0,1.0,0
finance-d3a217f9eddd,clean,always,1,0,1.0,1.0,1
finance-d3a217f9eddd,clean,visible_violations,0,0,1.0,1.0,0
finance-d3a217f9eddd,clean,never,0,0,1.0,1.0,0
finance-d3a217f9eddd,extracted,always,1,0,1.0,1.0,1
finance-d3a217f9eddd,extracted,visible_violations,0,0,1.0,1.0,0
finance-d3a217f9eddd,extracted,never,0,0,1.0,1.0,0
finance-d514846505b0,clean,always,1,0,1.0,1.0,1
finance-d514846505b0,clean,visible_violations,0,0,1.0,1.0,0
finance-d514846505b0,clean,never,0,0,1.0,1.0,0
finance-d514846505b0,extracted,always,1,0,1.0,1.0,1
finance-d514846505b0,extracted,visible_violations,0,0,1.0,1.0,0
finance-d514846505b0,extracted,never,0,0,1.0,1.0,0
finance-d89ee01fffea,clean,always,1,0,1.0,1.0,1
finance-d89ee01fffea,clean,visible_violations,0,0,1.0,1.0,0
finance-d89ee01fffea,clean,never,0,0,1.0,1.0,0
finance-d89ee01fffea,extracted,always,1,0,1.0,1.0,1
finance-d89ee01fffea,extracted,visible_violations,0,0,1.0,1.0,0
finance-d89ee01fffea,extracted,never,0,0,1.0,1.0,0
finance-d96d6b7bc0af,clean,always,1,0,1.0,1.0,1
finance-d96d6b7bc0af,clean,visible_violations,0,0,1.0,1.0,0
finance-d96d6b7bc0af,clean,never,0,0,1.0,1.0,0
finance-d96d6b7bc0af,extracted,always,1,0,1.0,1.0,1
finance-d96d6b7bc0af,extracted,visible_violations,0,0,1.0,1.0,0
finance-d96d6b7bc0af,extracted,never,0,0,1.0,1.0,0
finance-dab29f031fec,clean,always,1,0,1.0,1.0,1
finance-dab29f031fec,clean,visible_violations,0,0,1.0,1.0,0
finance-dab29f031fec,clean,never,0,0,1.0,1.0,0
finance-dab29f031fec,extracted,always,1,0,1.0,1.0,1
finance-dab29f031fec,extracted,visible_violations,0,0,1.0,1.0,0
finance-dab29f031fec,extracted,never,0,0,1.0,1.0,0
finance-db344b3c5597,clean,always,1,0,1.0,1.0,1
finance-db344b3c5597,clean,visible_violations,0,0,1.0,1.0,0
finance-db344b3c5597,clean,never,0,0,1.0,1.0,0
finance-db344b3c5597,extracted,always,1,0,1.0,1.0,1
finance-db344b3c5597,extracted,visible_violations,0,0,1.0,1.0,0
finance-db344b3c5597,extracted,never,0,0,1.0,1.0,0
finance-dd577eca5376,clean,always,1,0,1.0,1.0,1
finance-dd577eca5376,clean,visible_violations,0,0,1.0,1.0,0
finance-dd577eca5376,clean,never,0,0,1.0,1.0,0
finance-dd577eca5376,extracted,always,1,0,1.0,1.0,1
finance-dd577eca5376,extracted,visible_violations,0,0,1.0,1.0,0
finance-dd577eca5376,extracted,never,0,0,1.0,1.0,0
finance-e4f32f55fcaa,clean,always,1,0,1.0,1.0,1
finance-e4f32f55fcaa,clean,visible_violations,0,0,1.0,1.0,0
finance-e4f32f55fcaa,clean,never,0,0,1.0,1.0,0
finance-e4f32f55fcaa,extracted,always,1,0,1.0,1.0,1
finance-e4f32f55fcaa,extracted,visible_violations,0,0,1.0,1.0,0
finance-e4f32f55fcaa,extracted,never,0,0,1.0,1.0,0
finance-e5cefe6486f6,clean,always,1,0,1.0,1.0,1
finance-e5cefe6486f6,clean,visible_violations,0,0,1.0,1.0,0
finance-e5cefe6486f6,clean,never,0,0,1.0,1.0,0
finance-e5cefe6486f6,extracted,always,1,0,1.0,1.0,1
finance-e5cefe6486f6,extracted,visible_violations,0,0,1.0,1.0,0
finance-e5cefe6486f6,extracted,never,0,0,1.0,1.0,0
finance-eb8e8950a296,clean,always,1,0,1.0,1.0,1
finance-eb8e8950a296,clean,visible_violations,0,0,1.0,1.0,0
finance-eb8e8950a296,clean,never,0,0,1.0,1.0,0
finance-eb8e8950a296,extracted,always,1,0,1.0,1.0,1
finance-eb8e8950a296,extracted,visible_violations,0,0,1.0,1.0,0
finance-eb8e8950a296,extracted,never,0,0,1.0,1.0,0
finance-ebe4be7a1419,clean,always,1,0,1.0,1.0,1
finance-ebe4be7a1419,clean,visible_violations,0,0,1.0,1.0,0
finance-ebe4be7a1419,clean,never,0,0,1.0,1.0,0
finance-ebe4be7a1419,extracted,always,1,0,1.0,1.0,1
finance-ebe4be7a1419,extracted,visible_violations,0,0,1.0,1.0,0
finance-ebe4be7a1419,extracted,never,0,0,1.0,1.0,0
finance-ec0f916cd849,clean,always,1,0,1.0,1.0,1
finance-ec0f916cd849,clean,visible_violations,0,0,1.0,1.0,0
finance-ec0f916cd849,clean,never,0,0,1.0,1.0,0
finance-ec0f916cd849,extracted,always,1,0,1.0,1.0,1
finance-ec0f916cd849,extracted,visible_violations,0,0,1.0,1.0,0
finance-ec0f916cd849,extracted,never,0,0,1.0,1.0,0
finance-ee6a443c2562,clean,always,1,0,1.0,1.0,1
finance-ee6a443c2562,clean,visible_violations,0,0,1.0,1.0,0
finance-ee6a443c2562,clean,never,0,0,1.0,1.0,0
finance-ee6a443c2562,extracted,always,1,0,1.0,1.0,1
finance-ee6a443c2562,extracted,visible_violations,0,0,1.0,1.0,0
finance-ee6a443c2562,extracted,never,0,0,1.0,1.0,0
finance-fb959eef6800,clean,always,1,0,1.0,1.0,1
finance-fb959eef6800,clean,visible_violations,0,0,1.0,1.0,0
finance-fb959eef6800,clean,never,0,0,1.0,1.0,0
finance-fb959eef6800,extracted,always,1,0,1.0,1.0,1
finance-fb959eef6800,extracted,visible_violations,0,0,1.0,1.0,0
finance-fb959eef6800,extracted,never,0,0,1.0,1.0,0
finance-ffe5d4112c11,clean,always,1,0,1.0,1.0,1
finance-ffe5d4112c11,clean,visible_violations,0,0,1.0,1.0,0
finance-ffe5d4112c11,clean,never,0,0,1.0,1.0,0
finance-ffe5d4112c11,extracted,always,1,0,1.0,1.0,1
finance-ffe5d4112c11,extracted,visible_violations,0,0,1.0,1.0,0
finance-ffe5d4112c11,extracted,never,0,0,1.0,1.0,0
government-0133725f2f34,clean,always,1,0,1.0,1.0,1
government-0133725f2f34,clean,visible_violations,0,0,1.0,1.0,0
government-0133725f2f34,clean,never,0,0,1.0,1.0,0
government-0133725f2f34,extracted,always,1,1,0.7692307692307692,0.0,1
government-0133725f2f34,extracted,visible_violations,0,1,0.7692307692307692,0.0,0
government-0133725f2f34,extracted,never,0,1,0.7692307692307692,0.0,0
government-08f42137d50f,clean,always,1,0,1.0,1.0,1
government-08f42137d50f,clean,visible_violations,0,0,1.0,1.0,0
government-08f42137d50f,clean,never,0,0,1.0,1.0,0
government-08f42137d50f,extracted,always,1,1,0.7692307692307692,0.0,1
government-08f42137d50f,extracted,visible_violations,0,1,0.7142857142857143,0.0,0
government-08f42137d50f,extracted,never,0,1,0.7142857142857143,0.0,0
government-0aada7eebec8,clean,always,1,0,0.923076923076923,0.0,1
government-0aada7eebec8,clean,visible_violations,0,0,1.0,1.0,0
government-0aada7eebec8,clean,never,0,0,1.0,1.0,0
government-0aada7eebec8,extracted,always,1,1,0.7692307692307692,0.0,1
government-0aada7eebec8,extracted,visible_violations,1,1,0.7692307692307692,0.0,1
government-0aada7eebec8,extracted,never,0,1,0.7692307692307692,0.0,0
government-10a48db0d2e7,clean,always,1,0,1.0,1.0,1
government-10a48db0d2e7,clean,visible_violations,0,0,1.0,1.0,0
government-10a48db0d2e7,clean,never,0,0,1.0,1.0,0
government-10a48db0d2e7,extracted,always,1,1,0.923076923076923,0.0,1
government-10a48db0d2e7,extracted,visible_violations,1,1,0.923076923076923,0.0,1
government-10a48db0d2e7,extracted,never,0,1,0.7142857142857143,0.0,0
government-123148e99b2a,clean,always,1,0,1.0,1.0,1
government-123148e99b2a,clean,visible_violations,0,0,1.0,1.0,0
government-123148e99b2a,clean,never,0,0,1.0,1.0,0
government-123148e99b2a,extracted,always,1,1,0.6666666666666666,0.0,1
government-123148e99b2a,extracted,visible_violations,0,1,0.0,0.0,0
government-123148e99b2a,extracted,never,0,1,0.0,0.0,0
government-1872a3147127,clean,always,1,0,1.0,1.0,1
government-1872a3147127,clean,visible_violations,0,0,1.0,1.0,0
government-1872a3147127,clean,never,0,0,1.0,1.0,0
government-1872a3147127,extracted,always,1,1,0.7142857142857143,0.0,1
government-1872a3147127,extracted,visible_violations,0,1,0.7142857142857143,0.0,0
government-1872a3147127,extracted,never,0,1,0.7142857142857143,0.0,0
government-1b02073ace3b,clean,always,1,0,0.8571428571428571,0.0,1
government-1b02073ace3b,clean,visible_violations,0,0,1.0,1.0,0
government-1b02073ace3b,clean,never,0,0,1.0,1.0,0
government-1b02073ace3b,extracted,always,1,1,0.8333333333333333,0.0,1
government-1b02073ace3b,extracted,visible_violations,1,1,0.8333333333333333,0.0,1
government-1b02073ace3b,extracted,never,0,1,0.7142857142857143,0.0,0
government-1d0146f05f63,clean,always,1,0,0.0,0.0,1
government-1d0146f05f63,clean,visible_violations,0,0,1.0,1.0,0
government-1d0146f05f63,clean,never,0,0,1.0,1.0,0
government-1d0146f05f63,extracted,always,1,1,0.7142857142857143,0.0,1
government-1d0146f05f63,extracted,visible_violations,1,1,0.7142857142857143,0.0,1
government-1d0146f05f63,extracted,never,0,1,0.7142857142857143,0.0,0
government-1e0b7611abe9,clean,always,1,0,1.0,1.0,1
government-1e0b7611abe9,clean,visible_violations,0,0,1.0,1.0,0
government-1e0b7611abe9,clean,never,0,0,1.0,1.0,0
government-1e0b7611abe9,extracted,always,1,1,0.7142857142857143,0.0,1
government-1e0b7611abe9,extracted,visible_violations,0,1,0.7142857142857143,0.0,0
government-1e0b7611abe9,extracted,never,0,1,0.7142857142857143,0.0,0
government-2259afc0e111,clean,always,1,0,1.0,1.0,1
government-2259afc0e111,clean,visible_violations,0,0,1.0,1.0,0
government-2259afc0e111,clean,never,0,0,1.0,1.0,0
government-2259afc0e111,extracted,always,1,1,0.7692307692307692,0.0,1
government-2259afc0e111,extracted,visible_violations,1,1,0.7692307692307692,0.0,1
government-2259afc0e111,extracted,never,0,1,0.7142857142857143,0.0,0
government-267561303433,clean,always,1,0,1.0,1.0,1
government-267561303433,clean,visible_violations,0,0,1.0,1.0,0
government-267561303433,clean,never,0,0,1.0,1.0,0
government-267561303433,extracted,always,1,1,0.8333333333333333,0.0,1
government-267561303433,extracted,visible_violations,0,1,0.8333333333333333,0.0,0
government-267561303433,extracted,never,0,1,0.8333333333333333,0.0,0
government-27ceaef34223,clean,always,1,0,1.0,1.0,1
government-27ceaef34223,clean,visible_violations,0,0,1.0,1.0,0
government-27ceaef34223,clean,never,0,0,1.0,1.0,0
government-27ceaef34223,extracted,always,1,1,0.8571428571428571,0.0,1
government-27ceaef34223,extracted,visible_violations,0,1,0.0,0.0,0
government-27ceaef34223,extracted,never,0,1,0.0,0.0,0
government-28de1bc53024,clean,always,1,0,0.8571428571428571,0.0,1
government-28de1bc53024,clean,visible_violations,0,0,1.0,1.0,0
government-28de1bc53024,clean,never,0,0,1.0,1.0,0
government-28de1bc53024,extracted,always,1,1,0.8333333333333333,0.0,1
government-28de1bc53024,extracted,visible_violations,1,1,0.8333333333333333,0.0,1
government-28de1bc53024,extracted,never,0,1,0.7142857142857143,0.0,0
government-2ae5e35394e4,clean,always,1,0,1.0,1.0,1
government-2ae5e35394e4,clean,visible_violations,0,0,1.0,1.0,0
government-2ae5e35394e4,clean,never,0,0,1.0,1.0,0
government-2ae5e35394e4,extracted,always,1,1,0.7142857142857143,0.0,1
government-2ae5e35394e4,extracted,visible_violations,0,1,0.7142857142857143,0.0,0
government-2ae5e35394e4,extracted,never,0,1,0.7142857142857143,0.0,0
government-2b05bdf976f6,clean,always,1,0,1.0,1.0,1
government-2b05bdf976f6,clean,visible_violations,0,0,1.0,1.0,0
government-2b05bdf976f6,clean,never,0,0,1.0,1.0,0
government-2b05bdf976f6,extracted,always,1,1,0.8333333333333333,0.0,1
government-2b05bdf976f6,extracted,visible_violations,0,1,0.0,0.0,0
government-2b05bdf976f6,extracted,never,0,1,0.0,0.0,0
government-2fc4dd65e576,clean,always,1,0,1.0,1.0,1
government-2fc4dd65e576,clean,visible_violations,0,0,1.0,1.0,0
government-2fc4dd65e576,clean,never,0,0,1.0,1.0,0
government-2fc4dd65e576,extracted,always,1,1,0.7692307692307692,0.0,1
government-2fc4dd65e576,extracted,visible_violations,1,1,0.7692307692307692,0.0,1
government-2fc4dd65e576,extracted,never,0,1,0.7142857142857143,0.0,0
government-2ff87373f537,clean,always,1,0,1.0,1.0,1
government-2ff87373f537,clean,visible_violations,0,0,1.0,1.0,0
government-2ff87373f537,clean,never,0,0,1.0,1.0,0
government-2ff87373f537,extracted,always,1,1,0.8333333333333333,0.0,1
government-2ff87373f537,extracted,visible_violations,0,1,0.7272727272727273,0.0,0
government-2ff87373f537,extracted,never,0,1,0.7272727272727273,0.0,0
government-3235e3648e32,clean,always,1,0,1.0,1.0,1
government-3235e3648e32,clean,visible_violations,0,0,1.0,1.0,0
government-3235e3648e32,clean,never,0,0,1.0,1.0,0
government-3235e3648e32,extracted,always,1,1,0.8333333333333333,0.0,1
government-3235e3648e32,extracted,visible_violations,0,1,0.0,0.0,0
government-3235e3648e32,extracted,never,0,1,0.0,0.0,0
government-38d8e7495369,clean,always,1,0,1.0,1.0,1
government-38d8e7495369,clean,visible_violations,0,0,1.0,1.0,0
government-38d8e7495369,clean,never,0,0,1.0,1.0,0
government-38d8e7495369,extracted,always,1,1,0.7692307692307692,0.0,1
government-38d8e7495369,extracted,visible_violations,0,1,0.7142857142857143,0.0,0
government-38d8e7495369,extracted,never,0,1,0.7142857142857143,0.0,0
government-3973dc6cd196,clean,always,1,0,1.0,1.0,1
government-3973dc6cd196,clean,visible_violations,0,0,1.0,1.0,0
government-3973dc6cd196,clean,never,0,0,1.0,1.0,0
government-3973dc6cd196,extracted,always,1,1,0.7142857142857143,0.0,1
government-3973dc6cd196,extracted,visible_violations,0,1,0.7142857142857143,0.0,0
government-3973dc6cd196,extracted,never,0,1,0.7142857142857143,0.0,0
government-3a5514dd8f33,clean,always,1,0,1.0,1.0,1
government-3a5514dd8f33,clean,visible_violations,0,0,1.0,1.0,0
government-3a5514dd8f33,clean,never,0,0,1.0,1.0,0
government-3a5514dd8f33,extracted,always,1,1,0.7692307692307692,0.0,1
government-3a5514dd8f33,extracted,visible_violations,0,1,0.7692307692307692,0.0,0
government-3a5514dd8f33,extracted,never,0,1,0.7692307692307692,0.0,0
government-3a91e39dc5b5,clean,always,1,0,1.0,1.0,1
government-3a91e39dc5b5,clean,visible_violations,0,0,1.0,1.0,0
government-3a91e39dc5b5,clean,never,0,0,1.0,1.0,0
government-3a91e39dc5b5,extracted,always,1,1,0.7142857142857143,0.0,1
government-3a91e39dc5b5,extracted,visible_violations,0,1,0.7142857142857143,0.0,0
government-3a91e39dc5b5,extracted,never,0,1,0.7142857142857143,0.0,0
government-3e9dd9632fa8,clean,always,1,0,1.0,1.0,1
government-3e9dd9632fa8,clean,visible_violations,0,0,1.0,1.0,0
government-3e9dd9632fa8,clean,never,0,0,1.0,1.0,0
government-3e9dd9632fa8,extracted,always,1,1,0.7692307692307692,0.0,1
government-3e9dd9632fa8,extracted,visible_violations,1,1,0.7692307692307692,0.0,1
government-3e9dd9632fa8,extracted,never,0,1,0.7142857142857143,0.0,0
government-3fce95ee7545,clean,always,1,0,1.0,1.0,1
government-3fce95ee7545,clean,visible_violations,0,0,1.0,1.0,0
government-3fce95ee7545,clean,never,0,0,1.0,1.0,0
government-3fce95ee7545,extracted,always,1,1,0.7692307692307692,0.0,1
government-3fce95ee7545,extracted,visible_violations,1,1,0.7692307692307692,0.0,1
government-3fce95ee7545,extracted,never,0,1,0.7142857142857143,0.0,0
government-44de83980361,clean,always,1,0,1.0,1.0,1
government-44de83980361,clean,visible_violations,0,0,1.0,1.0,0
government-44de83980361,clean,never,0,0,1.0,1.0,0
government-44de83980361,extracted,always,1,1,0.0,0.0,1
government-44de83980361,extracted,visible_violations,0,1,0.0,0.0,0
government-44de83980361,extracted,never,0,1,0.0,0.0,0
government-488d64df832f,clean,always,1,0,1.0,1.0,1
government-488d64df832f,clean,visible_violations,0,0,1.0,1.0,0
government-488d64df832f,clean,never,0,0,1.0,1.0,0
government-488d64df832f,extracted,always,1,1,0.8333333333333333,0.0,1
government-488d64df832f,extracted,visible_violations,1,1,0.8333333333333333,0.0,1
government-488d64df832f,extracted,never,0,1,0.7142857142857143,0.0,0
government-4b806a9d69cf,clean,always,1,0,1.0,1.0,1
government-4b806a9d69cf,clean,visible_violations,0,0,1.0,1.0,0
government-4b806a9d69cf,clean,never,0,0,1.0,1.0,0
government-4b806a9d69cf,extracted,always,1,1,0.7692307692307692,0.0,1
government-4b806a9d69cf,extracted,visible_violations,0,1,0.7142857142857143,0.0,0
government-4b806a9d69cf,extracted,never,0,1,0.7142857142857143,0.0,0
government-4e8efca9eb4c,clean,always,1,0,1.0,1.0,1
government-4e8efca9eb4c,clean,visible_violations,0,0,1.0,1.0,0
government-4e8efca9eb4c,clean,never,0,0,1.0,1.0,0
government-4e8efca9eb4c,extracted,always,1,1,0.8333333333333333,0.0,1
government-4e8efca9eb4c,extracted,visible_violations,0,1,0.8333333333333333,0.0,0
government-4e8efca9eb4c,extracted,never,0,1,0.8333333333333333,0.0,0
government-546aaf79e226,clean,always,1,0,1.0,1.0,1
government-546aaf79e226,clean,visible_violations,0,0,1.0,1.0,0
government-546aaf79e226,clean,never,0,0,1.0,1.0,0
government-546aaf79e226,extracted,always,1,1,0.7692307692307692,0.0,1
government-546aaf79e226,extracted,visible_violations,1,1,0.7692307692307692,0.0,1
government-546aaf79e226,extracted,never,0,1,0.7142857142857143,0.0,0
government-584133fdecce,clean,always,1,0,1.0,1.0,1
government-584133fdecce,clean,visible_violations,0,0,1.0,1.0,0
government-584133fdecce,clean,never,0,0,1.0,1.0,0
government-584133fdecce,extracted,always,1,1,0.7142857142857143,0.0,1
government-584133fdecce,extracted,visible_violations,0,1,0.7142857142857143,0.0,0
government-584133fdecce,extracted,never,0,1,0.7142857142857143,0.0,0
government-5b9e64ef2b07,clean,always,1,0,1.0,1.0,1
government-5b9e64ef2b07,clean,visible_violations,0,0,1.0,1.0,0
government-5b9e64ef2b07,clean,never,0,0,1.0,1.0,0
government-5b9e64ef2b07,extracted,always,1,0,1.0,1.0,1
government-5b9e64ef2b07,extracted,visible_violations,0,0,1.0,1.0,0
government-5b9e64ef2b07,extracted,never,0,0,1.0,1.0,0
government-5ceb8fb7d460,clean,always,1,0,1.0,1.0,1
government-5ceb8fb7d460,clean,visible_violations,0,0,1.0,1.0,0
government-5ceb8fb7d460,clean,never,0,0,1.0,1.0,0
government-5ceb8fb7d460,extracted,always,1,1,0.8333333333333333,0.0,1
government-5ceb8fb7d460,extracted,visible_violations,1,1,0.8333333333333333,0.0,1
government-5ceb8fb7d460,extracted,never,0,1,0.7142857142857143,0.0,0
government-6b8726993c79,clean,always,1,0,1.0,1.0,1
government-6b8726993c79,clean,visible_violations,0,0,1.0,1.0,0
government-6b8726993c79,clean,never,0,0,1.0,1.0,0
government-6b8726993c79,extracted,always,1,1,0.8333333333333333,0.0,1
government-6b8726993c79,extracted,visible_violations,0,1,0.8333333333333333,0.0,0
government-6b8726993c79,extracted,never,0,1,0.8333333333333333,0.0,0
government-6d75a9f8f58a,clean,always,1,0,1.0,1.0,1
government-6d75a9f8f58a,clean,visible_violations,0,0,1.0,1.0,0
government-6d75a9f8f58a,clean,never,0,0,1.0,1.0,0
government-6d75a9f8f58a,extracted,always,1,1,0.7692307692307692,0.0,1
government-6d75a9f8f58a,extracted,visible_violations,0,1,0.0,0.0,0
government-6d75a9f8f58a,extracted,never,0,1,0.0,0.0,0
government-6e3b3a7375ca,clean,always,1,0,1.0,1.0,1
government-6e3b3a7375ca,clean,visible_violations,0,0,1.0,1.0,0
government-6e3b3a7375ca,clean,never,0,0,1.0,1.0,0
government-6e3b3a7375ca,extracted,always,1,1,0.7692307692307692,0.0,1
government-6e3b3a7375ca,extracted,visible_violations,1,1,0.7692307692307692,0.0,1
government-6e3b3a7375ca,extracted,never,0,1,0.7142857142857143,0.0,0
government-75bedf0d3f3c,clean,always,1,0,1.0,1.0,1
government-75bedf0d3f3c,clean,visible_violations,0,0,1.0,1.0,0
government-75bedf0d3f3c,clean,never,0,0,1.0,1.0,0
government-75bedf0d3f3c,extracted,always,1,1,0.7692307692307692,0.0,1
government-75bedf0d3f3c,extracted,visible_violations,0,1,0.7142857142857143,0.0,0
government-75bedf0d3f3c,extracted,never,0,1,0.7142857142857143,0.0,0
government-7e30032da8be,clean,always,1,0,1.0,1.0,1
government-7e30032da8be,clean,visible_violations,0,0,1.0,1.0,0
government-7e30032da8be,clean,never,0,0,1.0,1.0,0
government-7e30032da8be,extracted,always,1,1,1.0,1.0,1
government-7e30032da8be,extracted,visible_violations,0,1,0.923076923076923,0.0,0
government-7e30032da8be,extracted,never,0,1,0.923076923076923,0.0,0
government-7e9b1177c4f5,clean,always,1,0,1.0,1.0,1
government-7e9b1177c4f5,clean,visible_violations,0,0,1.0,1.0,0
government-7e9b1177c4f5,clean,never,0,0,1.0,1.0,0
government-7e9b1177c4f5,extracted,always,1,1,0.8333333333333333,0.0,1
government-7e9b1177c4f5,extracted,visible_violations,1,1,0.8333333333333333,0.0,1
government-7e9b1177c4f5,extracted,never,0,1,0.7142857142857143,0.0,0
government-7fbd640dd08e,clean,always,1,0,1.0,1.0,1
government-7fbd640dd08e,clean,visible_violations,0,0,1.0,1.0,0
government-7fbd640dd08e,clean,never,0,0,1.0,1.0,0
government-7fbd640dd08e,extracted,always,1,1,0.7692307692307692,0.0,1
government-7fbd640dd08e,extracted,visible_violations,1,1,0.7692307692307692,0.0,1
government-7fbd640dd08e,extracted,never,0,1,0.7142857142857143,0.0,0
government-82073dac50b0,clean,always,1,0,1.0,1.0,1
government-82073dac50b0,clean,visible_violations,0,0,1.0,1.0,0
government-82073dac50b0,clean,never,0,0,1.0,1.0,0
government-82073dac50b0,extracted,always,1,0,1.0,1.0,1
government-82073dac50b0,extracted,visible_violations,0,0,1.0,1.0,0
government-82073dac50b0,extracted,never,0,0,1.0,1.0,0
government-8b3b3df5b753,clean,always,1,0,1.0,1.0,1
government-8b3b3df5b753,clean,visible_violations,0,0,1.0,1.0,0
government-8b3b3df5b753,clean,never,0,0,1.0,1.0,0
government-8b3b3df5b753,extracted,always,1,1,0.7692307692307692,0.0,1
government-8b3b3df5b753,extracted,visible_violations,0,1,0.7142857142857143,0.0,0
government-8b3b3df5b753,extracted,never,0,1,0.7142857142857143,0.0,0
government-8db3107c9690,clean,always,1,0,1.0,1.0,1
government-8db3107c9690,clean,visible_violations,0,0,1.0,1.0,0
government-8db3107c9690,clean,never,0,0,1.0,1.0,0
government-8db3107c9690,extracted,always,1,1,0.7142857142857143,0.0,1
government-8db3107c9690,extracted,visible_violations,0,1,0.7142857142857143,0.0,0
government-8db3107c9690,extracted,never,0,1,0.7142857142857143,0.0,0
government-8ddba1d9acf7,clean,always,1,0,1.0,1.0,1
government-8ddba1d9acf7,clean,visible_violations,0,0,1.0,1.0,0
government-8ddba1d9acf7,clean,never,0,0,1.0,1.0,0
government-8ddba1d9acf7,extracted,always,1,1,0.8333333333333333,0.0,1
government-8ddba1d9acf7,extracted,visible_violations,1,1,0.8333333333333333,0.0,1
government-8ddba1d9acf7,extracted,never,0,1,0.7142857142857143,0.0,0
government-91a0194e75d5,clean,always,1,0,1.0,1.0,1
government-91a0194e75d5,clean,visible_violations,0,0,1.0,1.0,0
government-91a0194e75d5,clean,never,0,0,1.0,1.0,0
government-91a0194e75d5,extracted,always,1,1,0.7142857142857143,0.0,1
government-91a0194e75d5,extracted,visible_violations,0,1,0.7142857142857143,0.0,0
government-91a0194e75d5,extracted,never,0,1,0.7142857142857143,0.0,0
government-9254d20b6e75,clean,always,1,0,1.0,1.0,1
government-9254d20b6e75,clean,visible_violations,0,0,1.0,1.0,0
government-9254d20b6e75,clean,never,0,0,1.0,1.0,0
government-9254d20b6e75,extracted,always,1,1,0.7692307692307692,0.0,1
government-9254d20b6e75,extracted,visible_violations,1,1,0.7692307692307692,0.0,1
government-9254d20b6e75,extracted,never,0,1,0.7142857142857143,0.0,0
government-980dec4afb3d,clean,always,1,0,1.0,1.0,1
government-980dec4afb3d,clean,visible_violations,0,0,1.0,1.0,0
government-980dec4afb3d,clean,never,0,0,1.0,1.0,0
government-980dec4afb3d,extracted,always,1,1,0.8333333333333333,0.0,1
government-980dec4afb3d,extracted,visible_violations,0,1,0.0,0.0,0
government-980dec4afb3d,extracted,never,0,1,0.0,0.0,0
government-9f6008ad8a0e,clean,always,1,0,1.0,1.0,1
government-9f6008ad8a0e,clean,visible_violations,0,0,1.0,1.0,0
government-9f6008ad8a0e,clean,never,0,0,1.0,1.0,0
government-9f6008ad8a0e,extracted,always,1,1,0.7692307692307692,0.0,1
government-9f6008ad8a0e,extracted,visible_violations,1,1,0.7692307692307692,0.0,1
government-9f6008ad8a0e,extracted,never,0,1,0.7142857142857143,0.0,0
government-9f6d5783ec85,clean,always,1,0,1.0,1.0,1
government-9f6d5783ec85,clean,visible_violations,0,0,1.0,1.0,0
government-9f6d5783ec85,clean,never,0,0,1.0,1.0,0
government-9f6d5783ec85,extracted,always,1,1,0.7692307692307692,0.0,1
government-9f6d5783ec85,extracted,visible_violations,0,1,0.7692307692307692,0.0,0
government-9f6d5783ec85,extracted,never,0,1,0.7692307692307692,0.0,0
government-a5edaa7050d2,clean,always,1,0,1.0,1.0,1
government-a5edaa7050d2,clean,visible_violations,0,0,1.0,1.0,0
government-a5edaa7050d2,clean,never,0,0,1.0,1.0,0
government-a5edaa7050d2,extracted,always,1,1,0.7142857142857143,0.0,1
government-a5edaa7050d2,extracted,visible_violations,0,1,0.7142857142857143,0.0,0
government-a5edaa7050d2,extracted,never,0,1,0.7142857142857143,0.0,0
government-ada4294cd92d,clean,always,1,0,1.0,1.0,1
government-ada4294cd92d,clean,visible_violations,0,0,1.0,1.0,0
government-ada4294cd92d,clean,never,0,0,1.0,1.0,0
government-ada4294cd92d,extracted,always,1,1,0.7692307692307692,0.0,1
government-ada4294cd92d,extracted,visible_violations,1,1,0.7692307692307692,0.0,1
government-ada4294cd92d,extracted,never,0,1,0.7142857142857143,0.0,0
government-af42e795d1d9,clean,always,1,0,1.0,1.0,1
government-af42e795d1d9,clean,visible_violations,0,0,1.0,1.0,0
government-af42e795d1d9,clean,never,0,0,1.0,1.0,0
government-af42e795d1d9,extracted,always,1,1,0.7692307692307692,0.0,1
government-af42e795d1d9,extracted,visible_violations,0,1,0.7142857142857143,0.0,0
government-af42e795d1d9,extracted,never,0,1,0.7142857142857143,0.0,0
government-b02c90047f00,clean,always,1,0,1.0,1.0,1
government-b02c90047f00,clean,visible_violations,0,0,1.0,1.0,0
government-b02c90047f00,clean,never,0,0,1.0,1.0,0
government-b02c90047f00,extracted,always,1,1,0.7142857142857143,0.0,1
government-b02c90047f00,extracted,visible_violations,0,1,0.7142857142857143,0.0,0
government-b02c90047f00,extracted,never,0,1,0.7142857142857143,0.0,0
government-b396117a0806,clean,always,1,0,1.0,1.0,1
government-b396117a0806,clean,visible_violations,0,0,1.0,1.0,0
government-b396117a0806,clean,never,0,0,1.0,1.0,0
government-b396117a0806,extracted,always,1,1,0.7692307692307692,0.0,1
government-b396117a0806,extracted,visible_violations,1,1,0.7692307692307692,0.0,1
government-b396117a0806,extracted,never,0,1,0.7142857142857143,0.0,0
government-b7c8f18f7b98,clean,always,1,0,0.923076923076923,0.0,1
government-b7c8f18f7b98,clean,visible_violations,0,0,1.0,1.0,0
government-b7c8f18f7b98,clean,never,0,0,1.0,1.0,0
government-b7c8f18f7b98,extracted,always,1,1,0.7142857142857143,0.0,1
government-b7c8f18f7b98,extracted,visible_violations,0,1,0.0,0.0,0
government-b7c8f18f7b98,extracted,never,0,1,0.0,0.0,0
government-bc56e9dd7d05,clean,always,1,0,1.0,1.0,1
government-bc56e9dd7d05,clean,visible_violations,0,0,1.0,1.0,0
government-bc56e9dd7d05,clean,never,0,0,1.0,1.0,0
government-bc56e9dd7d05,extracted,always,1,1,0.8333333333333333,0.0,1
government-bc56e9dd7d05,extracted,visible_violations,1,1,0.8333333333333333,0.0,1
government-bc56e9dd7d05,extracted,never,0,1,0.7692307692307692,0.0,0
government-c0e6b8597822,clean,always,1,0,1.0,1.0,1
government-c0e6b8597822,clean,visible_violations,0,0,1.0,1.0,0
government-c0e6b8597822,clean,never,0,0,1.0,1.0,0
government-c0e6b8597822,extracted,always,1,1,0.8333333333333333,0.0,1
government-c0e6b8597822,extracted,visible_violations,0,1,0.8333333333333333,0.0,0
government-c0e6b8597822,extracted,never,0,1,0.8333333333333333,0.0,0
government-c436d37f700f,clean,always,1,0,1.0,1.0,1
government-c436d37f700f,clean,visible_violations,0,0,1.0,1.0,0
government-c436d37f700f,clean,never,0,0,1.0,1.0,0
government-c436d37f700f,extracted,always,1,1,0.7142857142857143,0.0,1
government-c436d37f700f,extracted,visible_violations,0,1,0.7142857142857143,0.0,0
government-c436d37f700f,extracted,never,0,1,0.7142857142857143,0.0,0
government-ca398e1837f1,clean,always,1,0,1.0,1.0,1
government-ca398e1837f1,clean,visible_violations,0,0,1.0,1.0,0
government-ca398e1837f1,clean,never,0,0,1.0,1.0,0
government-ca398e1837f1,extracted,always,1,1,0.8333333333333333,0.0,1
government-ca398e1837f1,extracted,visible_violations,0,1,0.8333333333333333,0.0,0
government-ca398e1837f1,extracted,never,0,1,0.8333333333333333,0.0,0
government-cdd48286f4f5,clean,always,1,0,1.0,1.0,1
government-cdd48286f4f5,clean,visible_violations,0,0,1.0,1.0,0
government-cdd48286f4f5,clean,never,0,0,1.0,1.0,0
government-cdd48286f4f5,extracted,always,1,1,0.7142857142857143,0.0,1
government-cdd48286f4f5,extracted,visible_violations,0,1,0.7142857142857143,0.0,0
government-cdd48286f4f5,extracted,never,0,1,0.7142857142857143,0.0,0
government-d40628573562,clean,always,1,0,1.0,1.0,1
government-d40628573562,clean,visible_violations,0,0,1.0,1.0,0
government-d40628573562,clean,never,0,0,1.0,1.0,0
government-d40628573562,extracted,always,1,1,0.7692307692307692,0.0,1
government-d40628573562,extracted,visible_violations,0,1,0.7692307692307692,0.0,0
government-d40628573562,extracted,never,0,1,0.7692307692307692,0.0,0
government-da0766bfb46f,clean,always,1,0,0.7692307692307692,0.0,1
government-da0766bfb46f,clean,visible_violations,0,0,1.0,1.0,0
government-da0766bfb46f,clean,never,0,0,1.0,1.0,0
government-da0766bfb46f,extracted,always,1,1,0.7692307692307692,0.0,1
government-da0766bfb46f,extracted,visible_violations,1,1,0.7692307692307692,0.0,1
government-da0766bfb46f,extracted,never,0,1,0.7142857142857143,0.0,0
government-db75dcfe1831,clean,always,1,0,1.0,1.0,1
government-db75dcfe1831,clean,visible_violations,0,0,1.0,1.0,0
government-db75dcfe1831,clean,never,0,0,1.0,1.0,0
government-db75dcfe1831,extracted,always,1,1,0.7142857142857143,0.0,1
government-db75dcfe1831,extracted,visible_violations,0,1,0.7142857142857143,0.0,0
government-db75dcfe1831,extracted,never,0,1,0.7142857142857143,0.0,0
government-e4c52ac70bcc,clean,always,1,0,0.8571428571428571,0.0,1
government-e4c52ac70bcc,clean,visible_violations,0,0,1.0,1.0,0
government-e4c52ac70bcc,clean,never,0,0,1.0,1.0,0
government-e4c52ac70bcc,extracted,always,1,1,0.8333333333333333,0.0,1
government-e4c52ac70bcc,extracted,visible_violations,1,1,0.8333333333333333,0.0,1
government-e4c52ac70bcc,extracted,never,0,1,0.7692307692307692,0.0,0
government-e9f38f0ecbce,clean,always,1,0,1.0,1.0,1
government-e9f38f0ecbce,clean,visible_violations,0,0,1.0,1.0,0
government-e9f38f0ecbce,clean,never,0,0,1.0,1.0,0
government-e9f38f0ecbce,extracted,always,1,1,0.7692307692307692,0.0,1
government-e9f38f0ecbce,extracted,visible_violations,0,1,0.0,0.0,0
government-e9f38f0ecbce,extracted,never,0,1,0.0,0.0,0
government-ed224b645343,clean,always,1,0,1.0,1.0,1
government-ed224b645343,clean,visible_violations,0,0,1.0,1.0,0
government-ed224b645343,clean,never,0,0,1.0,1.0,0
government-ed224b645343,extracted,always,1,1,0.7142857142857143,0.0,1
government-ed224b645343,extracted,visible_violations,0,1,0.8333333333333333,0.0,0
government-ed224b645343,extracted,never,0,1,0.8333333333333333,0.0,0
government-eff0fd772bef,clean,always,1,0,1.0,1.0,1
government-eff0fd772bef,clean,visible_violations,0,0,1.0,1.0,0
government-eff0fd772bef,clean,never,0,0,1.0,1.0,0
government-eff0fd772bef,extracted,always,1,1,0.6666666666666666,0.0,1
government-eff0fd772bef,extracted,visible_violations,1,1,0.6666666666666666,0.0,1
government-eff0fd772bef,extracted,never,0,1,0.6666666666666666,0.0,0
government-f6d9be90456b,clean,always,1,0,1.0,1.0,1
government-f6d9be90456b,clean,visible_violations,0,0,1.0,1.0,0
government-f6d9be90456b,clean,never,0,0,1.0,1.0,0
government-f6d9be90456b,extracted,always,1,1,0.7272727272727273,0.0,1
government-f6d9be90456b,extracted,visible_violations,1,1,0.7272727272727273,0.0,1
government-f6d9be90456b,extracted,never,0,1,0.5714285714285714,0.0,0
government-f6ff98e6b329,clean,always,1,0,1.0,1.0,1
government-f6ff98e6b329,clean,visible_violations,0,0,1.0,1.0,0
government-f6ff98e6b329,clean,never,0,0,1.0,1.0,0
government-f6ff98e6b329,extracted,always,1,1,0.7692307692307692,0.0,1
government-f6ff98e6b329,extracted,visible_violations,0,1,0.7142857142857143,0.0,0
government-f6ff98e6b329,extracted,never,0,1,0.7142857142857143,0.0,0
government-f75d2fddf269,clean,always,1,0,1.0,1.0,1
government-f75d2fddf269,clean,visible_violations,0,0,1.0,1.0,0
government-f75d2fddf269,clean,never,0,0,1.0,1.0,0
government-f75d2fddf269,extracted,always,1,1,0.7692307692307692,0.0,1
government-f75d2fddf269,extracted,visible_violations,0,1,0.7692307692307692,0.0,0
government-f75d2fddf269,extracted,never,0,1,0.7692307692307692,0.0,0
government-f8716e13e115,clean,always,1,0,1.0,1.0,1
government-f8716e13e115,clean,visible_violations,0,0,1.0,1.0,0
government-f8716e13e115,clean,never,0,0,1.0,1.0,0
government-f8716e13e115,extracted,always,1,1,0.7142857142857143,0.0,1
government-f8716e13e115,extracted,visible_violations,0,1,0.7142857142857143,0.0,0
government-f8716e13e115,extracted,never,0,1,0.7142857142857143,0.0,0
government-f8e7519208bb,clean,always,1,0,1.0,1.0,1
government-f8e7519208bb,clean,visible_violations,0,0,1.0,1.0,0
government-f8e7519208bb,clean,never,0,0,1.0,1.0,0
government-f8e7519208bb,extracted,always,1,1,0.7142857142857143,0.0,1
government-f8e7519208bb,extracted,visible_violations,0,1,0.0,0.0,0
government-f8e7519208bb,extracted,never,0,1,0.0,0.0,0
government-fc2c1b8758a5,clean,always,1,0,1.0,1.0,1
government-fc2c1b8758a5,clean,visible_violations,0,0,1.0,1.0,0
government-fc2c1b8758a5,clean,never,0,0,1.0,1.0,0
government-fc2c1b8758a5,extracted,always,1,1,0.8333333333333333,0.0,1
government-fc2c1b8758a5,extracted,visible_violations,1,1,0.8333333333333333,0.0,1
government-fc2c1b8758a5,extracted,never,0,1,0.7142857142857143,0.0,0
government-fc4bd6117122,clean,always,1,0,1.0,1.0,1
government-fc4bd6117122,clean,visible_violations,0,0,1.0,1.0,0
government-fc4bd6117122,clean,never,0,0,1.0,1.0,0
government-fc4bd6117122,extracted,always,1,1,1.0,1.0,1
government-fc4bd6117122,extracted,visible_violations,0,1,0.7692307692307692,0.0,0
government-fc4bd6117122,extracted,never,0,1,0.7692307692307692,0.0,0
government-fcfdfe2a6dc5,clean,always,1,0,1.0,1.0,1
government-fcfdfe2a6dc5,clean,visible_violations,0,0,1.0,1.0,0
government-fcfdfe2a6dc5,clean,never,0,0,1.0,1.0,0
government-fcfdfe2a6dc5,extracted,always,1,1,0.8333333333333333,0.0,1
government-fcfdfe2a6dc5,extracted,visible_violations,1,1,0.8333333333333333,0.0,1
government-fcfdfe2a6dc5,extracted,never,0,1,0.7692307692307692,0.0,0
government-ff34311b9ccd,clean,always,1,0,0.923076923076923,0.0,1
government-ff34311b9ccd,clean,visible_violations,0,0,1.0,1.0,0
government-ff34311b9ccd,clean,never,0,0,1.0,1.0,0
government-ff34311b9ccd,extracted,always,1,1,0.7692307692307692,0.0,1
government-ff34311b9ccd,extracted,visible_violations,1,1,0.7692307692307692,0.0,1
government-ff34311b9ccd,extracted,never,0,1,0.7142857142857143,0.0,0
