title,content,url
[新浪彩票]足彩第25106期任九：德岛漩涡赢球,"本期任九在3场J2联赛+5场德乙+2场瑞典超+2场挪超+2场芬超的基础上舍弃了几场让步较浅的比赛：千叶市原上场在联赛中客场1-0小胜山形山神，结束了自己3连败的走势，状态回暖，本场主场面对上场在主场1-1战平长崎航海，最近2场未尝败绩，发挥不错的磐城FC，机构给出在较少的让步幅度，对于主队还是信心不足，此役舍弃。
达姆施塔特上赛季在德乙中作战，整体发挥还是不错的，主场也是有一定的主场气势，本场主场面对上赛季在德甲作战，但是发挥不佳，本赛季下降到德乙的波鸿，机构给出在平半的让步幅度，但是对于主队还是信心不足，此役舍弃。
帕德博恩上场在友谊赛中3-2击败汉诺威，近期友谊赛的发挥还是不错的，本场主场面对上场在友谊赛中1-0小胜奥斯纳布鲁克，最近4场友谊赛取得3胜1平的好成绩，发挥不错的基尔，机构给出在平半的让步幅度，对于主队的主场气势还是信心不足，此役同样建议舍弃。",https://sports.sina.com.cn/l/2025-08-01/doc-infiniqu8093811.shtml
精选足篮专家：秋生研球中2等揽6万 楼云6连红中2等,"★★★★行业权威彩票专家★★★★
秋生研球：上期命中14场2注2等+10注任九！单场预测近9中8！解读今日足彩+2场欧冠，快快跟上专家推荐！[查看专家推荐]
楼云：6连红上期还中2等+任九！25108期足彩的全面分析，综合投注策略、数据助您科学决策，信心冲击头奖！[查看专家推荐]
司马解球：上期又中二等奖+10注任9！足彩稳定收割，第25108期最新方案已出，待您解锁！[查看专家推荐]
俊哥叨球：上期足彩同中2等+任九，连2期命中14场和任九！粉丝们可重点关注！[查看专家推荐]
徐磊：上期中2等！足球25108期14场含欧冠+欧联等组成，本期14场心水，欢迎围观！[查看专家推荐]
老宋：单场预测稳健5连红，今日竞彩欧冠2串1，看专家简单拿捏比赛！[查看专家推荐]
鹿鸣春：单场预测4连红，马尔默哥本哈根北欧两狗相遇，附赠002分析，欢迎查阅！[查看专家推荐]
谭凯：连续命中WNBA，篮彩近期擒7连红，今日沙特vs中国的男篮亚洲杯焦点战方案出炉，紧跟冲击8连红！[查看专家推荐]
[今日足彩智能预测精选]
智能英雄吴用：上期1.55万中14场1等72万！吴用足彩14场25108期推荐，历史中奖1365万，看新方案！[查看智能推荐]
智能英雄张清：上期中56注任九揽27.1万！张清足彩14场25108期推荐，历史中奖2987万，跟上推荐！[查看智能推荐]
智能英雄吕布：上期中11注任九！吕布足彩14场25108期推荐，历史中奖4725万，再冲头奖！[查看智能推荐]
智能英雄史进：上期中11注任九！史进足彩14场25108期推荐，历史中奖4690万，最新方案！[查看智能推荐]
智能英雄戴宗：上期中11注任九！戴宗足彩14场25108期推荐，历史中奖3377万，冲击大奖！[查看智能推荐]
[今日智能单场预测精选]
智能预测卡拉巴赫赛果10连红：斯肯迪亚vs卡拉巴赫
智能预测欧冠赛果10中8：马尔默vs哥本哈根",https://sports.sina.com.cn/l/2025-08-05/doc-infixiyy7755607.shtml
CBS著名球评芬奇宣布退休 大满贯冠军结束19年生涯,"北京时间7月24日，在哥伦比亚广播公司（CBS）下一周结束其美巡赛转播之际，解说员伊恩-贝克-芬奇（Ian Baker-Finch）宣布退休。这位嗓音亲切的澳大利亚人近19年来始终是该电视台高尔夫赛事解说中不可或缺的声音。
贝克-芬奇1991年赢得英国公开赛，职业生涯总共斩获16项国际赛事冠军。他于2007年加入CBS体育台。此前十年他，曾在ESPN和TNT担任高尔夫赛事评论员。
""高尔夫始终是我生命中的重要组成部分，""64岁的贝克-芬奇在声明中表示，""很荣幸能与这项运动最杰出的选手同场竞技，更庆幸近年来能与电视行业最优秀的团队共事。""
CBS对美巡赛2025赛季的转播将于下周温德姆锦标赛画上句点。
CBS体育总裁兼首席执行官戴维-伯森评价道：""无论是作为球员赢得大满贯的辉煌战绩，还是三十余年解说生涯的卓越成就，伊恩-贝克-芬奇始终是高尔夫领域最受尊敬、最值得信赖的声音之一。虽然我们将怀念他在转播中展现的热情、洞见、亲和力与稳健台风，但相信他仍将继续在高尔夫世界发光发热。""",https://sports.sina.com.cn/golf/pgatour/2025-07-24/doc-infhpwfa9367390.shtml
第四届国象冠军赛圆满落幕 余泱漪夺冠丁立人第三,"7月15日，第四届中国国际象棋冠军赛在绍兴市越城区落下帷幕。在冠亚军决赛中，余泱漪凭借出色发挥以总比分2.5比1.5战胜王皓，首次夺得该项赛事冠军，王皓获得亚军。
在上午进行的半决赛比赛中，王皓凭借第3局的胜局，以2.5比1.5战胜黄仁杰，晋级决赛，在另外一场半决赛之战中，余泱漪与丁立人4局战成平手，经过突然死亡加赛，余泱漪胜出，锁定了与王皓争夺冠军的资格。
决赛于下午展开，焦点战余泱漪与王皓三度握手言和，凭借第4局的出色发挥，余泱漪胜出，以总比分2.5比1.5夺得冠军，王皓获得亚军。
在三四名争夺中，前世界冠军丁立人与黄仁杰的比赛更加激烈，双方在4局比赛中各取2分，丁立人凭借突然死亡加赛胜出，收获第三名，黄仁杰获得第四名。
本届比赛由国家体育总局棋牌运动管理中心、中国国际象棋协会主办，浙江省智力运动管理中心、绍兴市镜湖新区开发建设办公室、绍兴市越城区教育体育局承办，绍兴市文源小学执行承办，浙江省棋类协会、绍兴市棋类协会、绍兴市越城区国际象棋协会、绍兴市鲁迅小学、绍兴市塔山小学、绍兴市培新小学协办共同协办。",https://sports.sina.com.cn/go/2025-07-15/doc-inffqiif5372882.shtml
足彩伤停：切尔西前锋雅克松停赛 塞维利亚失3主力,"足彩伤停：切尔西前锋雅克松停赛 塞维利亚失3主力
足彩伤停：切尔西前锋雅克松停赛 塞维利亚失3主力
2025年08月17日 08:40
切尔西前锋雅克松因上赛季直红被追加禁赛
伤病点评：胜负彩第25115期由英超、西甲、法甲、荷甲、葡超赛事组成。英超首轮，切尔西主力前锋雅克松因上赛季的直红被追加禁赛，此外另有两大主力后卫受伤，阿森纳主力后卫卡拉菲奥里因伤缺战曼联；西甲方面，塞维利亚三大主力高挂免战牌；法甲方面，里尔两大主力受伤。
伤病： 巴迪亚西勒(主力后卫)、科尔威尔(主力后卫)
停赛： 雅克松(主力前锋)
伤病： 镰田大地(主力中场)、波尔哈(主力后卫)
恩凯迪亚(前锋)、里亚德(后卫)、弗兰萨(中场)、杜库雷(中场)
伤病： 尼古拉斯·多明格斯(主力中场)
伤病： 雅内尔特(主力中场)
伤病： 奥纳纳(主力门将)
利桑德罗·马丁内斯(后卫)
伤病： 卡拉菲奥里(主力后卫)
伤病： 桑切特(主力中场)、普拉多斯(主力中场)
伤病： 佩德罗萨(主力后卫)、巴代(主力后卫)、巴尔加斯(主力前锋)
霍尔丹(中场)、夸西(后卫)、马丁内斯(后卫)
伤病： 热格罗瓦(主力前锋)、蒂亚戈·桑托斯(主力后卫)
伤病： 布阿伊·基亚拉(中场)
伤病： 阿杰(主力后卫)、卡采里斯(主力中场)
伤病： 穆杰莱(后卫)、马尤卢(中场)
伤病： 每熊晟矢(主力后卫)
伤病： 延森(主力中场)、格雷米尔(主力后卫)
伤病： 辛克格拉文(后卫)
伤病： 佩德罗·帕切科(主力后卫)
卜凡豪取11连红预测葡超
诸葛侃球10连红出击西甲
双色球预测-梦涵中一等奖703万
沙雪忠中5+1累擒近千万
上班族中2384万挥霍20年终成空
大乐透头奖6注1000万无追加
大乐透头奖6注1000万无追加 奖池余额11.5亿
[新浪彩票]足彩第25114期任九：曼城客胜无疑
苏群：当初都认为老乔没带好因球员菜 现在看他的打法和世界脱节
218期庄德排列三预测奖号：杀一码推荐
男篮亚洲杯第一大笑话！日本豪言夺冠被打脸
曼联锁定葡体队长尤尔曼德 夏窗转会博弈升级
丹麦锦标赛第一轮彭奇64杆领先2杆 丁文一T42
早田希娜被重罚？张本美和控诉，智和取关
亚冠抽中上上签 国安双线冲击遭遇邵家军拦路
094期冰丫头双色球预测奖号：红球杀8码参考
SINA English
Copyright © 1996-2025 SINA Corporation
All Rights Reserved 新浪公司",https://sports.sina.com.cn/l/2025-08-15/doc-infmachy1442225.shtml
亚洲杯夺冠赔率:澳大利亚低至1.28 中国男篮列第2,"北京时间8月15日凌晨，2025男篮亚洲杯四强全部诞生，四支球队分别为澳大利亚、中国、新西兰和伊朗。有关机构也随之更新了最新的亚洲杯夺冠赔率，澳大利亚1赔1.28遥遥领先，中国男篮1赔7位列次席，新西兰和伊朗分居三四名。
澳大利亚作为最近两届的亚洲杯冠军，是当之无愧的亚洲篮坛霸主。本届亚洲杯上他们依然展现出了超强的统治力，4场比赛场均净胜对手多达25分，与其他对手显然不在一个等级上。虽然本次澳大利亚并没有派出最强阵容，不过他们每场比赛都能派出全部12人轮换出战，可见他们不论是在实力上还是在阵容深度上都处于“独一档”。如今来到四强，澳大利亚的夺冠赔率进一步降低，以1赔1.28遥遥领先。
中国男篮在昨晚以79-71战胜韩国后，时隔10年再次闯入亚洲杯四强，也完成了赛前制定的基本目标。此役，球队领袖胡金秋的发挥一如既往的出色，他全场砍下23分+11篮板，并在末节关键时刻多次得分保住领先优势。此外小将王俊杰堪称奇兵，全场贡献21分8篮板的数据，有效分担了胡金秋的得分压力。
虽然本届中国男篮并非最强阵容，但年轻球员所展现出来的精神面貌令所有球迷眼前一亮。中国男篮的夺冠赔率也从开始的第三名升至第二名，如今半决赛即将面对新西兰，中国男篮有望重返亚洲杯决赛的舞台。
新西兰男篮在1/4决赛中一度落后黎巴嫩22分，最终完成了大逆转，以90-86淘汰了上届亚军黎巴嫩。本届亚洲杯，新西兰后卫莫哈韦-金表现出色，场均砍下18.5分高居得分榜第4名。半决赛中新西兰作为中国男篮的对手，两队间的实力十分接近，他们的夺冠赔率为1赔10，微微落后于中国。
伊朗男篮的夺冠赔率为1赔15，位列四强中最后一名。他们同样在1/4决赛中经历了一场21分的大逆转，最终78-75淘汰了中国台北队。随着伊朗黄金一代的落幕，现在的伊朗男篮实力已大不如前，而且半决赛即将面对澳大利亚，想要再进一步几乎已无可能。
附2025男篮亚洲杯最新夺冠赔率：",https://sports.sina.com.cn/l/2025-08-15/doc-infmairc2793656.shtml
甜蜜！孟菲尔斯与斯维托丽娜正式完婚,"7月16日，34岁的孟菲尔斯与26岁的斯维托丽娜正式完婚。
两人在瑞士尼翁举行了婚礼，由于目前欧洲疫情反弹，因此婚礼并没有搞得十分盛大，只是由家人和两人的亲密好友参加。婚礼上，孟菲尔斯穿着淡紫色的西装，而斯维托丽娜穿着白色婚纱，并且脸上始终保持着灿烂笑容。
乌克兰一姐斯维托丽娜和法国名将孟菲尔斯，于2019年1月开始交往，当年夏天便分手，不久后又恢复了恋人关系。随后，在2021年2月时再次分手，但第二次和解后感情立即升温。今年4月宣布订婚，7月中旬便正式结婚。
孟菲尔斯和斯维托丽娜有一个名为“GEMS Life”的联合 Instagram 帐户，他们在那里发布有趣的照片或视频，其中包含在球场上或私人生活中度过的时光。（Amber）",https://sports.sina.com.cn/tennis/gossip/2021-07-16/doc-ikqcfnca7305656.shtml
收评：港股恒指跌0.24% 科指跌0.77% 互联网医疗股走强 苹果概念午后跳水,"8月21日消息，港股三大指数集体下跌。截至收盘，恒生指数跌0.24%，报25104.61点，恒生科技指数跌0.77%，国企指数跌0.43%。盘面上，科网股跌多涨少，网易涨超1%，美团跌超3%，百度、小米跌超2%，哔哩哔哩、阿里巴巴、京东跌超1%；互联网医疗股走强，叮当健康涨超23%；高铁基建股普涨，中国中车涨超5%；生物医药B类股午后拉升，基石药业涨超12%；港股苹果概念午后跳水，瑞声科技跌超13%；新消费概念回调，老铺黄金跌超3%。
互联网医疗股走强，叮当健康涨超23%。近期互联网医疗行业迎来多重利好消息，涉及政策支持、技术创新、市场表现及企业合作等多个方面。在2025年7月，国家药监局发布《优化全生命周期监管支持高端医疗器械创新发展有关举措》，重点支持AI影像诊断、手术机器人、脑机接口等创新医疗器械发展，并加快制定相关技术标准。
高铁基建股普涨，中国中车涨超5%。中国银河证券发布研报称，铁路行业高景气持续，铁路投资有望维持高位，持续看好动车组新车和高级修采购、机车招标，有望支撑铁路装备公司业绩保持稳健增长。
生物医药B类股午后拉升，基石药业涨超12%。中共中央政治局常委、国务院总理李强8月20日在北京调研生物医药产业发展情况。李强指出，生物医药产业既是战略性新兴产业，也事关人民健康福祉。要加强原始创新和关键核心技术攻关，发挥政府和市场两方面作用，充分调动各类资源，凝聚创新合力，尽快取得更大突破。
港股苹果概念午后跳水，瑞声科技跌超13%。瑞声科技午间公告，上半年收入133.2亿元，同比增18.4%；上半年净利8.8亿元，同比增63.1%。上半年毛利率为20.7%，同比略降0.8个百分点，主要由于产品结构变化：精密结构件业务、光学业务和传感器及半导体业务的收入增长显著。
新消费概念回调，老铺黄金跌超3%。老铺黄金近日发布强劲中期业绩，其中收入和利润端均实现超预期增长，营业收入达123.54亿元同比增长251%，经调整净利润达23.5亿元同比增长291%。首席财务官李佳称，老铺黄金公司存货由去年底的40.88亿增加至本期末的86.85亿。产品存货增加主要为满足门店优化新店拓展业绩增长的产品增量需求，存货周转天数由去年的195天下降至150天。",https://finance.sina.com.cn/stock/hkstock/marketalerts/2025-08-21/doc-infmtrxc5962379.shtml
周六大乐透看他们!安民3擒大奖揽2331万领衔预测,"安民大乐透：第25078期刚中大乐透二等，收获奖金48万。此外还曾在第25045期和25036期命中一等大奖，分别斩获1138万和1145万！安民是今年唯一一位周六3次中大奖的专家，十分擅长周六预测！本期继续出击，争取再擒大奖！[查看专家推荐]
车佳航大乐透：第25078期命中大乐透头奖，豪揽奖金1088万！之前还在第25045期又预测命中头奖1138万，两中头奖状态有保障！[查看专家推荐]
樊晨大乐透：樊晨在大乐透第25011期预测擒一等奖1054万，随后又在第25054期中二等，揽下84万！本周六预计奇数、小数热出，再接再厉冲击头奖！[查看专家推荐]
大侠大乐透：同样在第25078期命中二等奖48万，此外还曾在第25030期预测擒二等50万！两次均以一号之差错失大奖，本周六卷土重来，争取拿下头奖弥补遗憾！[查看专家推荐]
何尚大乐透：何尚在大乐透第25057期命中派奖一等大奖，单期豪揽奖金2108万，含金量十足！何尚自入驻平台以来，已多次预测擒双色球大乐透大奖，累擒达6886万，实力值得信任！[查看专家推荐]
香水芸大乐透：香水芸同样在大乐透第25057期预测擒头奖，豪揽2108万！今年还预测擒双色球052期二等62万，状态不俗！本周六聚焦三区分析，力争再取千万大奖！[查看专家推荐]
田茹雪大乐透：今年派奖第二期田茹雪就预测命中头奖，豪揽1520万大奖！此外2025年还分别命中过双色球头奖和二等奖，实力绝对有保障！本期继续出击，再冲一等大奖！[查看专家推荐]",https://sports.sina.com.cn/l/2025-07-25/doc-infhsmtw8279897.shtml
网坛辣姐放大招引球迷骚动 Ins粉丝数远超巴蒂,"意大利网球运动员卡米拉-吉奥尔吉，在网坛可谓是独树一帜。虽然她的现世界排名只有83位，但由于高颜值，又喜欢在社交媒体上“出辣招”，结果在Ins上的粉丝数比WTA女单世界第一的巴蒂还要多。
今年29岁的吉奥尔吉，本周在个人的Ins上放了一张身穿紧身蕾丝的街拍辣照，其火辣身材又让一众粉丝兴奋不已，目前已经2.9万人点赞，甚至还有人留言：比赛就这样穿！
吉奥尔吉身高虽然只有1米68，在女子网坛并不出众，但胜在身材比例出色，并且在过去几年还送上了诸如：蹭酒席、退赛5秒等许多梗。当然，吉奥尔吉也非常擅长利用自己的优势，时不时在社交媒体给粉丝们一些“福利”，结果就是在Ins上的粉丝数比巴蒂还要多。（Amber）",https://sports.sina.com.cn/tennis/gossip/2021-04-18/doc-ikmyaawc0290069.shtml
李玮锋：本来挺好一个人 自从干了足球就成了魔鬼,"来源： 赵宇 懒熊体育
2022赛季带广州城队保级后，懒熊体育在天津与李玮锋深度交流了6个小时。期间，他喝了1杯咖啡，去了1次厕所，接了3次家人打来的电话——都是询问他什么时候回家。聊到最后，他嗓音里伴有嘶哑的沙沙声。
曾为李玮锋做过10年经纪人的余国琼，闻听此事后在电话里惊讶地说：“他现在能聊这么久？这么有耐心？”
因个性张扬，李玮锋在26岁那年成为中国足球的“球霸”，每到客场比赛时都会被球迷骂。当年面对追问“球霸”问题的记者，他与对方发生过肢体冲突。10多年后的某一天，儿子在放学回家路上问他：“爸爸，你小时候当过学霸吗？”他笑着对儿子说：“爸爸没当过学霸，爸爸当过球霸。”后来，他把这事儿发到了朋友圈。10多年前的那个不能触及的敏感词，如今变成了可以讲给所有人听的段子。
年轻时的李玮锋叛逆、嚣张，在球场上状况不断。他会把头发染成黄色、灰色，还曾一度烫成卷发。2002年去英超埃弗顿俱乐部留洋时，在左耳垂上钉了个耳洞，戴着耳钉到处晃，觉得那样很酷。可自从过了30岁，他就再没染过头发，耳洞也早已闭合。
每到中日两国足球队交手时，他手掐日本国脚铃木启太脖子的照片都会在网络上传播，好战者将它视作血性精神的图腾。他曾很享受这种待遇，可现在觉得当时的样子很丑，“这不是血性和霸气的表现方式”。
退役后转型做教练的他甚至会对球员说：“我们是保级队，别去对抗裁判，别把对手惹急，那样对自己没好处。”
44岁的李玮锋在变。或许，现在的他已变成为自己26岁时讨厌的模样。但反过来，转作教练的李玮锋，或许也不会喜欢26岁的自己。
2022年12月14日，福建晋江气温骤降，晚上的温度在10摄氏度左右，广州城和申花队不少队员比赛时都在球衣里加了一件长袖紧身衣。
第31分钟，广州城队的球门被申花队攻破，1比0的比分保持到中场休息，球队主教练李玮锋一脸铁青地走回休息室。球员们安静地坐在那里，空气里弥漫着沮丧情绪。联赛还剩4轮，若输掉这场，保级希望会变得更加渺茫。
“比赛踢得太散了，所有人都对不上节奏！赛前跟你们讲的要求，都忘了吗？！”李玮锋站在战术板前，声音刺穿更衣室的门，走廊里都可以听到他的吼声。球员们依旧低着头，不说话。
接下来的5分钟，他的情绪如洪水般喷涌而至，用责骂的方式完成了上半场总结和下半场比赛的布置，然后把战术板打翻在地，转身离开。
下半场的广州城队好似被骂醒了，外援吉列尔梅第88分钟将比分扳平，比赛最终结果1比1，广州城抢回了救命的1分。“如果锋哥中场休息不骂我们，那1分可能就丢了，丢1分或许就意味着降级。”广州城队守门员韩佳奇对懒熊体育说，球员们私下里称教练为“锋哥”，训练比赛时喊他“李导”。
在这之前，李玮锋还在更衣室里发过两次火，一次是10月29日客场与河北队比赛，另一次是11月25日客场挑战成都蓉城，但都没有这次严重。李玮锋说，与申花队的上半场是执教广州城以来“最不满意的45分钟”。
同申花队比赛前，广州城已遭遇8轮不胜，其中包括7场连败。如果这场再输，输掉的恐怕就是一个赛季。比赛前两天，李玮锋把所有球员召集在一起开了个非常正式的会议。球员时期的他很厌烦各种“非业务会议”，转型做教练后很少给队员开宣讲会，但这次必须打破常规。
他在会上用一种动情的方式对球员们说：“你们知道有多少人关注着球队的输赢吗？你们知道俱乐部的生死关系到多少梯队的孩子吗？如果这支球队没了，你们都能找到新的工作，但很多梯队的孩子可能从此就不能踢球了，好几百个家庭的足球梦想就破碎了，你们想过这些问题吗？我们不能总想着自己，要知道身上肩负的东西有很多。”
“解散”这个词有时会像针一样刺痛李玮锋。球员时期的他经历过武汉队的解散，退役后到天津权健俱乐部担任总经理，这家很愿意砸钱的俱乐部后来因母公司权健集团出事，于2021年5月解散。
2021年5月12日下午，他亲眼看着工作人员为俱乐部每个办公室贴上封条，然后一个人开车回家。从办公室到家大约25分钟车程，他的脑海里反复闪现这样的念头：以后还会路过这里吗？再路过时我的身份是什么？
后来这里变成了天津市河西区体育局的青少年足球办公室，李玮锋去过两次，都是陪儿子踢球。第一次去时儿子对他说：“爸爸，你以前没事儿总带我来这里。”他回答说：“对，这是爸爸原来工作的地方。”
他没对儿子说的是：“自从俱乐部解散后，爸爸非常害怕往那里走。”
李玮锋对天津权健俱乐部（后改名为天津天海）的感情很深。在他看来，这家俱乐部“几乎是我和老板一手搭建起来的”。
2015年7月，李玮锋从天津泰达退役，随即前往天津权健俱乐部担任副总经理。从球员转型到俱乐部管理，几乎是无缝对接。俱乐部那年夏天花6600万引进了效力于江苏队的当红国脚孙可。这是权健集团接手俱乐部后的第一笔引援，6600万在当时已是天价。李玮锋已记不清为谈成这笔转会，在天津和南京之间往返了多少次。“天津到南京没有直航，只能坐高铁，单程将近5个小时，有时一天就要打一个来回。”
他后来还帮俱乐部引进了赵旭日、张修维、刘奕鸣、郑达伦、晏子豪等当打球员，天津权健队2016年底冲上中超，带队取得成功的主教练卡纳瓦罗，也是他推荐给俱乐部的。
2017年，球队获得中超联赛第3名，晋级亚冠。那个赛季结束后，卡纳瓦罗被恒大挖走，李玮锋有些心灰意冷，想过要离开俱乐部。老板不放人，让他暂时离开一线队，退居幕后。
那次回归时，他甚至没敢告诉家人。妻子第二天看新闻才知道此事，然后问他：“这时候带队，你到底怎么想的？也不跟我说一声？”他听罢露出了尴尬的笑容：“我不是一直都在队里么。”
虽然当时可以笑着说出这句话，但他明白自己接下来面对的是什么：“球队如果降级，我就是那个背锅的。”
李玮锋上任后先带队赢了武汉，又战平北京人和，抢到4分，联赛接下来进入间歇期。在此期间，球队与天津泰达踢了一场教学赛，上半场2比0领先，下半场踢成3比3。比赛结束后，李玮锋在休息室里发火了，《足球之夜》节目拍下了他在更衣室朝球员们怒吼的视频：
“一丢球，还在下边笑，觉得我们在这玩呢？假如我们现在35分，你们随便踢。就这点分数（22分），还不玩命吗？”
“生活散，踢球你们也散，丢球这么容易，你们进个球有多难啊。”
他发怒的原因除了球队表现不佳外，还与另一个小插曲有关。一名球员赛后对李玮锋说：“老婆开车来接我，不和球队一起乘坐大巴车离开了。”他直接拒绝：“不行，谁来接也不能走。”这就是他后来在休息室里说的“生活散，踢球也散”。
接下来，球队1比2输给河南建业、3比0战胜大连一方，提前一轮保级成功，李玮锋完成了“救火”任务。战胜大连队后，天海队死忠球迷在看台上高喊他的名字，他走到看台下向球迷鞠躬前揉了揉眼睛，没让眼泪流下来。
4个月魔鬼经历换来保级
虽然天海俱乐部2019年保级成功，但第二年还是解散了。李玮锋因此下岗，赋闲在家两年多。“你会迷茫吗？”面对懒熊体育的问题，他回答得很迅速：“没有，一点都没有。”
他的生活在那两年变得更有规律，每天早晨7点送孩子上学，下午四五点再去学校接他放学。有时会去健身或打高尔夫，偶尔参加一些商业活动。2022年初接到广汽集团的邀约，帮忙做广州城俱乐部评估，为接下来的股改做准备。他二话没说直接去了广州，看过球队冬训和前10轮比赛后，为广汽集团交上了一份1万字左右的评估报告，里面有每个球员的价值判断。至此，他的评估工作告一段落，回到天津。
15轮联赛战罢，广州城全败，俱乐部动了换帅念头，总经理章彬找到李玮锋，希望他能来广州谈执教球队的事，双方一拍即合。
当李玮锋第二天回到天津，把事情告诉妻子时，遭到了反对。妻子对他说：“这么做太冒险了。你可能会赢几场球，但成功不了。你在做一件没有意义的事，证明不了自己的价值。”
广州城队当时除了一场未赢外，更大的麻烦是上赛季的欠薪没解决，俱乐部因拖欠外援工资被罚禁止引援。李玮锋明白，正是因为这种特殊情况，俱乐部才可能给他这样的中生代国产教练机会。“如果俱乐部一切都好，也不会选择我。”
回家后第二天，他就登上了飞往广州的飞机。从答应执教到再回广州，只用了48个小时。8月29日晚，俱乐部官宣李玮锋担任球队主教练。不到24小时后，他在训练场和队员见了面。
寒喧过后，李玮锋很严肃地问队员们：“你们愿意让这我们这支球队活下去吗？”得到队员肯定的答复后，他说：“既然你们都愿意让球队活下去，就必须按我的要求做。我要你们的品质，要你们的血性，必须体现在训练和比赛中。”
“15连败后大家的心都散了，像一盘散沙，我甚至觉得没希望了，锋哥来之后把局面控制住了。”广州城队队长唐淼对懒熊体育说，由于俱乐部2021赛季出现严重欠薪情况，自己在2022赛季开始前打算离开，已谈好了新东家，“后来锋哥给我打电话，希望我能留下，在最困难的时候帮助球队，所以才没走。”唐淼2012年加盟广州城，已为球队效力10年。
由于俱乐部无法引援，李玮锋只能把出生于2003年、2004年甚至更小的队员提拔到一队。这些人从未踢过中超，他刚到时连名字都叫不上来。为尽快熟悉球员，他安排一天两练。上午10点到12点训练小球员，下午4点到6点练一线队球员。“夏天、上午10点的广州，你想想有多热，就这么带着球员练，他就是个疯子。”广州城队助理教练郝海涛对懒熊体育说。这一年，20岁的廖家骏和21岁的李永佳在中超联赛中脱颖而出。
李玮锋上任后带队接连战胜天津津门虎和广州队，抢到6分。球队接下来经历了4轮不胜。10月29日4比0击败河北队后，又遭遇7连败，保级前景暗淡。
球队开业务会议时，李玮峰会给队员反复看比赛录像。为了照顾球员面子，他在集体会上播放的视频全是队伍表现好的片段，集体会后把相关球员单独叫到自己房间，看攻防有问题的录像。在他看来，一支球队光有血性是不够的，还需要战术做支撑。
2022年12月，队里陆续出现球员因感染新冠病毒而发烧的状况。郝海涛12月22日感染后给李玮锋发微信说：“玮锋，如果你接下来阳了，必须坚持。一旦你不在，这队就垮了。”
在联赛还剩5轮的情况下，球队战平广州队、上海申花，战胜河北队、深圳队，提前一轮保级成功。广州城球员张功对懒熊体育说：“锋哥那段时间好像也阳了，但他一直在坚持。”不过李玮锋说，自己是在保级成功后才感染的病毒。
不管怎样，带队保级成功后，李玮锋身上的压力一下减轻了。他对郝海涛说：“涛哥，过去这121天太不容易了。”
“是啊，这4个月真是魔鬼。”郝海涛说，保级成功后大家都很平静，没有过多庆祝。他和李玮锋那天晚上只做了两件事，一是想办法把最后一场比赛的球员凑齐，二是规划2023年的安排。
12月31日，中超最后一场比赛结束，李玮锋在朋友圈里这样写道：“4个月之前没有人能够相信，我们能完成今天这样的工作，虽然整体成绩不能让所有人满意，还好我们明年依旧会站在中超的赛场上！”
13岁离家求学的苦日子
1月1日，李玮锋随广州城队一起返回广州，本打算去深圳探望母亲，又担心带去病毒，只和她通了个电话。
李玮锋的父母最早在长春拖拉机厂工作，一个负责销售，一个在工会。他出生于1978年12月1日，还有个比自己大4岁的哥哥，名叫李晨光。
那些年，长春的足球氛围不浓，他很小时被父母送到冰球队。在当年长春人的意识里，只有打冰球才有可能进国家队。看着一群孩子在自行车场地里一圈圈地练蛙跳，他退缩了，选择了“不那么累”的足球。
“那会儿长春没有队，踢足球的唯一出路是去延边，就像在赌博。”直到今天，李玮锋说“延”字时还会发第四声，这是他那代人的发音习惯。延边敖东队曾是吉林足球的象征，在甲A联赛中拿过第四名。
从10岁开始，李玮锋在长春客车厂业余体校练习足球。1989年，沈阳部队足球队来长春选拔球员。如果能被部队足球队选中，就像考上重点大学。李玮锋、黄勇、臧海利等7人脱颖而出，李玮锋后来因身体达不到军队要求落选，他是7个人中唯一落选的。1年后，他去了火车头体协足球队，在那里结识了来自安徽蚌埠的李毅。
李毅对李玮锋对第一印象是“踢后卫、脑袋大”。后来大家都管他叫“大头”，一直到今天。
火车头队位于北京大兴定安镇，距离市中心40公里。1991年3月1日，李玮锋在父母的陪同下、拎着行李箱和铺盖的被褥来到训练基地。
体工队条件有限，6个人住一个宿舍，房间里唯一的家用电器是个转起来嗡嗡响的电风扇。整个楼层只有一个水房和一个厕所，加在一起两个水龙头和两个坑位。早晨洗漱、上厕所要排队。
火车头队当时的伙食标准是一天12.5元，每人每月交30斤粮票和30元餐费。每到饭点时，他们和练摔跤、拳击的运动员一起抢饭，吃不饱是常有的事。他们每隔半个月进城改善伙食，先从大兴安定镇坐绿皮火车到北京南站，再坐公共汽车到天坛。每人出10块钱，吃顿烤肉。李毅说，所有人见到肉都两眼放光，上来一盘就会被立刻抢光。
每次进城，李毅都会花17.5元买一袋雀巢奶粉带回基地。傍晚时悄悄用热水冲上一杯，然后锁进柜子里，等晚上熄灯后再喝。李玮锋那时没钱，买不起奶粉。
“青年队很苦。他们每天喝生水，脸上能看到一块块的白斑。”在火车头一队效力的郝海涛那时认识了李玮峰，这个比自己小10岁的老弟给他留下的第一印象是“嘴甜”。“见到比自己大的都叫哥。经常跟我说‘涛哥没衣服了’、‘涛哥没鞋了’。”每到这个时候，他都会从箱子里翻出几件自己不穿的训练服送给李玮锋，还送过一双火炬牌的足球鞋。
两人30年前结下了深厚的友谊。李玮锋2019年担任天津天海队救火教练时，第一时间就找郝海涛做自己的帮手。2022年加盟广州城，郝海涛是球队第一助教。他有时会和李玮锋开玩笑说：“玮锋，30年前送你的鞋呢？忘了？赶紧还鞋。”
1994年，中国进行足球职业化改革，火车头参加甲B联赛，一线队球员每个月可以挣到2000元工资，身在二队的李玮锋每个月可以领到450元。自那之后，火炬足球鞋和雀巢奶粉就不再是“奢侈品”。
1992年夏天，中国足协组建健力宝青年队，从全国筛选22名球员到巴西留学。火车头队只选中鲍文杰一人，李玮锋落选。从小和他一起在长春踢球、后来去了沈阳部队的黄勇，也去了巴西。
那次落选给李玮锋带来了很大触动。“当时我就想，凭什么他们行，我就不行？”不过他也承认，自己小时候训练不够刻苦，有时会偷懒、耍小聪明。自那之后，他开始变得勤奋。球队下午训练时，他会提前40分钟到场，有时训练完还会加练。后来，这慢慢成为习惯。李玮锋在申花队效力时，郝海涛在球队担任助教。球队下午3点半训练，郝海涛发现李玮锋每天2点半会准时出现在健身房，跑步、做力量练习。
努力总算没有白费。1995年夏天，健力宝队结束在巴西第一期集训回国，并进行人员调整，李玮锋进入第二期集训名单，于1996年3月前往巴西，他在健力宝队结识了李铁。
由于李铁目前已涉嫌严重违法被抓，在聊到这个话题时，懒熊体育特意询问李玮锋是否介意，他说：“如果写我的经历，你是绕不开李铁的。我俩在健力宝、埃弗顿、国家队做了那么多年队友，能回避得开吗？”
同为18岁，同样个性鲜明的两个人走到一起，难免会有磕碰。在一次日常训练中，李玮锋和李铁因防守问题发生争吵，差点动手。训练结束后，主教练朱广沪把两人留下，让他们隔着40多米进行长传球训练。球传歪了，另外一个人必须加速去追，练了40多分钟才喊停。
加练结束后，两个人瘫坐在地上。朱广沪很严肃地对他们说：“不是想打架吗？现在给你们一人一副拳击手套，接着打。”
后来，两人一起进了国家队，一起踢了世界杯。韩日世界杯结束后，又一起到英超埃弗顿俱乐部留洋。当时就有人说，二李关系不好，平时连话都不讲。每次聊到这个话题，李玮锋都会苦笑：“一队就俩中国人，怎么可能不说话？我俩平时确实话不多，但还不至于不说话。”刚到埃弗顿时，李玮锋因打不上比赛而懊悔，李铁会主动对他说：“大头别着急，你肯定没问题。”
“我和李铁算不上走得特别近，但也没有矛盾。”李玮锋说。
1998年亚运会时，他和李铁住在同一房间。对自己要求严格的李铁每天晚上10点准时上床，睡觉时房间里不能有一点亮光。“他的生活习惯让人觉得很烦。我在房间里既不能看书，更不能看电视，所以真不愿意和他住一起。”李玮锋说，自那之后，两人在国家队再没被分在同一房间。退役后，两人都做了教练。
李铁带国家队征战12强赛时，他的阵容安排和战术打法饱受质疑，李玮锋当时向外界表达了对教练处境的理解。“我那时只是站在一个旁观者的角度去分析。他是球队教练，最了解球队和球员状况，我们不能说他的战术安排一定是错的。作为旁观者，我们并不清楚球队内部到底发生了什么。至于李铁现在涉及到哪些违法行为，我们就更不可能了解。”
李铁从国家队下课时给李玮锋发过一条微信，内容是：“大头，谢谢你对我的理解。”李玮锋后来很长时间才看到这条消息，然后回复道：“铁子这段时间辛苦了，好好休息。”
李铁离开国家队后便从公众视野中消失，直到他被抓前，李玮锋都没和他见过面。
家庭的不完整带来失落感
健力宝队回国后，李玮锋本有机会加盟北京国安，但他还是选择了急需新鲜血液的深圳平安，时任深圳队主教练的韩国人车范根一下子就喜欢上了这个20岁的年轻人，他对翻译金清一说：“球场上的李玮锋就像一匹脱缰的野马。”
金清一告诉懒熊体育，车范根执教深圳队时曾遭遇三连败，马上就有下课危险。第四场同延边队比赛前，队内气氛非常压抑，自己因压力过大流出鼻血。两支球队那场比赛很长时间都是平局，李玮锋在最后时刻攻入一粒头球，帮球队战胜对手，同时缓解了车范根的下课危机，师徒二人的感情因此更近一步。
1999赛季结束后，车范根离开了深圳队，李玮锋的位置依旧稳固，22岁时当上了球队队长。
足球事业顺风顺水，家庭却出现了意外。李毅至今还能记起2000年3月2日的那个中午，自己正在宿舍午睡，住在隔壁408房间的李玮锋突然过来砸门，整个楼道都能听见拳头和木门撞击的声音——“李毅，赶紧起来，陪我去趟医院，我爸出事儿了。”
李毅听到队友这样喊时完全是懵的。他立即换好衣服，和李玮锋一起打车去从笔架山训练基地去北大医院，路上才知道队友的父亲出了车祸。
李毅可以清晰地回忆起发生在医院抢救室门外的那一幕——李玮锋见到医生后跪了下来，哭着喊“求求你，救救我爸爸”。李毅当时想把他拉起来，可怎么也拽不动。其实就在他们来之前，李父已因伤势过重离世。
7年前，李玮锋的哥哥在见义勇为时被歹徒用刀刺中心脏，抢救无效身亡。父亲离开后，一家四口只剩下他和母亲。23年后重提往事，他仍旧会低头沉默，然后小声说一句：“我妈这辈子挺苦的。”
父亲离世两天后，李玮锋在谢峰的陪同下去国家队报到，随队前往日本参加热身赛，没获得上场机会。2001年，李玮锋跟随国家队征战10强赛，冲击韩日世界杯。那年9月7日，中国队在客场同卡塔尔队比赛的上半场先丢1球，当外界以为会输掉这场球时，李玮锋在第88分钟挺身而出头球破门，帮助中国队在客场拿到1分。
李玮锋说，自己那段时间经常会在夜里梦见父亲，球队从多哈回到沈阳主场后，他拖朋友买了些纸钱，在酒店附近的十字路口给父亲和哥哥烧了纸。8天后，中国队在五里河体育场迎战乌兹别克斯坦队，李玮锋再次破门。进球后，他脱下球衣跑到场边，跪在地上磕了个头，掩面而泣。
“父亲一直希望我能代表国家队比赛，踢世界杯，可当我在国家队踢上主力时，他已经离开。”李玮锋说，随着年龄的增长，自己会因家庭的不够完整而恐惧过节。
后来，他跟随国家队一起参加2002年世界杯，2008年以超龄球员的身份出现在北京奥运会的赛场上，他是中国到目前为止唯一既踢过世界杯、又踢过奥运会的球员。
一生摘不掉的“球霸”标签
2004年，深圳健力宝队在欠薪8个月的情况下夺得中超冠军，这是李玮锋职业生涯唯一的国内联赛冠军。一年后，带深圳队夺冠的主教练朱广沪前往国家队执教，迟尚斌成为球队新主帅，俱乐部大股东换成北京汇中天恒公司。
夺冠那年俱乐部共欠球员工资奖金约6000万元，新股东入主后计划分批偿还。而球员们的想法是，既然换了股东，就应该立刻把过去欠的钱全发下来。
诉求的不一致和信息的不对称导致股东与球员之间产生矛盾，再加之时任俱乐部总经理的杨塞新没有和球员建立起信任关系，隔阂越来越明显。深圳队很多球员都是朱广沪招来的，李玮锋、郑智等人由他一手带大，形同父子。球队欠薪时，那个如父亲般存在的主教练可以哄着球员先把比赛踢好，而新教练迟尚斌和球员没有深交。他看到球队管理松散，立即采取铁腕手段，亲自撰写《深圳俱乐部运动员管理条例》，对球员的生活、训练、比赛进行约束。
《深圳晚报》在一篇报道中称，新管理条例中明确规定“不得无故缺席训练课或超假归队”、“不允许小团体活动”、“不得发表损害俱乐部言论”、“必须按时归队吃早餐”、“不能顶撞或消极对抗教练员”、“严禁暴力和报复行为”。违反队规者每次要处以1000至5000元罚款，情节严重会遭到停训检查、停止待遇、解除合同和除名的处罚。
迟尚斌希望用职业的方式来约束球员，但在欠薪未解决和球员不够职业的情况下，这种约束将本就不可调和的矛盾进一步激化。迟尚斌和杨塞新把矛头对准李玮锋，称他“不服从管理”、“自己不认真踢比赛，也不让别人好好踢”，说过“谁再管我就去砸他们家玻璃”的话。
“我没说过这样的话，也没带头不好好踢。”李玮锋对懒熊体育说。
一位深圳队当年的跟队记者对懒熊体育表示，李玮锋是球队大哥，在队里有号召力，甚至有种压制力，很多人怕他。“他性格里有过于强势、过于自我的一面。这种性格适合当教练。如果做球员，就会让教练头疼。”
该记者还透露，李玮锋对自己崇拜、信任的人会全身心投入，会比一般人都做得更好，比如他崇拜的车范根、信任的朱广沪，但由于他的个性和能力太突出，一般的教练员很难让他做到绝对信服。
矛盾重重的深圳队前9轮联赛4平5负，一场未赢。5月17日，俱乐部宣布迟尚斌下课，李毅喊出“天亮了”的名句。迟尚斌总共带队103天，这位曾带领大连万达拿过甲A联赛冠军、创下连续55场不败的名帅，在深圳“一败涂地”。
“在那个年代，我想要回自己应得的钱，错了吗？没有。迟指导对球员进行严格管理，错了吗？也没有。我们站的位置不同，诉求不一样，双方始终都没有找到解决问题的办法。”再回望那段历史，如今已是教练的李玮锋说。
迟尚斌和杨塞新下课前专门在北京开过一次发布会，讲述苦衷的同时，称李玮锋是“球霸”，是队里最该被开除的人。一夜之间，李玮锋成了中国足球唯一的“球霸”。
“球霸的称呼在当时对我的影响非常大。”李玮锋连说了两遍“非常大”，他记得每次去客场比赛时，球迷总会用这两个字辱骂自己。“我在工体与国安比赛时，球迷从我做准备活动就开始骂，一直骂到比赛结束。到沈阳比赛，全场骂我流氓、黑社会。我就想问，我们选择要自己应得的钱也错了？就变成黑社会了？”
2021年3月3日，迟尚斌病逝，享年72岁。李玮锋戴着球霸的帽子，从球员变成了教练。
不愿再看掐对手脖子的自己
2005年年底，李玮锋从深圳转会至上海申花。虽然远离了是非之地，但火爆脾气依旧。在与全北现代队的亚冠双回合比赛中，申花主场1比0战胜对手。客场比赛时上半场先进1球，保持总比分2比0的领先优势。可就在比赛进行到第37分钟时，李玮锋因蹬踹对方前锋泽卡洛，被主裁判直接红牌罚下。少了后防中坚，申花队接下来被对手连进4球，2比4输掉比赛，无缘亚冠4强。
申花主帅吴金贵在赛后更衣室里对李玮锋进行了狠批：“我赛前反复强调，客场比赛，打不还手，骂不还口，你还这么不冷静，这么做简直是不负责任。”说到最后，他直接对李玮锋说：“你走吧，现在就可以提前回国了。”
被主教练“赶走”的李玮锋就坐在那里，一句话不说。当天晚上，他敲开了教练的房门，就自己的不冷静行为道歉，两人在房间里聊了很久。
吴金贵与懒熊体育交流时特意强调：“这个就别写了，给大头留点面子，毕竟他也是做教练的人了。”但李玮锋倒觉得不用回避，他说：“对方外援一直有小动作，不过核心问题还是我不够冷静，教练批评我是应该的。”
让李玮锋没想到的是，中国足协领导后来直接给申花俱乐部打电话，要求对他进行停赛。10月2日，国家队宣布将他“开除”。一个月后，国奥队在广东黄埔竖旗，备战北京奥运会，时任足协副主席的南勇在给球员讲话时强调，必须遵守纪律，别学李玮锋。
5个月21天后，即将参加亚洲杯的中国男足国家队决定将李玮锋召回，前提是必须公开道歉，他照做了，在新闻发布会上念了检讨书。2007年夏天，他随国家队一起参加亚洲杯比赛。3年前，中国队在本土举办的亚洲杯上拿到亚军，李玮锋在断两根肋骨的情况下依然坚持踢完与伊朗队比赛。3年后，中国队连小组出线的任务都没完成。
2008年初，李玮锋在参加热身赛时鼻梁骨被对手撞骨折，戴面具参加了2月6日客场与伊拉克队的世界杯预选赛，他的鼻梁骨直到今天都是歪的。“用盐水洗鼻子时右侧的流速明显比左侧慢很多。”
结束客场与伊拉克队比赛后，球队还要回国参加东亚四强赛。李玮锋比赛前向足协领导请假，理由是前段时间过于疲劳，再加之女儿即将降生，得到的答复是“不能请假，必须踢”。
结果一踢就出了状况。2月20日，中国队同日本队比赛进行到第83分钟时，李玮锋与铃木启太发生冲突，直接用手掐住了对方的脖子，他因此领到第二张黄牌，被罚下场。比赛结束后第二天，国家队召集所有人为他开了一场“批斗会”。
李玮锋手掐日本国脚的瞬间被记者用相机记录了下来。许多年后，每当中国俱乐部、国字号球队与日本队比赛时，总会有球迷将它翻出，在网络上散播。在中国足球最缺乏血性的年代里，这张照片成了“血性精神”的象征，李玮锋曾在某一时刻很享受这种“荣耀”。
不过现在的他却不愿意再看到这张照片，他会觉得自己当时的样子很丑。“足球场上需要血性，但不是掐脖子。”
他还告诉队员们，比赛时如果将对手踢倒，要赶紧扶起来，不要激化矛盾。“人家本来正常跟你踢就可以了，你非要把对手的火激起来，跟你玩命，最后吃亏的是自己。我们要用正确的方式赢得裁判的好感、赢得比赛。我们要让对手害怕，但不是打架。”
30岁去韩国后变得更安静了
2008年9月，李玮锋离开申花，加盟朱广沪执教的武汉光谷，球队当时正在保级线上挣扎。
李玮锋到球队踢的第二场比赛就出事了，他因踩踏北京国安球员路姜被中国足协禁赛8场，武汉光谷俱乐部认为这样的罚单有失公允，退出中超联赛。光谷俱乐部此前已有退出之意，中国足协的罚单不过是个导火索。外界不了解情况，把一部分责任归结于李玮锋。他那段时间压力很大，甚至有人认为他的职业生涯很有可能就此结束。
2008年11月，武汉队解散，球员们自寻出路。车范根得知这样的情况后，主动邀请李玮锋加盟自己执教的韩国水原三星俱乐部，双方一拍即合。30岁这年，李玮锋来到韩国。
对于这个在国家队比赛时和韩国球星安贞焕大打出手的中国球员，韩国媒体没有太多好感——“他会成为水原的罪人，会毁了我们的联赛”，刻薄的词句出现在报纸上。
“他们不了解我，有些不友好的报道很正常。”李玮锋说，自己当时就暗下决心要证明给所有人看，“让大家看看我到底是不是别人嘴里的球霸”。
到韩国后，他随队前往南海郡冬训。每天早晨6点，所有球员会被两辆大巴车拉到训练场。李玮锋向懒熊体育回忆当时的情况，气温在零度以下，天还没亮，两辆大巴车把远光灯打开，照着球场，球员们在里面跑圈。一圈335米，每人要在1分30秒内跑完，总共跑40分钟，这样的训练持续了半个月。
李玮锋说，自打离开火车头体校后，自己就再没出过早操，“那段时间很累，我必须咬牙坚持，不能让别人看不起。”过了很长一段时间后，他才小心翼翼地询问球队助理教练：“我们跑的速度不快，这个训练到底练的是什么？”
助理教练听罢笑着说：“练的是你们的意志品质，球队想要通过这样的训练告诉你们，哪怕再累也要坚持。”
后来，李玮锋随队参加了在中国香港举行的贺岁杯赛和在美国洛杉矶举办的泛太平洋杯。由于半年多没有参加正式比赛，他的状态在这些热身赛中有些起伏。真正爆发是在3月11日同鹿岛鹿角队的亚冠比赛，他打进1球，帮助球队4比1击败对手。“自那之后，韩国人对我的印象彻底改变了。”李玮锋说。
为了能更彻底地融入球队，李玮锋在生活中尽可能让自己“韩国化”。球队吃饭时，韩国球员围坐在一个大长桌前，外援有单独的小桌，李玮锋会选择和韩国球员一起坐长桌。韩国球员吃的早餐是泡饭——把米饭倒入大酱汤中，再配上辣白菜，他跟着一起吃。“我也觉得泡饭难以下咽，但必须要吃。”
“很多韩国球员已把玮锋当成了韩国人。”当时在俱乐部担任技术分析官的金清一说。
韩国球队讲究辈分，吃饭时必须让老队员先盛饭。李玮锋后来把这样的规矩带到了广州城队，同时还规定球员吃饭时不能穿拖鞋、带手机。
刚到韩国时，李玮锋住在球队基地。每到放假时，基地只剩他和一个门卫。“当时是冬天，天黑得非常早。我就在基地里待着，哪儿也不去。”14年后再讲述那段往事，李玮锋的话里依然透着孤独的味道：“电视机可以收到两个中文台，在不停地播放各种古装剧。电视里播什么，我就看什么。”球队放假时基地不提供三餐，语言不通的他只能让门卫帮忙打电话订餐，吃得最多的是牛骨汤泡饭。2009年4月，爱人和刚出生没多久的女儿来到韩国后，他才到市里租了房子。
来到韩国后，李玮锋的生活变得简单，既没了应酬，又不了解媒体和球迷在谈论什么，鲁莽且浮躁性情慢慢从生活中剥离。“我从那时起开始变得更安静。”他说。
坚强的外表和柔软的内心
2009赛季，李玮锋为水原三星队出场超过40次，全队最高，他不再是那个“毁掉韩国联赛的罪人”。水原三星队主场比赛时，球迷用中文喊：“李玮锋加油。”许多年后，当他再回到水原主场时，韩国球迷仍然会有这样的方式欢迎他。
《首尔体育》专门为他做过一期专题报道，名为《“万里长城”李玮锋：我不再是那个揪人衣领的暴力球员》。韩国记者采访时还不忘开玩笑说：“接下来要问敏感问题了。你如果不满意，可以揪我的衣领。”
李玮锋听罢笑了：“不会的，我已不再是那个莽撞的人。”
因表现出色，李玮锋在韩国第二年的薪水上涨了30%。最让他欣慰的是，自己那两年从未被欠薪。
2010年6月，车范根辞去水原三星队主教练职务，李玮锋想过离开。他告诉懒熊体育，恒大俱乐部为他开过一份空白合同。“只要我肯加盟，年薪可以随便往上填。”可后来他还是婉拒了，一方面是因为恒大当时还在中甲，另外他不想给人留下“只有车范根执教才能踢上球”的话柄，“那就把我在韩国的所有努力给否定了”。
韩国人尹成孝成为车范根的继任者，李玮锋依旧是球队主力。两年下来，他总共为水原三星队在各项赛事中出场84次，获得过韩国足球先生的提名。
2010年底，李玮锋选择回国，加盟前国足主帅阿里汉执教的天津泰达。2011赛季随球队一起进入亚冠16强，拿到足协杯冠军。同年9月，李玮锋重返国家队，再次成为队长。他上次为国家队效力，还要追溯到1166天前。
李玮锋职业生涯总共为国家队出场112次，是中国足球历史上代表国家队比赛次数最多的球员。他开玩笑说，要不是被“开除”两次，出场次数可能会达到140场，“那样是不是就更没人能超过我了？”
“你想过将来有一天去国家队执教吗？”面对懒熊体育这样的问题，李玮锋想了想后说：“我可能永远也当不上国字号的教练。”
“代表国家队踢比赛和去执教是两码事。在广州城执教时，我不允许领导没事总到球队开会，国家队可能吗？我知道自己的性格。”
2015年7月，37岁的李玮锋因无法获得比赛机会，选择与泰达俱乐部解约。7月31日上午10点半，他穿着一件淡黄色的休闲T恤来到球队训练场，与队友们握手道别。当他走出球场，等候多时的球迷围了上来，为他送上鲜花。那一刻，他再也控制不住情绪，眼泪止不住地往下流。
足球场上的李玮锋是个硬汉，也是部分球迷眼中的“恶人”，但在冷峻的外表下他有着丰富的情感。1997年落选国家队时哭过，米卢离开时掉过眼泪，去埃弗顿留洋前和深圳球迷告别时泣不成声……
他是球场上的大哥，很享受在球场里呼风唤雨的感觉，可到了球场外，他又喜欢独处。
认同李玮锋的人可以像郝海涛那样成为他无话不谈的朋友，随时伸出援助之手。不喜欢他的人即便同他在国家队一起效力多年，也会对懒熊体育说：“我们不是一类人，接触不多。”李玮锋曾对余国琼说自己怕狗，后者听罢瞪大眼睛：“一个大男人怎么会怕狗？”
从1998年第一次到深圳队，到2015年退役，李玮锋的职业生涯总共持续了17年，他会因没有一个正式的退役仪式而觉得不够圆满。想不通时就会宽慰自己说：“没什么大不了，郑智不也没有退役仪式吗？国内能有几个俱乐部为球员办退役仪式？”
2004年，李玮锋想要出一本自传。余国琼对他说：“你现在的成就还没达到出书标准。”
“贝克汉姆出书了，李铁也出书了，我为什么不行？”26岁的他有一颗狂热而躁动的内心。
一年后，曼联队长基恩的自传《我不是恶人》出版，李玮锋读过很多遍。有朋友建议他说：“大头，你将来写本书，也叫《我不是恶人》。”不过直到今天都没动笔。44岁的李玮锋说，我的履历还是没达到出书标准。
很多人评价李玮锋时会说他“浑身是刺”，尤其年轻的时候，却很少有人关注到他敏感的内心。平日里，他不希望外界看到自己脆弱的一面，会反抗、挣扎，用性格中最锋利的一面去掩盖柔软。他对懒熊体育说：“本来挺好一个人，自从干了这行，就成为了魔鬼。”
6个小时的交流结束后，他叫了一辆网约车，然后说：“我得陪夫人去做头发，催好几遍了。”一个李玮锋带过的球员告诉懒熊体育：“锋哥很怕老婆。”",https://sports.sina.com.cn/china/2023-03-13/doc-imyksvay8860137.shtml
精选足篮专家：鹿鸣春9连红连擒串关 真人6连红,"★★★★行业权威彩票专家★★★★
鹿鸣春：单场预测火爆9连红，近期连擒二串一状态火热！低调发车韩职+德乙冷热搭配，独家建模数据助力冲击高连红！[查看专家推荐]
真人侃球：单场预测收获6连红，连中两单3串1值得关注！欧洲主流联赛回归，今日聚焦德乙+荷甲+葡超，盼延续3串1火热状态！[查看专家推荐]
皮哥懂个球：单场预测稳健6连红，昨日5场竞彩欧联全部命中，效率百分百！周五两场韩k搭配德乙，附带比分参考，心水推荐不容错过！[查看专家推荐]
球哥侃球：单场预测收获6连红，竞彩让球双线奏凯！周五精心挑选2场竞彩比赛，德乙纽伦堡+英冠伯明翰，欢迎查看！[查看专家推荐]
小盼哥：单场预测取得6连红，昨日免费单中2场比分，回馈粉丝的支持！周五预测5场竞彩，多种玩法推荐供您参考，更有免费单速速查看！[查看专家推荐]
周伟杰：篮彩预测取得7连红，让分胜负+大小分皆有红单！周五聚焦WNBA王牌对阵风暴的比赛，附重心2串1推荐！[查看专家推荐]
波波侃球：篮彩预测收获7连红，连中单场非常稳定！今日重点解读男篮亚洲杯卡塔尔比赛，信心场次长时间整理欢迎订阅！[查看专家推荐]
王施维：篮彩预测稳健7连红，预测大小分和让分胜负收获颇丰！今日重点解读男篮亚洲杯黎巴嫩比赛，还送两场比赛预测！[查看专家推荐]
足彩第25109期将于北京时间8月9日停售（周六），彩民敬请留意。
[今日竞彩智能预测精选]
智能预测加拉塔萨雷赛果10连红：加济安泰普 VS 加拉塔萨雷
智能预测科克城赛果10连红：德里城 VS 科克城
智能预测都柏林大学赛果10连红：都柏林大学 VS 韦克斯福德
智能预测纽伦堡赛果10中9：纽伦堡 VS 达姆施塔特
智能英雄霍元甲：单场预测炸裂17连红，德乙11中8不容错过！[查看智能推荐]
智能英雄小丑：单场预测收获7连红，盈利超3倍快快跟上！[查看智能推荐]
[今日足彩智能预测精选]
足彩第25109期将于北京时间8月9日停售（周六），彩民敬请留意。",https://sports.sina.com.cn/l/2025-08-08/doc-infkhfnc1895584.shtml
苏格兰女子公开赛沃德领先2杆争职业首胜 王馨迎T9,"北京时间7月27日，洛蒂·沃德在转场前后的6个洞中抓到4只小鸟，周六打出67杆，低于标准杆5杆，保住了苏格兰女子公开赛的两杆领先优势，有望在自己的职业首秀中取得LPGA第一胜。
沃德在邓唐纳德林克斯球场对自己的球掌控得如此之好，以至于她在第15洞丢杆之前连续33个洞没有吞下柏忌。
她的领先优势一度缩小到一杆，但英格兰21岁选手在第17洞打出了一记完美的挖起杆，留下8英尺小鸟推，并成功推进。最后一洞保帕后，她的总成绩来到199杆（67-65-67），低于标准杆17杆。
丹麦选手南娜-马德森（Nanna Koerstz Madsen）在三号洞，五杆洞擒鹰后一度追平沃德，但在沃德连续抓鸟后落到了后边。不过丹麦选手随后连抓三鸟并多次保帕，同样打出67杆。她落后2杆，与金世煐（66杆）并列位于第二位。
金世煐在第14洞推进一记长距离老鹰推，并在收尾的五杆洞一切一推抓鸟，将差距缩小到2杆。
金孝周连续第二天打出66杆，以202杆（70-66-66），低于标准杆14杆，排名第四位，落后3杆。
内莉·科达没有吞下柏忌，但在苏格兰相对平静的天气中，美国选手仅抓到两只小鸟。她打出70杆，导致她落后沃德5杆，滑落到了第五位。
王馨迎继续领跑中国军团。北京姑娘开局连续抓到两只小鸟，仅仅在七号洞丢了一杆。后九洞，她在13、14号洞背靠背抓鸟，打出69杆，三轮成绩为209杆（71-69-69），低于标准杆7杆，排名上升到并列第九位。
刘依一从首轮的76杆反弹回来，连续两天打出六字头。她抓到4只小鸟，打出零柏忌68杆，三轮211杆（76-67-68），低于标准杆5杆，并列位于18位。
阎菁在前8个洞吞下5个柏忌，打出75杆，以216杆（71-70-75），平标准杆，并列位于48位。张维维有老鹰，也有双柏忌，打出73杆，以217杆（75-69-73），高于标准杆1杆，并列位于54位。",https://sports.sina.com.cn/golf/lpga/2025-07-27/doc-infhwtrw1076339.shtml
澳网中国11人单打全部出局 张之臻晋级男双32强,"北京时间1月16日，2025澳大利亚网球公开赛展开正赛第五日的争夺。不过在当日的比赛中，中国女单仅剩的3位金花——王曦雨、王雅繁和张帅皆负于对手，无缘第三轮。至此，中国网协本届澳网出战单打的11人全部出局，创造历史最差战绩。双打方面，张之臻组合赢得开门红，布云朝克特/巴埃纳止步首轮；王欣瑜/郑赛赛、徐一璠/杨钊煊、袁悦/亚历山德洛娃和12号种子郭涵煜/帕诺娃成功晋级女双次轮，王曦雨/普丁塞娃和汤千慧/帕克斯被淘汰。此外，3号种子谢淑薇/奥斯塔彭科也顺利闯过首轮关。
2025澳网公开赛正赛将于当地时间1月12-26日在澳大利亚墨尔本举行。本届澳网公开赛，中国网协共有11位球员获得单打正赛资格：其中，女单8人（5号种子郑钦文、王欣瑜、袁悦、王雅繁、王曦雨、以保护排名参赛的郑赛赛、持外卡参赛的张帅以及通过资格赛的韦思佳），男单3人（张之臻、商竣程和布云朝克特）。
在前四个比赛日中，3位男单选手均未能通过首轮关，女单也只有5号种子郑钦文、王曦雨、王雅繁和持外卡参赛的张帅4人晋级第二轮。而在第四比赛日中，郑钦文也0-2不敌德国老将西格蒙德，无缘第三轮。这样，在正赛第五日，女单中，中国金花只剩下3人。
在正赛第五日的女单第二轮中，王雅繁对阵9号种子卡萨金娜。这是双方之间的首次交锋，此前，王雅繁职业生涯中对阵TOP10已收获3场胜利，中国金花也是力争连续2年闯入澳网32强。
不过，本场比赛，首盘，卡萨金娜2次破发得手，以6-2先下一城。而第二盘，她更是直接送蛋。这样，王雅繁最终就以2-6/0-6不敌9号种子卡萨金娜，止步正赛第二轮。卡萨金娜时隔3年再进澳网32强。
持外卡参赛的张帅则是再战苦主、24号种子普丁塞娃。此前，两人共交手过7次，张帅2胜5负处于下风，且目前已经5连败，包括最近一次在去年武网不敌对手。
本场比赛同样延续了之前的情况。首盘，普丁塞娃6-2先下一城。第二盘，张帅同样未能给对手造成威胁，以1-6再丢一盘。这样，持外卡出战的张帅也是连丢两盘，以2-6/1-6不敌24号种子普丁塞娃，遭遇对后者的6连败，无缘第三轮。普丁塞娃时隔4年再进澳网32强，接下来将对阵9号种子卡萨金娜。
最后结束比赛的是王曦雨，她的对手是8号种子纳瓦罗。双方此前唯一一次交锋来自去年澳网首轮，当时纳瓦罗6-1/6-7/7-5获胜。而中国金花本场将向职业生涯的第2个大满贯32强发起冲击，也力争第二次战胜世界前十。
本场比赛的情况跟去年也是颇为相似。首盘，纳瓦罗开场2次先被破发都马上追回，最终凭借盘末连赢3局的表现，以6-3先下一城。第二盘，双方展开破发大战，王曦雨凭借多1次破发的优势，以6-3扳回一城。然而决胜盘中，王曦雨在4-2之后连丢4局，以4-6遭逆转。这样，王曦雨最终以3-6/6-3/4-6不敌8号种子纳瓦罗，连续2年在墨尔本公园负于对手。至此，本届澳网中，中国网协选手在单打赛场全部出局。
除单打比赛外，当日中国选手还进行了多场双打比赛。在女双首轮中，袁悦/亚历山德洛娃以6-2/6-1横扫卡瓦/齐默尔曼，12号种子郭涵煜/帕诺娃同样直落两盘，以6-4/7-6（4）淘汰卡布雷拉/普雷斯顿，成功晋级32强。
王欣瑜/郑赛赛在决胜盘一度2-5落后的情况下，挽救1个赛点，连胜5局，最终以6-2/3-6/7-5淘汰王曦雨/普丁塞娃，晋级32强； 徐一璠/杨钊煊在先输一盘的情况下，连扳两盘，以4-6/6-4/6-3逆转汤千慧/帕克斯，接下来将战3号种子谢淑薇/奥斯塔彭科——后者以7-5/6-2战胜米哈利科娃/尼克尔斯。
男双首轮中，张之臻/马哈奇直落两盘，以7-5/6-4击败安德雷奥兹/阿里巴奇，顺利迎来开门红，闯入正赛第二轮。而布云朝克特/巴埃纳连丢两盘，以1-6/2-6输给了赛会13号种子吉列/泽林斯基，至此，小布也结束了本届澳网之旅。",https://sports.sina.com.cn/tennis/china/2025-01-16/doc-inefenpt6658697.shtml
新赛季意甲前瞻:那不勒斯难破咒 国米卷土重来,"25/26赛季新变化：
新赛季为确保联赛的延续性，意甲职业联盟宣布， 若意甲联赛因任何原因而推迟或中断，必须在紧接着的次日进行补赛。当然，如果存在特殊情况，就需要找最近一个无球赛日进行补赛。特殊情况包括：场地条件不佳、国家队征召、赛程冲突以及国际足联的干预。
25/26赛季实力分档：
那不勒斯算是今年夏窗意甲争冠球队中，阵容保持最稳定的球队了。上个赛季名帅孔蒂入主，带领那不勒斯在缺少奥斯梅恩的情况下时隔一年再度捧起意甲冠军，巩固了自己在球队中的地位。今年夏天，那不勒斯高价送走奥斯梅恩，同时也完整保留了上个赛季的冠军阵容。而且，还引进德布劳内、比克马、诺阿-朗等一众强援，实力上有增无减。不过意甲自19/20赛季以来，没有任何球队能够成功卫冕，本赛季那不勒斯又将迎来多线作战，想要再次捧起冠军奖杯的难度大增。
国际米兰上个赛季双线功亏一篑，获得联赛、欧冠双亚军。执教了接近4年的主帅小因扎吉离任远赴沙特，44岁的前国米名宿齐沃接掌教鞭。齐沃在今年2月份执教帕尔马时，才首次担任一线队主帅，经验实在谈不上丰富，能否将国米的实力全部发挥出来犹未可知。不过夏窗国米花费超过7000万欧元引援，同时主力人员流失也不严重，全队身价高居联赛第一，阵容堪称意甲最顶级。如果国米能够与齐沃顺利度过磨合期，那么他们将是意甲冠军的最有力争夺者。
尤文图斯上个赛季排名第4，以1分优势堪堪获得本赛季的欧冠资格。今年夏窗，尽管前锋弗拉霍维奇的清洗工作推进困难，但尤文仍豪掷超1亿欧元招入小孔塞桑、乔纳森-戴维等锋线好手。可以看出斑马军团在阔别意甲冠军5个赛季后，对于重返巅峰的渴望。
AC米兰上个赛季的表现可谓令人大跌眼镜，意甲第8的排名也为近10年最差成绩。今年夏天AC米兰的阵容进行了较大幅度的改变，球队两大核心特奥和赖因德斯相继离队，除莫德里奇外几乎没有什么值得关注的转会，阵容实力大打折扣。虽然新帅阿莱格里执教经验丰富，但其近年来所带球队无一逃不出“锋无力”的标签。预计AC米兰在新赛季会比去年有所好转，但还不足以迈入争冠行列。
罗马上个赛季自老帅拉涅利入主后，球队战绩一路飙升，从积分榜中游升至最终的第5名。可惜拉涅利在夏天退休，球队的新帅为同样令人期待的亚特兰大功勋主帅加斯佩里尼。罗马夏窗的引援可谓可圈可点，他们从布莱顿租借了锋线新星弗格森，还引进了朗斯中场艾纳维。如果加斯佩里尼能够延续其一贯的高强度比赛风格，罗马在新赛季将是欧冠资格的有力竞争者。
亚特兰大上个赛季表现抢眼，高居意甲第三位。不过执掌球队8年之久的主帅加斯佩里尼出走罗马，令所有人意想不到。亚特兰大夏窗人员流失严重，头号射手雷特吉远赴沙特，后防大将鲁杰里也转会马竞，二号射手卢克曼陷入转会风波，可以看出球队的未来不容乐观。
拉齐奥上个赛季最终位列联赛第7，表现并不能让人满意。主帅萨里在短暂离开一年后，又一次重掌球队教鞭。尽管夏窗受限于财政问题，拉齐奥的引援力度不大，但球队阵容保留得比较完整，整体实力依然有保证。而且，新赛季拉齐奥没有欧战任务，可以更加专心的备战联赛，晋级欧战区似乎不成问题。
佛罗伦萨近年来表现稳定，在意甲一直处于中上游的位置，上个赛季排名第6再次夺得欧协联资格。球队夏天更换了主帅，换来了经验更加丰富的前意甲冠军教头皮奥里。夏窗佛罗伦萨引进了尤文中场天才法乔利、帕尔马中场佐姆，阵容稳中有升。
博洛尼亚未能延续球队在23/24赛季的惊人表现，上个赛季最终仅位列第9名。不过，他们夺得了意大利杯的冠军，并因此获得欧罗巴的参赛资格。夏窗博洛尼亚操作有限，同时主力大腿恩多耶、比克马相继离队，新赛季多线作战的情况下难有亮眼表现。
从有关机构给出的意甲降级赔率来看，克雷莫内塞、比萨这两支升班马为最大热门，维罗纳和上赛季意乙冠军萨索洛紧随其后。
克雷莫内塞上个赛季排名意乙第4位，最终凭借升级附加赛晋升意甲，可以说有一定的运气成分。今年夏窗他们的转会投入不多，目前是意甲身价最低的球队。比萨作为升班马同样资金较为紧缺，转会基本全靠租借球员，他们的全队身价也处于意甲末端，保级形势十分严峻。
萨索洛在23/24赛季意外降入意乙后，仅用一个赛季再次杀回意甲联赛。上个赛季他们在意乙遥遥领先，毫无悬念地夺得冠军，可以说有点降维打击的意味。新赛季萨索洛基本保留了主力阵容，全队身价也处于意甲中游之列，保级几乎没有问题。
维罗纳上赛季排名意甲第14，高出降级区6分提前完成保级任务。不过今年夏窗，球队两名核心后卫转会离队，后防线上损失较为惨重。对于保级球队来说，后防无疑是重中之重，因此这也为他们新赛季的保级之路蒙上了一层阴影。",https://sports.sina.com.cn/l/2025-08-20/doc-infmqwak0477796.shtml
