case_id,method,initial_errors,final_errors,error_reduction,clean_fact_preservation,overrepair_rate,triple_precision,triple_recall,triple_f1,exact_match,normalized_f1,normalized_exact,repair
sroie-007,input,4.0,4.0,0.0,1.0,0.0,0.5,0.5,0.5,0.0,0.5,0.0,
sroie-007,rule_only,4.0,4.0,0.0,1.0,0.0,0.5,0.5,0.5,0.0,0.5,0.0,
sroie-007,source_field_copy,4.0,4.0,0.0,0.0,0.5,0.0,0.0,0.0,0.0,0.0,0.0,
sroie-007,base_raw,4.0,4.0,0.0,1.0,0.0,0.5,0.5,0.5,0.0,0.5,0.0,
sroie-007,base_gate,4.0,4.0,0.0,1.0,0.0,0.5,0.5,0.5,0.0,0.5,0.0,
sroie-007,diagnosis_raw,4.0,4.0,0.0,1.0,0.0,0.5,0.5,0.5,0.0,0.5,0.0,
sroie-007,diagnosis_gate,4.0,4.0,0.0,1.0,0.0,0.5,0.5,0.5,0.0,0.5,0.0,
sroie-007,shacl_context_raw,4.0,4.0,0.0,1.0,0.0,0.5,0.5,0.5,0.0,0.5,0.0,
sroie-007,shacl_context_gate,4.0,4.0,0.0,1.0,0.0,0.5,0.5,0.5,0.0,0.5,0.0,
sroie-018,input,4.0,4.0,0.0,1.0,0.0,0.5,0.5,0.5,0.0,0.75,0.0,
sroie-018,rule_only,4.0,4.0,0.0,1.0,0.0,0.5,0.5,0.5,0.0,0.75,0.0,
sroie-018,source_field_copy,4.0,4.0,0.0,0.0,0.5,0.0,0.0,0.0,0.0,0.0,0.0,
sroie-018,base_raw,4.0,4.0,0.0,1.0,0.0,0.5,0.5,0.5,0.0,0.75,0.0,
sroie-018,base_gate,4.0,4.0,0.0,1.0,0.0,0.5,0.5,0.5,0.0,0.75,0.0,
sroie-018,diagnosis_raw,4.0,4.0,0.0,1.0,0.0,0.5,0.5,0.5,0.0,0.75,0.0,
sroie-018,diagnosis_gate,4.0,4.0,0.0,1.0,0.0,0.5,0.5,0.5,0.0,0.75,0.0,
sroie-018,shacl_context_raw,4.0,4.0,0.0,1.0,0.0,0.5,0.5,0.5,0.0,0.75,0.0,
sroie-018,shacl_context_gate,4.0,4.0,0.0,1.0,0.0,0.5,0.5,0.5,0.0,0.75,0.0,
sroie-021,input,0.0,0.0,1.0,1.0,0.0,1.0,1.0,1.0,1.0,1.0,1.0,
sroie-021,rule_only,0.0,0.0,1.0,1.0,0.0,1.0,1.0,1.0,1.0,1.0,1.0,
sroie-021,source_field_copy,0.0,4.0,0.0,0.0,1.0,0.0,0.0,0.0,0.0,0.0,0.0,
sroie-021,base_raw,0.0,0.0,1.0,1.0,0.0,1.0,1.0,1.0,1.0,1.0,1.0,
sroie-021,base_gate,0.0,0.0,1.0,1.0,0.0,1.0,1.0,1.0,1.0,1.0,1.0,
sroie-021,diagnosis_raw,0.0,0.0,1.0,1.0,0.0,1.0,1.0,1.0,1.0,1.0,1.0,
sroie-021,diagnosis_gate,0.0,0.0,1.0,1.0,0.0,1.0,1.0,1.0,1.0,1.0,1.0,
sroie-021,shacl_context_raw,0.0,0.0,1.0,1.0,0.0,1.0,1.0,1.0,1.0,1.0,1.0,
sroie-021,shacl_context_gate,0.0,0.0,1.0,1.0,0.0,1.0,1.0,1.0,1.0,1.0,1.0,
sroie-023,input,2.0,2.0,0.0,1.0,0.0,0.75,0.75,0.75,0.0,1.0,1.0,
sroie-023,rule_only,2.0,2.0,0.0,1.0,0.0,0.75,0.75,0.75,0.0,1.0,1.0,
sroie-023,source_field_copy,2.0,4.0,-1.0,0.0,0.75,0.0,0.0,0.0,0.0,0.0,0.0,
sroie-023,base_raw,2.0,2.0,0.0,1.0,0.0,0.75,0.75,0.75,0.0,1.0,1.0,
sroie-023,base_gate,2.0,2.0,0.0,1.0,0.0,0.75,0.75,0.75,0.0,1.0,1.0,
sroie-023,diagnosis_raw,2.0,2.0,0.0,1.0,0.0,0.75,0.75,0.75,0.0,1.0,1.0,
sroie-023,diagnosis_gate,2.0,2.0,0.0,1.0,0.0,0.75,0.75,0.75,0.0,1.0,1.0,
sroie-023,shacl_context_raw,2.0,2.0,0.0,1.0,0.0,0.75,0.75,0.75,0.0,1.0,1.0,
sroie-023,shacl_context_gate,2.0,2.0,0.0,1.0,0.0,0.75,0.75,0.75,0.0,1.0,1.0,
sroie-039,input,4.0,4.0,0.0,1.0,0.0,0.5,0.5,0.5,0.0,0.5,0.0,
sroie-039,rule_only,4.0,4.0,0.0,1.0,0.0,0.5,0.5,0.5,0.0,0.5,0.0,
sroie-039,source_field_copy,4.0,4.0,0.0,0.0,0.5,0.0,0.0,0.0,0.0,0.0,0.0,
sroie-039,base_raw,4.0,4.0,0.0,1.0,0.0,0.5,0.5,0.5,0.0,0.5,0.0,
sroie-039,base_gate,4.0,4.0,0.0,1.0,0.0,0.5,0.5,0.5,0.0,0.5,0.0,
sroie-039,diagnosis_raw,4.0,4.0,0.0,1.0,0.0,0.5,0.5,0.5,0.0,0.5,0.0,
sroie-039,diagnosis_gate,4.0,4.0,0.0,1.0,0.0,0.5,0.5,0.5,0.0,0.5,0.0,
sroie-039,shacl_context_raw,4.0,4.0,0.0,1.0,0.0,0.5,0.5,0.5,0.0,0.5,0.0,
sroie-039,shacl_context_gate,4.0,4.0,0.0,1.0,0.0,0.5,0.5,0.5,0.0,0.5,0.0,
sroie-061,input,4.0,4.0,0.0,1.0,0.0,0.5,0.5,0.5,0.0,0.5,0.0,
sroie-061,rule_only,4.0,4.0,0.0,1.0,0.0,0.5,0.5,0.5,0.0,0.5,0.0,
sroie-061,source_field_copy,4.0,4.0,0.0,0.0,0.5,0.0,0.0,0.0,0.0,0.0,0.0,
sroie-061,base_raw,4.0,4.0,0.0,1.0,0.0,0.5,0.5,0.5,0.0,0.5,0.0,
sroie-061,base_gate,4.0,4.0,0.0,1.0,0.0,0.5,0.5,0.5,0.0,0.5,0.0,
sroie-061,diagnosis_raw,4.0,4.0,0.0,1.0,0.0,0.5,0.5,0.5,0.0,0.5,0.0,
sroie-061,diagnosis_gate,4.0,4.0,0.0,1.0,0.0,0.5,0.5,0.5,0.0,0.5,0.0,
sroie-061,shacl_context_raw,4.0,4.0,0.0,1.0,0.0,0.5,0.5,0.5,0.0,0.5,0.0,
sroie-061,shacl_context_gate,4.0,4.0,0.0,1.0,0.0,0.5,0.5,0.5,0.0,0.5,0.0,
sroie-062,input,4.0,4.0,0.0,1.0,0.0,0.5,0.5,0.5,0.0,0.5,0.0,
sroie-062,rule_only,4.0,4.0,0.0,1.0,0.0,0.5,0.5,0.5,0.0,0.5,0.0,
sroie-062,source_field_copy,4.0,4.0,0.0,0.0,0.5,0.0,0.0,0.0,0.0,0.0,0.0,
sroie-062,base_raw,4.0,4.0,0.0,1.0,0.0,0.5,0.5,0.5,0.0,0.5,0.0,
sroie-062,base_gate,4.0,4.0,0.0,1.0,0.0,0.5,0.5,0.5,0.0,0.5,0.0,
sroie-062,diagnosis_raw,4.0,4.0,0.0,1.0,0.0,0.5,0.5,0.5,0.0,0.5,0.0,
sroie-062,diagnosis_gate,4.0,4.0,0.0,1.0,0.0,0.5,0.5,0.5,0.0,0.5,0.0,
sroie-062,shacl_context_raw,4.0,4.0,0.0,1.0,0.0,0.5,0.5,0.5,0.0,0.5,0.0,
sroie-062,shacl_context_gate,4.0,4.0,0.0,1.0,0.0,0.5,0.5,0.5,0.0,0.5,0.0,
sroie-065,input,0.0,0.0,1.0,1.0,0.0,1.0,1.0,1.0,1.0,1.0,1.0,
sroie-065,rule_only,0.0,0.0,1.0,1.0,0.0,1.0,1.0,1.0,1.0,1.0,1.0,
sroie-065,source_field_copy,0.0,4.0,0.0,0.0,1.0,0.0,0.0,0.0,0.0,0.0,0.0,
sroie-065,base_raw,0.0,0.0,1.0,1.0,0.0,1.0,1.0,1.0,1.0,1.0,1.0,
sroie-065,base_gate,0.0,0.0,1.0,1.0,0.0,1.0,1.0,1.0,1.0,1.0,1.0,
sroie-065,diagnosis_raw,0.0,0.0,1.0,1.0,0.0,1.0,1.0,1.0,1.0,1.0,1.0,
sroie-065,diagnosis_gate,0.0,0.0,1.0,1.0,0.0,1.0,1.0,1.0,1.0,1.0,1.0,
sroie-065,shacl_context_raw,0.0,0.0,1.0,1.0,0.0,1.0,1.0,1.0,1.0,1.0,1.0,
sroie-065,shacl_context_gate,0.0,0.0,1.0,1.0,0.0,1.0,1.0,1.0,1.0,1.0,1.0,
sroie-066,input,0.0,0.0,1.0,1.0,0.0,1.0,1.0,1.0,1.0,1.0,1.0,
sroie-066,rule_only,0.0,0.0,1.0,1.0,0.0,1.0,1.0,1.0,1.0,1.0,1.0,
sroie-066,source_field_copy,0.0,4.0,0.0,0.0,1.0,0.0,0.0,0.0,0.0,0.0,0.0,
sroie-066,base_raw,0.0,0.0,1.0,1.0,0.0,1.0,1.0,1.0,1.0,1.0,1.0,
sroie-066,base_gate,0.0,0.0,1.0,1.0,0.0,1.0,1.0,1.0,1.0,1.0,1.0,
sroie-066,diagnosis_raw,0.0,0.0,1.0,1.0,0.0,1.0,1.0,1.0,1.0,1.0,1.0,
sroie-066,diagnosis_gate,0.0,0.0,1.0,1.0,0.0,1.0,1.0,1.0,1.0,1.0,1.0,
sroie-066,shacl_context_raw,0.0,0.0,1.0,1.0,0.0,1.0,1.0,1.0,1.0,1.0,1.0,
sroie-066,shacl_context_gate,0.0,0.0,1.0,1.0,0.0,1.0,1.0,1.0,1.0,1.0,1.0,
sroie-071,input,0.0,0.0,1.0,1.0,0.0,1.0,1.0,1.0,1.0,1.0,1.0,
sroie-071,rule_only,0.0,0.0,1.0,1.0,0.0,1.0,1.0,1.0,1.0,1.0,1.0,
sroie-071,source_field_copy,0.0,4.0,0.0,0.0,1.0,0.0,0.0,0.0,0.0,0.0,0.0,
sroie-071,base_raw,0.0,0.0,1.0,1.0,0.0,1.0,1.0,1.0,1.0,1.0,1.0,
sroie-071,base_gate,0.0,0.0,1.0,1.0,0.0,1.0,1.0,1.0,1.0,1.0,1.0,
sroie-071,diagnosis_raw,0.0,0.0,1.0,1.0,0.0,1.0,1.0,1.0,1.0,1.0,1.0,
sroie-071,diagnosis_gate,0.0,0.0,1.0,1.0,0.0,1.0,1.0,1.0,1.0,1.0,1.0,
sroie-071,shacl_context_raw,0.0,0.0,1.0,1.0,0.0,1.0,1.0,1.0,1.0,1.0,1.0,
sroie-071,shacl_context_gate,0.0,0.0,1.0,1.0,0.0,1.0,1.0,1.0,1.0,1.0,1.0,
sroie-077,input,2.0,2.0,0.0,1.0,0.0,0.75,0.75,0.75,0.0,0.75,0.0,
sroie-077,rule_only,2.0,2.0,0.0,1.0,0.0,0.75,0.75,0.75,0.0,0.75,0.0,
sroie-077,source_field_copy,2.0,4.0,-1.0,0.0,0.75,0.0,0.0,0.0,0.0,0.0,0.0,
sroie-077,base_raw,2.0,2.0,0.0,1.0,0.0,0.75,0.75,0.75,0.0,0.75,0.0,
sroie-077,base_gate,2.0,2.0,0.0,1.0,0.0,0.75,0.75,0.75,0.0,0.75,0.0,
sroie-077,diagnosis_raw,2.0,2.0,0.0,1.0,0.0,0.75,0.75,0.75,0.0,0.75,0.0,
sroie-077,diagnosis_gate,2.0,2.0,0.0,1.0,0.0,0.75,0.75,0.75,0.0,0.75,0.0,
sroie-077,shacl_context_raw,2.0,2.0,0.0,1.0,0.0,0.75,0.75,0.75,0.0,0.75,0.0,
sroie-077,shacl_context_gate,2.0,2.0,0.0,1.0,0.0,0.75,0.75,0.75,0.0,0.75,0.0,
sroie-100,input,2.0,2.0,0.0,1.0,0.0,0.75,0.75,0.75,0.0,0.75,0.0,
sroie-100,rule_only,2.0,2.0,0.0,1.0,0.0,0.75,0.75,0.75,0.0,0.75,0.0,
sroie-100,source_field_copy,2.0,4.0,-1.0,0.0,0.75,0.0,0.0,0.0,0.0,0.0,0.0,
sroie-100,base_raw,2.0,2.0,0.0,1.0,0.0,0.75,0.75,0.75,0.0,0.75,0.0,
sroie-100,base_gate,2.0,2.0,0.0,1.0,0.0,0.75,0.75,0.75,0.0,0.75,0.0,
sroie-100,diagnosis_raw,2.0,2.0,0.0,1.0,0.0,0.75,0.75,0.75,0.0,0.75,0.0,
sroie-100,diagnosis_gate,2.0,2.0,0.0,1.0,0.0,0.75,0.75,0.75,0.0,0.75,0.0,
sroie-100,shacl_context_raw,2.0,2.0,0.0,1.0,0.0,0.75,0.75,0.75,0.0,0.75,0.0,
sroie-100,shacl_context_gate,2.0,2.0,0.0,1.0,0.0,0.75,0.75,0.75,0.0,0.75,0.0,
sroie-103,input,2.0,2.0,0.0,1.0,0.0,0.75,0.75,0.75,0.0,0.75,0.0,
sroie-103,rule_only,2.0,2.0,0.0,1.0,0.0,0.75,0.75,0.75,0.0,0.75,0.0,
sroie-103,source_field_copy,2.0,4.0,-1.0,0.0,0.75,0.0,0.0,0.0,0.0,0.0,0.0,
sroie-103,base_raw,2.0,2.0,0.0,1.0,0.0,0.75,0.75,0.75,0.0,0.75,0.0,
sroie-103,base_gate,2.0,2.0,0.0,1.0,0.0,0.75,0.75,0.75,0.0,0.75,0.0,
sroie-103,diagnosis_raw,2.0,2.0,0.0,1.0,0.0,0.75,0.75,0.75,0.0,0.75,0.0,
sroie-103,diagnosis_gate,2.0,2.0,0.0,1.0,0.0,0.75,0.75,0.75,0.0,0.75,0.0,
sroie-103,shacl_context_raw,2.0,2.0,0.0,1.0,0.0,0.75,0.75,0.75,0.0,0.75,0.0,
sroie-103,shacl_context_gate,2.0,2.0,0.0,1.0,0.0,0.75,0.75,0.75,0.0,0.75,0.0,
sroie-104,input,2.0,2.0,0.0,1.0,0.0,0.6666666666666666,0.6666666666666666,0.6666666666666666,0.0,0.6666666666666666,0.0,
sroie-104,rule_only,2.0,2.0,0.0,1.0,0.0,0.6666666666666666,0.6666666666666666,0.6666666666666666,0.0,0.6666666666666666,0.0,
sroie-104,source_field_copy,2.0,3.0,-0.5,0.0,0.6666666666666666,0.0,0.0,0.0,0.0,0.0,0.0,
sroie-104,base_raw,2.0,2.0,0.0,1.0,0.0,0.6666666666666666,0.6666666666666666,0.6666666666666666,0.0,0.6666666666666666,0.0,
sroie-104,base_gate,2.0,2.0,0.0,1.0,0.0,0.6666666666666666,0.6666666666666666,0.6666666666666666,0.0,0.6666666666666666,0.0,
sroie-104,diagnosis_raw,2.0,2.0,0.0,1.0,0.0,0.6666666666666666,0.6666666666666666,0.6666666666666666,0.0,0.6666666666666666,0.0,
sroie-104,diagnosis_gate,2.0,2.0,0.0,1.0,0.0,0.6666666666666666,0.6666666666666666,0.6666666666666666,0.0,0.6666666666666666,0.0,
sroie-104,shacl_context_raw,2.0,2.0,0.0,1.0,0.0,0.6666666666666666,0.6666666666666666,0.6666666666666666,0.0,0.6666666666666666,0.0,
sroie-104,shacl_context_gate,2.0,2.0,0.0,1.0,0.0,0.6666666666666666,0.6666666666666666,0.6666666666666666,0.0,0.6666666666666666,0.0,
sroie-110,input,2.0,2.0,0.0,1.0,0.0,0.75,0.75,0.75,0.0,0.75,0.0,
sroie-110,rule_only,2.0,2.0,0.0,1.0,0.0,0.75,0.75,0.75,0.0,0.75,0.0,
sroie-110,source_field_copy,2.0,4.0,-1.0,0.0,0.75,0.0,0.0,0.0,0.0,0.0,0.0,
sroie-110,base_raw,2.0,2.0,0.0,1.0,0.0,0.75,0.75,0.75,0.0,0.75,0.0,
sroie-110,base_gate,2.0,2.0,0.0,1.0,0.0,0.75,0.75,0.75,0.0,0.75,0.0,
sroie-110,diagnosis_raw,2.0,2.0,0.0,1.0,0.0,0.75,0.75,0.75,0.0,0.75,0.0,
sroie-110,diagnosis_gate,2.0,2.0,0.0,1.0,0.0,0.75,0.75,0.75,0.0,0.75,0.0,
sroie-110,shacl_context_raw,2.0,2.0,0.0,1.0,0.0,0.75,0.75,0.75,0.0,0.75,0.0,
sroie-110,shacl_context_gate,2.0,2.0,0.0,1.0,0.0,0.75,0.75,0.75,0.0,0.75,0.0,
sroie-117,input,2.0,2.0,0.0,1.0,0.0,0.75,0.75,0.75,0.0,0.75,0.0,
sroie-117,rule_only,2.0,2.0,0.0,1.0,0.0,0.75,0.75,0.75,0.0,0.75,0.0,
sroie-117,source_field_copy,2.0,4.0,-1.0,0.0,0.75,0.0,0.0,0.0,0.0,0.0,0.0,
sroie-117,base_raw,2.0,2.0,0.0,1.0,0.0,0.75,0.75,0.75,0.0,0.75,0.0,
sroie-117,base_gate,2.0,2.0,0.0,1.0,0.0,0.75,0.75,0.75,0.0,0.75,0.0,
sroie-117,diagnosis_raw,2.0,2.0,0.0,1.0,0.0,0.75,0.75,0.75,0.0,0.75,0.0,
sroie-117,diagnosis_gate,2.0,2.0,0.0,1.0,0.0,0.75,0.75,0.75,0.0,0.75,0.0,
sroie-117,shacl_context_raw,2.0,2.0,0.0,1.0,0.0,0.75,0.75,0.75,0.0,0.75,0.0,
sroie-117,shacl_context_gate,2.0,2.0,0.0,1.0,0.0,0.75,0.75,0.75,0.0,0.75,0.0,
sroie-121,input,2.0,2.0,0.0,1.0,0.0,0.75,0.75,0.75,0.0,0.75,0.0,
sroie-121,rule_only,2.0,2.0,0.0,1.0,0.0,0.75,0.75,0.75,0.0,0.75,0.0,
sroie-121,source_field_copy,2.0,4.0,-1.0,0.0,0.75,0.0,0.0,0.0,0.0,0.0,0.0,
sroie-121,base_raw,2.0,2.0,0.0,1.0,0.0,0.75,0.75,0.75,0.0,0.75,0.0,
sroie-121,base_gate,2.0,2.0,0.0,1.0,0.0,0.75,0.75,0.75,0.0,0.75,0.0,
sroie-121,diagnosis_raw,2.0,2.0,0.0,1.0,0.0,0.75,0.75,0.75,0.0,0.75,0.0,
sroie-121,diagnosis_gate,2.0,2.0,0.0,1.0,0.0,0.75,0.75,0.75,0.0,0.75,0.0,
sroie-121,shacl_context_raw,2.0,2.0,0.0,1.0,0.0,0.75,0.75,0.75,0.0,0.75,0.0,
sroie-121,shacl_context_gate,2.0,2.0,0.0,1.0,0.0,0.75,0.75,0.75,0.0,0.75,0.0,
sroie-139,input,0.0,0.0,1.0,1.0,0.0,1.0,1.0,1.0,1.0,1.0,1.0,
sroie-139,rule_only,0.0,0.0,1.0,1.0,0.0,1.0,1.0,1.0,1.0,1.0,1.0,
sroie-139,source_field_copy,0.0,4.0,0.0,0.0,1.0,0.0,0.0,0.0,0.0,0.0,0.0,
sroie-139,base_raw,0.0,0.0,1.0,1.0,0.0,1.0,1.0,1.0,1.0,1.0,1.0,
sroie-139,base_gate,0.0,0.0,1.0,1.0,0.0,1.0,1.0,1.0,1.0,1.0,1.0,
sroie-139,diagnosis_raw,0.0,0.0,1.0,1.0,0.0,1.0,1.0,1.0,1.0,1.0,1.0,
sroie-139,diagnosis_gate,0.0,0.0,1.0,1.0,0.0,1.0,1.0,1.0,1.0,1.0,1.0,
sroie-139,shacl_context_raw,0.0,0.0,1.0,1.0,0.0,1.0,1.0,1.0,1.0,1.0,1.0,
sroie-139,shacl_context_gate,0.0,0.0,1.0,1.0,0.0,1.0,1.0,1.0,1.0,1.0,1.0,
sroie-147,input,2.0,2.0,0.0,1.0,0.0,0.75,0.75,0.75,0.0,0.75,0.0,
sroie-147,rule_only,2.0,2.0,0.0,1.0,0.0,0.75,0.75,0.75,0.0,0.75,0.0,
sroie-147,source_field_copy,2.0,4.0,-1.0,0.0,0.75,0.0,0.0,0.0,0.0,0.0,0.0,
sroie-147,base_raw,2.0,2.0,0.0,1.0,0.0,0.75,0.75,0.75,0.0,0.75,0.0,
sroie-147,base_gate,2.0,2.0,0.0,1.0,0.0,0.75,0.75,0.75,0.0,0.75,0.0,
sroie-147,diagnosis_raw,2.0,2.0,0.0,1.0,0.0,0.75,0.75,0.75,0.0,0.75,0.0,
sroie-147,diagnosis_gate,2.0,2.0,0.0,1.0,0.0,0.75,0.75,0.75,0.0,0.75,0.0,
sroie-147,shacl_context_raw,2.0,2.0,0.0,1.0,0.0,0.75,0.75,0.75,0.0,0.75,0.0,
sroie-147,shacl_context_gate,2.0,2.0,0.0,1.0,0.0,0.75,0.75,0.75,0.0,0.75,0.0,
sroie-155,input,2.0,2.0,0.0,1.0,0.0,0.75,0.75,0.75,0.0,0.75,0.0,
sroie-155,rule_only,2.0,2.0,0.0,1.0,0.0,0.75,0.75,0.75,0.0,0.75,0.0,
sroie-155,source_field_copy,2.0,4.0,-1.0,0.0,0.75,0.0,0.0,0.0,0.0,0.0,0.0,
sroie-155,base_raw,2.0,2.0,0.0,1.0,0.0,0.75,0.75,0.75,0.0,0.75,0.0,
sroie-155,base_gate,2.0,3.0,-0.5,0.6666666666666666,1.0,0.6666666666666666,0.5,0.5714285714285715,0.0,0.5714285714285715,0.0,
sroie-155,diagnosis_raw,2.0,2.0,0.0,1.0,0.0,0.75,0.75,0.75,0.0,0.75,0.0,
sroie-155,diagnosis_gate,2.0,3.0,-0.5,0.6666666666666666,1.0,0.6666666666666666,0.5,0.5714285714285715,0.0,0.5714285714285715,0.0,
sroie-155,shacl_context_raw,2.0,2.0,0.0,1.0,0.0,0.75,0.75,0.75,0.0,0.75,0.0,
sroie-155,shacl_context_gate,2.0,3.0,-0.5,0.6666666666666666,1.0,0.6666666666666666,0.5,0.5714285714285715,0.0,0.5714285714285715,0.0,
sroie-157,input,4.0,4.0,0.0,1.0,0.0,0.5,0.5,0.5,0.0,0.5,0.0,
sroie-157,rule_only,4.0,4.0,0.0,1.0,0.0,0.5,0.5,0.5,0.0,0.5,0.0,
sroie-157,source_field_copy,4.0,4.0,0.0,0.0,0.5,0.0,0.0,0.0,0.0,0.0,0.0,
sroie-157,base_raw,4.0,4.0,0.0,1.0,0.0,0.5,0.5,0.5,0.0,0.5,0.0,
sroie-157,base_gate,4.0,4.0,0.0,1.0,0.0,0.5,0.5,0.5,0.0,0.5,0.0,
sroie-157,diagnosis_raw,4.0,4.0,0.0,1.0,0.0,0.5,0.5,0.5,0.0,0.5,0.0,
sroie-157,diagnosis_gate,4.0,4.0,0.0,1.0,0.0,0.5,0.5,0.5,0.0,0.5,0.0,
sroie-157,shacl_context_raw,4.0,4.0,0.0,1.0,0.0,0.5,0.5,0.5,0.0,0.5,0.0,
sroie-157,shacl_context_gate,4.0,4.0,0.0,1.0,0.0,0.5,0.5,0.5,0.0,0.5,0.0,
sroie-159,input,2.0,2.0,0.0,1.0,0.0,0.75,0.75,0.75,0.0,1.0,1.0,
sroie-159,rule_only,2.0,2.0,0.0,1.0,0.0,0.75,0.75,0.75,0.0,1.0,1.0,
sroie-159,source_field_copy,2.0,4.0,-1.0,0.0,0.75,0.0,0.0,0.0,0.0,0.0,0.0,
sroie-159,base_raw,2.0,2.0,0.0,1.0,0.0,0.75,0.75,0.75,0.0,1.0,1.0,
sroie-159,base_gate,2.0,2.0,0.0,1.0,0.0,0.75,0.75,0.75,0.0,1.0,1.0,
sroie-159,diagnosis_raw,2.0,2.0,0.0,1.0,0.0,0.75,0.75,0.75,0.0,1.0,1.0,
sroie-159,diagnosis_gate,2.0,2.0,0.0,1.0,0.0,0.75,0.75,0.75,0.0,1.0,1.0,
sroie-159,shacl_context_raw,2.0,2.0,0.0,1.0,0.0,0.75,0.75,0.75,0.0,1.0,1.0,
sroie-159,shacl_context_gate,2.0,2.0,0.0,1.0,0.0,0.75,0.75,0.75,0.0,1.0,1.0,
sroie-175,input,0.0,0.0,1.0,1.0,0.0,1.0,1.0,1.0,1.0,1.0,1.0,
sroie-175,rule_only,0.0,0.0,1.0,1.0,0.0,1.0,1.0,1.0,1.0,1.0,1.0,
sroie-175,source_field_copy,0.0,4.0,0.0,0.0,1.0,0.0,0.0,0.0,0.0,0.0,0.0,
sroie-175,base_raw,0.0,0.0,1.0,1.0,0.0,1.0,1.0,1.0,1.0,1.0,1.0,
sroie-175,base_gate,0.0,0.0,1.0,1.0,0.0,1.0,1.0,1.0,1.0,1.0,1.0,
sroie-175,diagnosis_raw,0.0,0.0,1.0,1.0,0.0,1.0,1.0,1.0,1.0,1.0,1.0,
sroie-175,diagnosis_gate,0.0,0.0,1.0,1.0,0.0,1.0,1.0,1.0,1.0,1.0,1.0,
sroie-175,shacl_context_raw,0.0,0.0,1.0,1.0,0.0,1.0,1.0,1.0,1.0,1.0,1.0,
sroie-175,shacl_context_gate,0.0,0.0,1.0,1.0,0.0,1.0,1.0,1.0,1.0,1.0,1.0,
sroie-183,input,2.0,2.0,0.0,1.0,0.0,0.75,0.75,0.75,0.0,0.75,0.0,
sroie-183,rule_only,2.0,2.0,0.0,1.0,0.0,0.75,0.75,0.75,0.0,0.75,0.0,
sroie-183,source_field_copy,2.0,4.0,-1.0,0.0,0.75,0.0,0.0,0.0,0.0,0.0,0.0,
sroie-183,base_raw,2.0,2.0,0.0,1.0,0.0,0.75,0.75,0.75,0.0,0.75,0.0,
sroie-183,base_gate,2.0,2.0,0.0,1.0,0.0,0.75,0.75,0.75,0.0,0.75,0.0,
sroie-183,diagnosis_raw,2.0,2.0,0.0,1.0,0.0,0.75,0.75,0.75,0.0,0.75,0.0,
sroie-183,diagnosis_gate,2.0,2.0,0.0,1.0,0.0,0.75,0.75,0.75,0.0,0.75,0.0,
sroie-183,shacl_context_raw,2.0,2.0,0.0,1.0,0.0,0.75,0.75,0.75,0.0,0.75,0.0,
sroie-183,shacl_context_gate,2.0,2.0,0.0,1.0,0.0,0.75,0.75,0.75,0.0,0.75,0.0,
sroie-186,input,2.0,2.0,0.0,1.0,0.0,0.75,0.75,0.75,0.0,0.75,0.0,
sroie-186,rule_only,2.0,2.0,0.0,1.0,0.0,0.75,0.75,0.75,0.0,0.75,0.0,
sroie-186,source_field_copy,2.0,4.0,-1.0,0.0,0.75,0.0,0.0,0.0,0.0,0.0,0.0,
sroie-186,base_raw,2.0,2.0,0.0,1.0,0.0,0.75,0.75,0.75,0.0,0.75,0.0,
sroie-186,base_gate,2.0,2.0,0.0,1.0,0.0,0.75,0.75,0.75,0.0,0.75,0.0,
sroie-186,diagnosis_raw,2.0,2.0,0.0,1.0,0.0,0.75,0.75,0.75,0.0,0.75,0.0,
sroie-186,diagnosis_gate,2.0,2.0,0.0,1.0,0.0,0.75,0.75,0.75,0.0,0.75,0.0,
sroie-186,shacl_context_raw,2.0,2.0,0.0,1.0,0.0,0.75,0.75,0.75,0.0,0.75,0.0,
sroie-186,shacl_context_gate,2.0,2.0,0.0,1.0,0.0,0.75,0.75,0.75,0.0,0.75,0.0,
sroie-198,input,2.0,2.0,0.0,1.0,0.0,0.75,0.75,0.75,0.0,1.0,1.0,
sroie-198,rule_only,2.0,2.0,0.0,1.0,0.0,0.75,0.75,0.75,0.0,1.0,1.0,
sroie-198,source_field_copy,2.0,4.0,-1.0,0.0,0.75,0.0,0.0,0.0,0.0,0.0,0.0,
sroie-198,base_raw,2.0,2.0,0.0,1.0,0.0,0.75,0.75,0.75,0.0,1.0,1.0,
sroie-198,base_gate,2.0,2.0,0.0,1.0,0.0,0.75,0.75,0.75,0.0,1.0,1.0,
sroie-198,diagnosis_raw,2.0,2.0,0.0,1.0,0.0,0.75,0.75,0.75,0.0,1.0,1.0,
sroie-198,diagnosis_gate,2.0,2.0,0.0,1.0,0.0,0.75,0.75,0.75,0.0,1.0,1.0,
sroie-198,shacl_context_raw,2.0,2.0,0.0,1.0,0.0,0.75,0.75,0.75,0.0,1.0,1.0,
sroie-198,shacl_context_gate,2.0,2.0,0.0,1.0,0.0,0.75,0.75,0.75,0.0,1.0,1.0,
sroie-209,input,4.0,4.0,0.0,1.0,0.0,0.5,0.5,0.5,0.0,0.5,0.0,
sroie-209,rule_only,4.0,4.0,0.0,1.0,0.0,0.5,0.5,0.5,0.0,0.5,0.0,
sroie-209,source_field_copy,4.0,4.0,0.0,0.0,0.5,0.0,0.0,0.0,0.0,0.0,0.0,
sroie-209,base_raw,4.0,4.0,0.0,1.0,0.0,0.5,0.5,0.5,0.0,0.5,0.0,
sroie-209,base_gate,4.0,4.0,0.0,1.0,0.0,0.5,0.5,0.5,0.0,0.5,0.0,
sroie-209,diagnosis_raw,4.0,4.0,0.0,1.0,0.0,0.5,0.5,0.5,0.0,0.5,0.0,
sroie-209,diagnosis_gate,4.0,4.0,0.0,1.0,0.0,0.5,0.5,0.5,0.0,0.5,0.0,
sroie-209,shacl_context_raw,4.0,2.0,0.5,1.0,0.0,0.75,0.75,0.75,0.0,0.75,0.0,
sroie-209,shacl_context_gate,4.0,2.0,0.5,1.0,0.0,0.75,0.75,0.75,0.0,0.75,0.0,
sroie-210,input,4.0,4.0,0.0,1.0,0.0,0.5,0.5,0.5,0.0,0.5,0.0,
sroie-210,rule_only,4.0,4.0,0.0,1.0,0.0,0.5,0.5,0.5,0.0,0.5,0.0,
sroie-210,source_field_copy,4.0,4.0,0.0,0.0,0.5,0.0,0.0,0.0,0.0,0.0,0.0,
sroie-210,base_raw,4.0,4.0,0.0,1.0,0.0,0.5,0.5,0.5,0.0,0.5,0.0,
sroie-210,base_gate,4.0,4.0,0.0,1.0,0.0,0.5,0.5,0.5,0.0,0.5,0.0,
sroie-210,diagnosis_raw,4.0,4.0,0.0,1.0,0.0,0.5,0.5,0.5,0.0,0.5,0.0,
sroie-210,diagnosis_gate,4.0,4.0,0.0,1.0,0.0,0.5,0.5,0.5,0.0,0.5,0.0,
sroie-210,shacl_context_raw,4.0,4.0,0.0,1.0,0.0,0.5,0.5,0.5,0.0,0.5,0.0,
sroie-210,shacl_context_gate,4.0,4.0,0.0,1.0,0.0,0.5,0.5,0.5,0.0,0.5,0.0,
sroie-221,input,2.0,2.0,0.0,1.0,0.0,0.75,0.75,0.75,0.0,0.75,0.0,
sroie-221,rule_only,2.0,2.0,0.0,1.0,0.0,0.75,0.75,0.75,0.0,0.75,0.0,
sroie-221,source_field_copy,2.0,4.0,-1.0,0.0,0.75,0.0,0.0,0.0,0.0,0.0,0.0,
sroie-221,base_raw,2.0,2.0,0.0,1.0,0.0,0.75,0.75,0.75,0.0,0.75,0.0,
sroie-221,base_gate,2.0,2.0,0.0,1.0,0.0,0.75,0.75,0.75,0.0,0.75,0.0,
sroie-221,diagnosis_raw,2.0,2.0,0.0,1.0,0.0,0.75,0.75,0.75,0.0,0.75,0.0,
sroie-221,diagnosis_gate,2.0,2.0,0.0,1.0,0.0,0.75,0.75,0.75,0.0,0.75,0.0,
sroie-221,shacl_context_raw,2.0,2.0,0.0,1.0,0.0,0.75,0.75,0.75,0.0,0.75,0.0,
sroie-221,shacl_context_gate,2.0,2.0,0.0,1.0,0.0,0.75,0.75,0.75,0.0,0.75,0.0,
sroie-249,input,0.0,0.0,1.0,1.0,0.0,1.0,1.0,1.0,1.0,1.0,1.0,
sroie-249,rule_only,0.0,0.0,1.0,1.0,0.0,1.0,1.0,1.0,1.0,1.0,1.0,
sroie-249,source_field_copy,0.0,4.0,0.0,0.0,1.0,0.0,0.0,0.0,0.0,0.0,0.0,
sroie-249,base_raw,0.0,0.0,1.0,1.0,0.0,1.0,1.0,1.0,1.0,1.0,1.0,
sroie-249,base_gate,0.0,0.0,1.0,1.0,0.0,1.0,1.0,1.0,1.0,1.0,1.0,
sroie-249,diagnosis_raw,0.0,0.0,1.0,1.0,0.0,1.0,1.0,1.0,1.0,1.0,1.0,
sroie-249,diagnosis_gate,0.0,0.0,1.0,1.0,0.0,1.0,1.0,1.0,1.0,1.0,1.0,
sroie-249,shacl_context_raw,0.0,0.0,1.0,1.0,0.0,1.0,1.0,1.0,1.0,1.0,1.0,
sroie-249,shacl_context_gate,0.0,0.0,1.0,1.0,0.0,1.0,1.0,1.0,1.0,1.0,1.0,
sroie-262,input,2.0,2.0,0.0,1.0,0.0,0.75,0.75,0.75,0.0,0.75,0.0,
sroie-262,rule_only,2.0,2.0,0.0,1.0,0.0,0.75,0.75,0.75,0.0,0.75,0.0,
sroie-262,source_field_copy,2.0,4.0,-1.0,0.0,0.75,0.0,0.0,0.0,0.0,0.0,0.0,
sroie-262,base_raw,2.0,2.0,0.0,1.0,0.0,0.75,0.75,0.75,0.0,0.75,0.0,
sroie-262,base_gate,2.0,2.0,0.0,1.0,0.0,0.75,0.75,0.75,0.0,0.75,0.0,
sroie-262,diagnosis_raw,2.0,2.0,0.0,1.0,0.0,0.75,0.75,0.75,0.0,0.75,0.0,
sroie-262,diagnosis_gate,2.0,2.0,0.0,1.0,0.0,0.75,0.75,0.75,0.0,0.75,0.0,
sroie-262,shacl_context_raw,2.0,2.0,0.0,1.0,0.0,0.75,0.75,0.75,0.0,0.75,0.0,
sroie-262,shacl_context_gate,2.0,2.0,0.0,1.0,0.0,0.75,0.75,0.75,0.0,0.75,0.0,
sroie-270,input,0.0,0.0,1.0,1.0,0.0,1.0,1.0,1.0,1.0,1.0,1.0,
sroie-270,rule_only,0.0,0.0,1.0,1.0,0.0,1.0,1.0,1.0,1.0,1.0,1.0,
sroie-270,source_field_copy,0.0,4.0,0.0,0.0,1.0,0.0,0.0,0.0,0.0,0.0,0.0,
sroie-270,base_raw,0.0,0.0,1.0,1.0,0.0,1.0,1.0,1.0,1.0,1.0,1.0,
sroie-270,base_gate,0.0,0.0,1.0,1.0,0.0,1.0,1.0,1.0,1.0,1.0,1.0,
sroie-270,diagnosis_raw,0.0,0.0,1.0,1.0,0.0,1.0,1.0,1.0,1.0,1.0,1.0,
sroie-270,diagnosis_gate,0.0,0.0,1.0,1.0,0.0,1.0,1.0,1.0,1.0,1.0,1.0,
sroie-270,shacl_context_raw,0.0,0.0,1.0,1.0,0.0,1.0,1.0,1.0,1.0,1.0,1.0,
sroie-270,shacl_context_gate,0.0,0.0,1.0,1.0,0.0,1.0,1.0,1.0,1.0,1.0,1.0,
sroie-286,input,0.0,0.0,1.0,1.0,0.0,1.0,1.0,1.0,1.0,1.0,1.0,
sroie-286,rule_only,0.0,0.0,1.0,1.0,0.0,1.0,1.0,1.0,1.0,1.0,1.0,
sroie-286,source_field_copy,0.0,4.0,0.0,0.0,1.0,0.0,0.0,0.0,0.0,0.0,0.0,
sroie-286,base_raw,0.0,0.0,1.0,1.0,0.0,1.0,1.0,1.0,1.0,1.0,1.0,
sroie-286,base_gate,0.0,0.0,1.0,1.0,0.0,1.0,1.0,1.0,1.0,1.0,1.0,
sroie-286,diagnosis_raw,0.0,0.0,1.0,1.0,0.0,1.0,1.0,1.0,1.0,1.0,1.0,
sroie-286,diagnosis_gate,0.0,0.0,1.0,1.0,0.0,1.0,1.0,1.0,1.0,1.0,1.0,
sroie-286,shacl_context_raw,0.0,0.0,1.0,1.0,0.0,1.0,1.0,1.0,1.0,1.0,1.0,
sroie-286,shacl_context_gate,0.0,0.0,1.0,1.0,0.0,1.0,1.0,1.0,1.0,1.0,1.0,
sroie-296,input,2.0,2.0,0.0,1.0,0.0,0.75,0.75,0.75,0.0,0.75,0.0,
sroie-296,rule_only,2.0,2.0,0.0,1.0,0.0,0.75,0.75,0.75,0.0,0.75,0.0,
sroie-296,source_field_copy,2.0,4.0,-1.0,0.0,0.75,0.0,0.0,0.0,0.0,0.0,0.0,
sroie-296,base_raw,2.0,2.0,0.0,1.0,0.0,0.75,0.75,0.75,0.0,0.75,0.0,
sroie-296,base_gate,2.0,2.0,0.0,1.0,0.0,0.75,0.75,0.75,0.0,0.75,0.0,
sroie-296,diagnosis_raw,2.0,2.0,0.0,1.0,0.0,0.75,0.75,0.75,0.0,0.75,0.0,
sroie-296,diagnosis_gate,2.0,2.0,0.0,1.0,0.0,0.75,0.75,0.75,0.0,0.75,0.0,
sroie-296,shacl_context_raw,2.0,2.0,0.0,1.0,0.0,0.75,0.75,0.75,0.0,0.75,0.0,
sroie-296,shacl_context_gate,2.0,2.0,0.0,1.0,0.0,0.75,0.75,0.75,0.0,0.75,0.0,
sroie-318,input,2.0,2.0,0.0,1.0,0.0,0.75,0.75,0.75,0.0,0.75,0.0,
sroie-318,rule_only,2.0,2.0,0.0,1.0,0.0,0.75,0.75,0.75,0.0,0.75,0.0,
sroie-318,source_field_copy,2.0,4.0,-1.0,0.0,0.75,0.0,0.0,0.0,0.0,0.0,0.0,
sroie-318,base_raw,2.0,2.0,0.0,1.0,0.0,0.75,0.75,0.75,0.0,0.75,0.0,
sroie-318,base_gate,2.0,2.0,0.0,1.0,0.0,0.75,0.75,0.75,0.0,0.75,0.0,
sroie-318,diagnosis_raw,2.0,2.0,0.0,1.0,0.0,0.75,0.75,0.75,0.0,0.75,0.0,
sroie-318,diagnosis_gate,2.0,2.0,0.0,1.0,0.0,0.75,0.75,0.75,0.0,0.75,0.0,
sroie-318,shacl_context_raw,2.0,2.0,0.0,1.0,0.0,0.75,0.75,0.75,0.0,0.75,0.0,
sroie-318,shacl_context_gate,2.0,2.0,0.0,1.0,0.0,0.75,0.75,0.75,0.0,0.75,0.0,
sroie-319,input,2.0,2.0,0.0,1.0,0.0,0.75,0.75,0.75,0.0,0.75,0.0,
sroie-319,rule_only,2.0,2.0,0.0,1.0,0.0,0.75,0.75,0.75,0.0,0.75,0.0,
sroie-319,source_field_copy,2.0,4.0,-1.0,0.0,0.75,0.0,0.0,0.0,0.0,0.0,0.0,
sroie-319,base_raw,2.0,2.0,0.0,1.0,0.0,0.75,0.75,0.75,0.0,0.75,0.0,
sroie-319,base_gate,2.0,2.0,0.0,1.0,0.0,0.75,0.75,0.75,0.0,0.75,0.0,
sroie-319,diagnosis_raw,2.0,2.0,0.0,1.0,0.0,0.75,0.75,0.75,0.0,0.75,0.0,
sroie-319,diagnosis_gate,2.0,2.0,0.0,1.0,0.0,0.75,0.75,0.75,0.0,0.75,0.0,
sroie-319,shacl_context_raw,2.0,2.0,0.0,1.0,0.0,0.75,0.75,0.75,0.0,0.75,0.0,
sroie-319,shacl_context_gate,2.0,2.0,0.0,1.0,0.0,0.75,0.75,0.75,0.0,0.75,0.0,
sroie-320,input,0.0,0.0,1.0,1.0,0.0,1.0,1.0,1.0,1.0,1.0,1.0,
sroie-320,rule_only,0.0,0.0,1.0,1.0,0.0,1.0,1.0,1.0,1.0,1.0,1.0,
sroie-320,source_field_copy,0.0,4.0,0.0,0.0,1.0,0.0,0.0,0.0,0.0,0.0,0.0,
sroie-320,base_raw,0.0,0.0,1.0,1.0,0.0,1.0,1.0,1.0,1.0,1.0,1.0,
sroie-320,base_gate,0.0,0.0,1.0,1.0,0.0,1.0,1.0,1.0,1.0,1.0,1.0,
sroie-320,diagnosis_raw,0.0,0.0,1.0,1.0,0.0,1.0,1.0,1.0,1.0,1.0,1.0,
sroie-320,diagnosis_gate,0.0,0.0,1.0,1.0,0.0,1.0,1.0,1.0,1.0,1.0,1.0,
sroie-320,shacl_context_raw,0.0,0.0,1.0,1.0,0.0,1.0,1.0,1.0,1.0,1.0,1.0,
sroie-320,shacl_context_gate,0.0,0.0,1.0,1.0,0.0,1.0,1.0,1.0,1.0,1.0,1.0,
sroie-359,input,2.0,2.0,0.0,1.0,0.0,0.75,0.75,0.75,0.0,0.75,0.0,
sroie-359,rule_only,2.0,2.0,0.0,1.0,0.0,0.75,0.75,0.75,0.0,0.75,0.0,
sroie-359,source_field_copy,2.0,4.0,-1.0,0.0,0.75,0.0,0.0,0.0,0.0,0.0,0.0,
sroie-359,base_raw,2.0,2.0,0.0,1.0,0.0,0.75,0.75,0.75,0.0,0.75,0.0,
sroie-359,base_gate,2.0,2.0,0.0,1.0,0.0,0.75,0.75,0.75,0.0,0.75,0.0,
sroie-359,diagnosis_raw,2.0,2.0,0.0,1.0,0.0,0.75,0.75,0.75,0.0,0.75,0.0,
sroie-359,diagnosis_gate,2.0,2.0,0.0,1.0,0.0,0.75,0.75,0.75,0.0,0.75,0.0,
sroie-359,shacl_context_raw,2.0,2.0,0.0,1.0,0.0,0.75,0.75,0.75,0.0,0.75,0.0,
sroie-359,shacl_context_gate,2.0,2.0,0.0,1.0,0.0,0.75,0.75,0.75,0.0,0.75,0.0,
sroie-369,input,2.0,2.0,0.0,1.0,0.0,0.75,0.75,0.75,0.0,0.75,0.0,
sroie-369,rule_only,2.0,2.0,0.0,1.0,0.0,0.75,0.75,0.75,0.0,0.75,0.0,
sroie-369,source_field_copy,2.0,4.0,-1.0,0.0,0.75,0.0,0.0,0.0,0.0,0.0,0.0,
sroie-369,base_raw,2.0,2.0,0.0,1.0,0.0,0.75,0.75,0.75,0.0,0.75,0.0,
sroie-369,base_gate,2.0,2.0,0.0,1.0,0.0,0.75,0.75,0.75,0.0,0.75,0.0,
sroie-369,diagnosis_raw,2.0,2.0,0.0,1.0,0.0,0.75,0.75,0.75,0.0,0.75,0.0,
sroie-369,diagnosis_gate,2.0,2.0,0.0,1.0,0.0,0.75,0.75,0.75,0.0,0.75,0.0,
sroie-369,shacl_context_raw,2.0,2.0,0.0,1.0,0.0,0.75,0.75,0.75,0.0,0.75,0.0,
sroie-369,shacl_context_gate,2.0,2.0,0.0,1.0,0.0,0.75,0.75,0.75,0.0,0.75,0.0,
sroie-376,input,2.0,2.0,0.0,1.0,0.0,0.75,0.75,0.75,0.0,0.75,0.0,
sroie-376,rule_only,2.0,2.0,0.0,1.0,0.0,0.75,0.75,0.75,0.0,0.75,0.0,
sroie-376,source_field_copy,2.0,4.0,-1.0,0.0,0.75,0.0,0.0,0.0,0.0,0.0,0.0,
sroie-376,base_raw,2.0,2.0,0.0,1.0,0.0,0.75,0.75,0.75,0.0,0.75,0.0,
sroie-376,base_gate,2.0,2.0,0.0,1.0,0.0,0.75,0.75,0.75,0.0,0.75,0.0,
sroie-376,diagnosis_raw,2.0,2.0,0.0,1.0,0.0,0.75,0.75,0.75,0.0,0.75,0.0,
sroie-376,diagnosis_gate,2.0,2.0,0.0,1.0,0.0,0.75,0.75,0.75,0.0,0.75,0.0,
sroie-376,shacl_context_raw,2.0,2.0,0.0,1.0,0.0,0.75,0.75,0.75,0.0,0.75,0.0,
sroie-376,shacl_context_gate,2.0,2.0,0.0,1.0,0.0,0.75,0.75,0.75,0.0,0.75,0.0,
sroie-396,input,2.0,2.0,0.0,1.0,0.0,0.75,0.75,0.75,0.0,0.75,0.0,
sroie-396,rule_only,2.0,2.0,0.0,1.0,0.0,0.75,0.75,0.75,0.0,0.75,0.0,
sroie-396,source_field_copy,2.0,4.0,-1.0,0.0,0.75,0.0,0.0,0.0,0.0,0.0,0.0,
sroie-396,base_raw,2.0,2.0,0.0,1.0,0.0,0.75,0.75,0.75,0.0,0.75,0.0,
sroie-396,base_gate,2.0,2.0,0.0,1.0,0.0,0.75,0.75,0.75,0.0,0.75,0.0,
sroie-396,diagnosis_raw,2.0,2.0,0.0,1.0,0.0,0.75,0.75,0.75,0.0,0.75,0.0,
sroie-396,diagnosis_gate,2.0,2.0,0.0,1.0,0.0,0.75,0.75,0.75,0.0,0.75,0.0,
sroie-396,shacl_context_raw,2.0,2.0,0.0,1.0,0.0,0.75,0.75,0.75,0.0,0.75,0.0,
sroie-396,shacl_context_gate,2.0,2.0,0.0,1.0,0.0,0.75,0.75,0.75,0.0,0.75,0.0,
sroie-400,input,0.0,0.0,1.0,1.0,0.0,1.0,1.0,1.0,1.0,1.0,1.0,
sroie-400,rule_only,0.0,0.0,1.0,1.0,0.0,1.0,1.0,1.0,1.0,1.0,1.0,
sroie-400,source_field_copy,0.0,4.0,0.0,0.0,1.0,0.0,0.0,0.0,0.0,0.0,0.0,
sroie-400,base_raw,0.0,0.0,1.0,1.0,0.0,1.0,1.0,1.0,1.0,1.0,1.0,
sroie-400,base_gate,0.0,0.0,1.0,1.0,0.0,1.0,1.0,1.0,1.0,1.0,1.0,
sroie-400,diagnosis_raw,0.0,0.0,1.0,1.0,0.0,1.0,1.0,1.0,1.0,1.0,1.0,
sroie-400,diagnosis_gate,0.0,0.0,1.0,1.0,0.0,1.0,1.0,1.0,1.0,1.0,1.0,
sroie-400,shacl_context_raw,0.0,0.0,1.0,1.0,0.0,1.0,1.0,1.0,1.0,1.0,1.0,
sroie-400,shacl_context_gate,0.0,0.0,1.0,1.0,0.0,1.0,1.0,1.0,1.0,1.0,1.0,
sroie-421,input,2.0,2.0,0.0,1.0,0.0,0.75,0.75,0.75,0.0,0.75,0.0,
sroie-421,rule_only,2.0,2.0,0.0,1.0,0.0,0.75,0.75,0.75,0.0,0.75,0.0,
sroie-421,source_field_copy,2.0,4.0,-1.0,0.0,0.75,0.0,0.0,0.0,0.0,0.0,0.0,
sroie-421,base_raw,2.0,2.0,0.0,1.0,0.0,0.75,0.75,0.75,0.0,0.75,0.0,
sroie-421,base_gate,2.0,2.0,0.0,1.0,0.0,0.75,0.75,0.75,0.0,0.75,0.0,
sroie-421,diagnosis_raw,2.0,2.0,0.0,1.0,0.0,0.75,0.75,0.75,0.0,0.75,0.0,
sroie-421,diagnosis_gate,2.0,2.0,0.0,1.0,0.0,0.75,0.75,0.75,0.0,0.75,0.0,
sroie-421,shacl_context_raw,2.0,2.0,0.0,1.0,0.0,0.75,0.75,0.75,0.0,0.75,0.0,
sroie-421,shacl_context_gate,2.0,2.0,0.0,1.0,0.0,0.75,0.75,0.75,0.0,0.75,0.0,
sroie-424,input,0.0,0.0,1.0,1.0,0.0,1.0,1.0,1.0,1.0,1.0,1.0,
sroie-424,rule_only,0.0,0.0,1.0,1.0,0.0,1.0,1.0,1.0,1.0,1.0,1.0,
sroie-424,source_field_copy,0.0,4.0,0.0,0.0,1.0,0.0,0.0,0.0,0.0,0.0,0.0,
sroie-424,base_raw,0.0,0.0,1.0,1.0,0.0,1.0,1.0,1.0,1.0,1.0,1.0,
sroie-424,base_gate,0.0,0.0,1.0,1.0,0.0,1.0,1.0,1.0,1.0,1.0,1.0,
sroie-424,diagnosis_raw,0.0,0.0,1.0,1.0,0.0,1.0,1.0,1.0,1.0,1.0,1.0,
sroie-424,diagnosis_gate,0.0,0.0,1.0,1.0,0.0,1.0,1.0,1.0,1.0,1.0,1.0,
sroie-424,shacl_context_raw,0.0,0.0,1.0,1.0,0.0,1.0,1.0,1.0,1.0,1.0,1.0,
sroie-424,shacl_context_gate,0.0,0.0,1.0,1.0,0.0,1.0,1.0,1.0,1.0,1.0,1.0,
sroie-469,input,2.0,2.0,0.0,1.0,0.0,0.75,0.75,0.75,0.0,0.75,0.0,
sroie-469,rule_only,2.0,2.0,0.0,1.0,0.0,0.75,0.75,0.75,0.0,0.75,0.0,
sroie-469,source_field_copy,2.0,4.0,-1.0,0.0,0.75,0.0,0.0,0.0,0.0,0.0,0.0,
sroie-469,base_raw,2.0,2.0,0.0,1.0,0.0,0.75,0.75,0.75,0.0,0.75,0.0,
sroie-469,base_gate,2.0,2.0,0.0,1.0,0.0,0.75,0.75,0.75,0.0,0.75,0.0,
sroie-469,diagnosis_raw,2.0,2.0,0.0,1.0,0.0,0.75,0.75,0.75,0.0,0.75,0.0,
sroie-469,diagnosis_gate,2.0,2.0,0.0,1.0,0.0,0.75,0.75,0.75,0.0,0.75,0.0,
sroie-469,shacl_context_raw,2.0,2.0,0.0,1.0,0.0,0.75,0.75,0.75,0.0,0.75,0.0,
sroie-469,shacl_context_gate,2.0,2.0,0.0,1.0,0.0,0.75,0.75,0.75,0.0,0.75,0.0,
sroie-485,input,2.0,2.0,0.0,1.0,0.0,0.75,0.75,0.75,0.0,0.75,0.0,
sroie-485,rule_only,2.0,2.0,0.0,1.0,0.0,0.75,0.75,0.75,0.0,0.75,0.0,
sroie-485,source_field_copy,2.0,4.0,-1.0,0.0,0.75,0.0,0.0,0.0,0.0,0.0,0.0,
sroie-485,base_raw,2.0,2.0,0.0,1.0,0.0,0.75,0.75,0.75,0.0,0.75,0.0,
sroie-485,base_gate,2.0,2.0,0.0,1.0,0.0,0.75,0.75,0.75,0.0,0.75,0.0,
sroie-485,diagnosis_raw,2.0,2.0,0.0,1.0,0.0,0.75,0.75,0.75,0.0,0.75,0.0,
sroie-485,diagnosis_gate,2.0,2.0,0.0,1.0,0.0,0.75,0.75,0.75,0.0,0.75,0.0,
sroie-485,shacl_context_raw,2.0,2.0,0.0,1.0,0.0,0.75,0.75,0.75,0.0,0.75,0.0,
sroie-485,shacl_context_gate,2.0,2.0,0.0,1.0,0.0,0.75,0.75,0.75,0.0,0.75,0.0,
sroie-509,input,2.0,2.0,0.0,1.0,0.0,0.75,0.75,0.75,0.0,0.75,0.0,
sroie-509,rule_only,2.0,2.0,0.0,1.0,0.0,0.75,0.75,0.75,0.0,0.75,0.0,
sroie-509,source_field_copy,2.0,4.0,-1.0,0.0,0.75,0.0,0.0,0.0,0.0,0.0,0.0,
sroie-509,base_raw,2.0,2.0,0.0,1.0,0.0,0.75,0.75,0.75,0.0,0.75,0.0,
sroie-509,base_gate,2.0,2.0,0.0,1.0,0.0,0.75,0.75,0.75,0.0,0.75,0.0,
sroie-509,diagnosis_raw,2.0,2.0,0.0,1.0,0.0,0.75,0.75,0.75,0.0,0.75,0.0,
sroie-509,diagnosis_gate,2.0,2.0,0.0,1.0,0.0,0.75,0.75,0.75,0.0,0.75,0.0,
sroie-509,shacl_context_raw,2.0,2.0,0.0,1.0,0.0,0.75,0.75,0.75,0.0,0.75,0.0,
sroie-509,shacl_context_gate,2.0,2.0,0.0,1.0,0.0,0.75,0.75,0.75,0.0,0.75,0.0,
sroie-518,input,0.0,0.0,1.0,1.0,0.0,1.0,1.0,1.0,1.0,1.0,1.0,
sroie-518,rule_only,0.0,0.0,1.0,1.0,0.0,1.0,1.0,1.0,1.0,1.0,1.0,
sroie-518,source_field_copy,0.0,4.0,0.0,0.0,1.0,0.0,0.0,0.0,0.0,0.0,0.0,
sroie-518,base_raw,0.0,0.0,1.0,1.0,0.0,1.0,1.0,1.0,1.0,1.0,1.0,
sroie-518,base_gate,0.0,0.0,1.0,1.0,0.0,1.0,1.0,1.0,1.0,1.0,1.0,
sroie-518,diagnosis_raw,0.0,0.0,1.0,1.0,0.0,1.0,1.0,1.0,1.0,1.0,1.0,
sroie-518,diagnosis_gate,0.0,0.0,1.0,1.0,0.0,1.0,1.0,1.0,1.0,1.0,1.0,
sroie-518,shacl_context_raw,0.0,0.0,1.0,1.0,0.0,1.0,1.0,1.0,1.0,1.0,1.0,
sroie-518,shacl_context_gate,0.0,0.0,1.0,1.0,0.0,1.0,1.0,1.0,1.0,1.0,1.0,
sroie-523,input,0.0,0.0,1.0,1.0,0.0,1.0,1.0,1.0,1.0,1.0,1.0,
sroie-523,rule_only,0.0,0.0,1.0,1.0,0.0,1.0,1.0,1.0,1.0,1.0,1.0,
sroie-523,source_field_copy,0.0,4.0,0.0,0.0,1.0,0.0,0.0,0.0,0.0,0.0,0.0,
sroie-523,base_raw,0.0,0.0,1.0,1.0,0.0,1.0,1.0,1.0,1.0,1.0,1.0,
sroie-523,base_gate,0.0,0.0,1.0,1.0,0.0,1.0,1.0,1.0,1.0,1.0,1.0,
sroie-523,diagnosis_raw,0.0,0.0,1.0,1.0,0.0,1.0,1.0,1.0,1.0,1.0,1.0,
sroie-523,diagnosis_gate,0.0,0.0,1.0,1.0,0.0,1.0,1.0,1.0,1.0,1.0,1.0,
sroie-523,shacl_context_raw,0.0,0.0,1.0,1.0,0.0,1.0,1.0,1.0,1.0,1.0,1.0,
sroie-523,shacl_context_gate,0.0,0.0,1.0,1.0,0.0,1.0,1.0,1.0,1.0,1.0,1.0,
sroie-527,input,0.0,0.0,1.0,1.0,0.0,1.0,1.0,1.0,1.0,1.0,1.0,
sroie-527,rule_only,0.0,0.0,1.0,1.0,0.0,1.0,1.0,1.0,1.0,1.0,1.0,
sroie-527,source_field_copy,0.0,4.0,0.0,0.0,1.0,0.0,0.0,0.0,0.0,0.0,0.0,
sroie-527,base_raw,0.0,0.0,1.0,1.0,0.0,1.0,1.0,1.0,1.0,1.0,1.0,
sroie-527,base_gate,0.0,0.0,1.0,1.0,0.0,1.0,1.0,1.0,1.0,1.0,1.0,
sroie-527,diagnosis_raw,0.0,0.0,1.0,1.0,0.0,1.0,1.0,1.0,1.0,1.0,1.0,
sroie-527,diagnosis_gate,0.0,0.0,1.0,1.0,0.0,1.0,1.0,1.0,1.0,1.0,1.0,
sroie-527,shacl_context_raw,0.0,0.0,1.0,1.0,0.0,1.0,1.0,1.0,1.0,1.0,1.0,
sroie-527,shacl_context_gate,0.0,0.0,1.0,1.0,0.0,1.0,1.0,1.0,1.0,1.0,1.0,
sroie-531,input,2.0,2.0,0.0,1.0,0.0,0.75,0.75,0.75,0.0,0.75,0.0,
sroie-531,rule_only,2.0,2.0,0.0,1.0,0.0,0.75,0.75,0.75,0.0,0.75,0.0,
sroie-531,source_field_copy,2.0,4.0,-1.0,0.0,0.75,0.0,0.0,0.0,0.0,0.0,0.0,
sroie-531,base_raw,2.0,2.0,0.0,1.0,0.0,0.75,0.75,0.75,0.0,0.75,0.0,
sroie-531,base_gate,2.0,2.0,0.0,1.0,0.0,0.75,0.75,0.75,0.0,0.75,0.0,
sroie-531,diagnosis_raw,2.0,2.0,0.0,1.0,0.0,0.75,0.75,0.75,0.0,0.75,0.0,
sroie-531,diagnosis_gate,2.0,2.0,0.0,1.0,0.0,0.75,0.75,0.75,0.0,0.75,0.0,
sroie-531,shacl_context_raw,2.0,2.0,0.0,1.0,0.0,0.75,0.75,0.75,0.0,0.75,0.0,
sroie-531,shacl_context_gate,2.0,2.0,0.0,1.0,0.0,0.75,0.75,0.75,0.0,0.75,0.0,
sroie-534,input,0.0,0.0,1.0,1.0,0.0,1.0,1.0,1.0,1.0,1.0,1.0,
sroie-534,rule_only,0.0,0.0,1.0,1.0,0.0,1.0,1.0,1.0,1.0,1.0,1.0,
sroie-534,source_field_copy,0.0,4.0,0.0,0.0,1.0,0.0,0.0,0.0,0.0,0.0,0.0,
sroie-534,base_raw,0.0,0.0,1.0,1.0,0.0,1.0,1.0,1.0,1.0,1.0,1.0,
sroie-534,base_gate,0.0,0.0,1.0,1.0,0.0,1.0,1.0,1.0,1.0,1.0,1.0,
sroie-534,diagnosis_raw,0.0,0.0,1.0,1.0,0.0,1.0,1.0,1.0,1.0,1.0,1.0,
sroie-534,diagnosis_gate,0.0,0.0,1.0,1.0,0.0,1.0,1.0,1.0,1.0,1.0,1.0,
sroie-534,shacl_context_raw,0.0,0.0,1.0,1.0,0.0,1.0,1.0,1.0,1.0,1.0,1.0,
sroie-534,shacl_context_gate,0.0,0.0,1.0,1.0,0.0,1.0,1.0,1.0,1.0,1.0,1.0,
sroie-546,input,0.0,0.0,1.0,1.0,0.0,1.0,1.0,1.0,1.0,1.0,1.0,
sroie-546,rule_only,0.0,0.0,1.0,1.0,0.0,1.0,1.0,1.0,1.0,1.0,1.0,
sroie-546,source_field_copy,0.0,4.0,0.0,0.0,1.0,0.0,0.0,0.0,0.0,0.0,0.0,
sroie-546,base_raw,0.0,0.0,1.0,1.0,0.0,1.0,1.0,1.0,1.0,1.0,1.0,
sroie-546,base_gate,0.0,0.0,1.0,1.0,0.0,1.0,1.0,1.0,1.0,1.0,1.0,
sroie-546,diagnosis_raw,0.0,0.0,1.0,1.0,0.0,1.0,1.0,1.0,1.0,1.0,1.0,
sroie-546,diagnosis_gate,0.0,0.0,1.0,1.0,0.0,1.0,1.0,1.0,1.0,1.0,1.0,
sroie-546,shacl_context_raw,0.0,0.0,1.0,1.0,0.0,1.0,1.0,1.0,1.0,1.0,1.0,
sroie-546,shacl_context_gate,0.0,0.0,1.0,1.0,0.0,1.0,1.0,1.0,1.0,1.0,1.0,
sroie-553,input,0.0,0.0,1.0,1.0,0.0,1.0,1.0,1.0,1.0,1.0,1.0,
sroie-553,rule_only,0.0,0.0,1.0,1.0,0.0,1.0,1.0,1.0,1.0,1.0,1.0,
sroie-553,source_field_copy,0.0,4.0,0.0,0.0,1.0,0.0,0.0,0.0,0.0,0.0,0.0,
sroie-553,base_raw,0.0,0.0,1.0,1.0,0.0,1.0,1.0,1.0,1.0,1.0,1.0,
sroie-553,base_gate,0.0,0.0,1.0,1.0,0.0,1.0,1.0,1.0,1.0,1.0,1.0,
sroie-553,diagnosis_raw,0.0,0.0,1.0,1.0,0.0,1.0,1.0,1.0,1.0,1.0,1.0,
sroie-553,diagnosis_gate,0.0,0.0,1.0,1.0,0.0,1.0,1.0,1.0,1.0,1.0,1.0,
sroie-553,shacl_context_raw,0.0,0.0,1.0,1.0,0.0,1.0,1.0,1.0,1.0,1.0,1.0,
sroie-553,shacl_context_gate,0.0,0.0,1.0,1.0,0.0,1.0,1.0,1.0,1.0,1.0,1.0,
sroie-560,input,0.0,0.0,1.0,1.0,0.0,1.0,1.0,1.0,1.0,1.0,1.0,
sroie-560,rule_only,0.0,0.0,1.0,1.0,0.0,1.0,1.0,1.0,1.0,1.0,1.0,
sroie-560,source_field_copy,0.0,4.0,0.0,0.0,1.0,0.0,0.0,0.0,0.0,0.0,0.0,
sroie-560,base_raw,0.0,0.0,1.0,1.0,0.0,1.0,1.0,1.0,1.0,1.0,1.0,
sroie-560,base_gate,0.0,0.0,1.0,1.0,0.0,1.0,1.0,1.0,1.0,1.0,1.0,
sroie-560,diagnosis_raw,0.0,0.0,1.0,1.0,0.0,1.0,1.0,1.0,1.0,1.0,1.0,
sroie-560,diagnosis_gate,0.0,0.0,1.0,1.0,0.0,1.0,1.0,1.0,1.0,1.0,1.0,
sroie-560,shacl_context_raw,0.0,0.0,1.0,1.0,0.0,1.0,1.0,1.0,1.0,1.0,1.0,
sroie-560,shacl_context_gate,0.0,0.0,1.0,1.0,0.0,1.0,1.0,1.0,1.0,1.0,1.0,
sroie-565,input,0.0,0.0,1.0,1.0,0.0,1.0,1.0,1.0,1.0,1.0,1.0,
sroie-565,rule_only,0.0,0.0,1.0,1.0,0.0,1.0,1.0,1.0,1.0,1.0,1.0,
sroie-565,source_field_copy,0.0,4.0,0.0,0.0,1.0,0.0,0.0,0.0,0.0,0.0,0.0,
sroie-565,base_raw,0.0,0.0,1.0,1.0,0.0,1.0,1.0,1.0,1.0,1.0,1.0,
sroie-565,base_gate,0.0,0.0,1.0,1.0,0.0,1.0,1.0,1.0,1.0,1.0,1.0,
sroie-565,diagnosis_raw,0.0,0.0,1.0,1.0,0.0,1.0,1.0,1.0,1.0,1.0,1.0,
sroie-565,diagnosis_gate,0.0,0.0,1.0,1.0,0.0,1.0,1.0,1.0,1.0,1.0,1.0,
sroie-565,shacl_context_raw,0.0,0.0,1.0,1.0,0.0,1.0,1.0,1.0,1.0,1.0,1.0,
sroie-565,shacl_context_gate,0.0,0.0,1.0,1.0,0.0,1.0,1.0,1.0,1.0,1.0,1.0,
sroie-590,input,4.0,4.0,0.0,1.0,0.0,0.5,0.5,0.5,0.0,0.75,0.0,
sroie-590,rule_only,4.0,4.0,0.0,1.0,0.0,0.5,0.5,0.5,0.0,0.75,0.0,
sroie-590,source_field_copy,4.0,4.0,0.0,0.0,0.5,0.0,0.0,0.0,0.0,0.0,0.0,
sroie-590,base_raw,4.0,4.0,0.0,1.0,0.0,0.5,0.5,0.5,0.0,0.75,0.0,
sroie-590,base_gate,4.0,4.0,0.0,1.0,0.0,0.5,0.5,0.5,0.0,0.75,0.0,
sroie-590,diagnosis_raw,4.0,4.0,0.0,1.0,0.0,0.5,0.5,0.5,0.0,0.75,0.0,
sroie-590,diagnosis_gate,4.0,4.0,0.0,1.0,0.0,0.5,0.5,0.5,0.0,0.75,0.0,
sroie-590,shacl_context_raw,4.0,4.0,0.0,1.0,0.0,0.5,0.5,0.5,0.0,0.75,0.0,
sroie-590,shacl_context_gate,4.0,4.0,0.0,1.0,0.0,0.5,0.5,0.5,0.0,0.75,0.0,
sroie-612,input,2.0,2.0,0.0,1.0,0.0,0.75,0.75,0.75,0.0,0.75,0.0,
sroie-612,rule_only,2.0,2.0,0.0,1.0,0.0,0.75,0.75,0.75,0.0,0.75,0.0,
sroie-612,source_field_copy,2.0,4.0,-1.0,0.0,0.75,0.0,0.0,0.0,0.0,0.0,0.0,
sroie-612,base_raw,2.0,2.0,0.0,1.0,0.0,0.75,0.75,0.75,0.0,0.75,0.0,
sroie-612,base_gate,2.0,2.0,0.0,1.0,0.0,0.75,0.75,0.75,0.0,0.75,0.0,
sroie-612,diagnosis_raw,2.0,2.0,0.0,1.0,0.0,0.75,0.75,0.75,0.0,0.75,0.0,
sroie-612,diagnosis_gate,2.0,2.0,0.0,1.0,0.0,0.75,0.75,0.75,0.0,0.75,0.0,
sroie-612,shacl_context_raw,2.0,2.0,0.0,1.0,0.0,0.75,0.75,0.75,0.0,0.75,0.0,
sroie-612,shacl_context_gate,2.0,2.0,0.0,1.0,0.0,0.75,0.75,0.75,0.0,0.75,0.0,
sroie-615,input,2.0,2.0,0.0,1.0,0.0,0.75,0.75,0.75,0.0,0.75,0.0,
sroie-615,rule_only,2.0,2.0,0.0,1.0,0.0,0.75,0.75,0.75,0.0,0.75,0.0,
sroie-615,source_field_copy,2.0,4.0,-1.0,0.0,0.75,0.0,0.0,0.0,0.0,0.0,0.0,
sroie-615,base_raw,2.0,2.0,0.0,1.0,0.0,0.75,0.75,0.75,0.0,0.75,0.0,
sroie-615,base_gate,2.0,2.0,0.0,1.0,0.0,0.75,0.75,0.75,0.0,0.75,0.0,
sroie-615,diagnosis_raw,2.0,2.0,0.0,1.0,0.0,0.75,0.75,0.75,0.0,0.75,0.0,
sroie-615,diagnosis_gate,2.0,2.0,0.0,1.0,0.0,0.75,0.75,0.75,0.0,0.75,0.0,
sroie-615,shacl_context_raw,2.0,2.0,0.0,1.0,0.0,0.75,0.75,0.75,0.0,0.75,0.0,
sroie-615,shacl_context_gate,2.0,2.0,0.0,1.0,0.0,0.75,0.75,0.75,0.0,0.75,0.0,
sroie-619,input,2.0,2.0,0.0,1.0,0.0,0.75,0.75,0.75,0.0,0.75,0.0,
sroie-619,rule_only,2.0,2.0,0.0,1.0,0.0,0.75,0.75,0.75,0.0,0.75,0.0,
sroie-619,source_field_copy,2.0,4.0,-1.0,0.0,0.75,0.0,0.0,0.0,0.0,0.0,0.0,
sroie-619,base_raw,2.0,2.0,0.0,1.0,0.0,0.75,0.75,0.75,0.0,0.75,0.0,
sroie-619,base_gate,2.0,2.0,0.0,1.0,0.0,0.75,0.75,0.75,0.0,0.75,0.0,
sroie-619,diagnosis_raw,2.0,2.0,0.0,1.0,0.0,0.75,0.75,0.75,0.0,0.75,0.0,
sroie-619,diagnosis_gate,2.0,2.0,0.0,1.0,0.0,0.75,0.75,0.75,0.0,0.75,0.0,
sroie-619,shacl_context_raw,2.0,2.0,0.0,1.0,0.0,0.75,0.75,0.75,0.0,0.75,0.0,
sroie-619,shacl_context_gate,2.0,2.0,0.0,1.0,0.0,0.75,0.75,0.75,0.0,0.75,0.0,
