method,n,triple_f1,exact_match,normalized_f1,normalized_exact,clean_fact_preservation,overrepair_rate,imperfect_inputs,error_reduction_on_imperfect,f1_ci,normalized_f1_ci
base_gate,60,0.7914682539682539,0.3333333333333333,0.8123015873015872,0.38333333333333336,0.9944444444444444,0.016666666666666666,40,-0.0125,"[0.7484126984126984, 0.8333333333333334]","[0.7706349206349207, 0.8541666666666666]"
base_raw,60,0.7944444444444444,0.3333333333333333,0.8152777777777778,0.38333333333333336,1.0,0.0,40,0.0,"[0.7513888888888888, 0.836111111111111]","[0.7736111111111111, 0.8569444444444444]"
diagnosis_gate,60,0.7914682539682539,0.3333333333333333,0.8123015873015872,0.38333333333333336,0.9944444444444444,0.016666666666666666,40,-0.0125,"[0.7484126984126984, 0.8333333333333334]","[0.7706349206349207, 0.8541666666666666]"
diagnosis_raw,60,0.7944444444444444,0.3333333333333333,0.8152777777777778,0.38333333333333336,1.0,0.0,40,0.0,"[0.7513888888888888, 0.836111111111111]","[0.7736111111111111, 0.8569444444444444]"
input,60,0.7944444444444444,0.3333333333333333,0.8152777777777778,0.38333333333333336,1.0,0.0,40,0.0,"[0.7513888888888888, 0.836111111111111]","[0.7736111111111111, 0.8569444444444444]"
rule_only,60,0.7944444444444444,0.3333333333333333,0.8152777777777778,0.38333333333333336,1.0,0.0,40,0.0,"[0.7513888888888888, 0.836111111111111]","[0.7736111111111111, 0.8569444444444444]"
shacl_context_gate,60,0.7956349206349206,0.3333333333333333,0.8164682539682538,0.38333333333333336,0.9944444444444444,0.016666666666666666,40,0.0,"[0.7527777777777779, 0.8373015873015873]","[0.7759920634920635, 0.8569444444444444]"
shacl_context_raw,60,0.798611111111111,0.3333333333333333,0.8194444444444444,0.38333333333333336,1.0,0.0,40,0.0125,"[0.7569444444444444, 0.8402777777777778]","[0.7791666666666667, 0.8583333333333333]"
source_field_copy,60,0.0,0.0,0.0,0.0,0.0,0.7944444444444444,40,-0.7625,"[0.0, 0.0]","[0.0, 0.0]"
