doc_id,gold_label,sentence,keywords,neo4j_status,mcp_status,neo4j_triples,mcp_raw_triples,mcp_constrained_triples
0,news_entertainment,张檬整容过度，干爹送法拉利豪车，又公开向正宫道歉承认当小三,"张檬,牧马人,夏家三千金,Lykan Hypersport,速度与激情7,法拉利,RUF",ok,ok,"[{""subject"": ""张檬"", ""relation"": ""HAS_CATEGORY"", ""object"": ""news_entertainment""}, {""subject"": ""张檬"", ""relation"": ""RELATED_TO"", ""object"": ""整容过度""}, {""subject"": ""张檬"", ""relation"": ""RELATED_TO"", ""object"": ""法拉利""}, {""subject"": ""张檬"", ""relation"": ""RELATED_TO"", ""object"": ""干爹""}, {""subject"": ""张檬"", ""relation"": ""RELATED_TO"", ""object"": ""正宫""}, {""subject"": ""张檬"", ""relation"": ""RELATED_TO"", ""object"": ""当小三""}]","[{""subject"": ""张檬整容过度，干爹送法拉利豪车，又公开向正宫道歉承认当小三"", ""relation"": ""HAS_CATEGORY"", ""object"": ""news_entertainment""}, {""subject"": ""张檬"", ""relation"": ""MENTIONS"", ""object"": ""整容过度""}, {""subject"": ""张檬"", ""relation"": ""MENTIONS"", ""object"": ""干爹""}, {""subject"": ""张檬"", ""relation"": ""MENTIONS"", ""object"": ""法拉利""}]","[{""subject"": ""张檬整容过度，干爹送法拉利豪车，又公开向正宫道歉承认当小三"", ""relation"": ""HAS_CATEGORY"", ""object"": ""news_entertainment""}, {""subject"": ""张檬"", ""relation"": ""MENTIONS"", ""object"": ""整容过度""}, {""subject"": ""张檬"", ""relation"": ""MENTIONS"", ""object"": ""干爹""}, {""subject"": ""张檬"", ""relation"": ""MENTIONS"", ""object"": ""法拉利""}]"
1,news_military,俄罗斯经济实力还不如韩国，为什么能成为世界数一数二的强国？,"核武库,俄罗斯,核按钮,好战必亡,常规战争",ok,ok,"[{""subject"": ""俄罗斯"", ""relation"": ""HAS_CATEGORY"", ""object"": ""news_world""}, {""subject"": ""俄罗斯"", ""relation"": ""RELATED_TO"", ""object"": ""韩国""}, {""subject"": ""俄罗斯"", ""relation"": ""RELATED_TO"", ""object"": ""世界""}]","[{""subject"": ""俄罗斯经济实力还不如韩国，为什么能成为世界数一数二的强国？"", ""relation"": ""HAS_CATEGORY"", ""object"": ""news_world""}, {""subject"": ""俄罗斯"", ""relation"": ""MENTIONS"", ""object"": ""韩国""}, {""subject"": ""俄罗斯"", ""relation"": ""RELATED_TO"", ""object"": ""世界强国""}]","[{""subject"": ""俄罗斯经济实力还不如韩国，为什么能成为世界数一数二的强国？"", ""relation"": ""HAS_CATEGORY"", ""object"": ""news_world""}, {""subject"": ""俄罗斯"", ""relation"": ""MENTIONS"", ""object"": ""韩国""}, {""subject"": ""俄罗斯"", ""relation"": ""RELATED_TO"", ""object"": ""世界强国""}]"
2,news_travel,荐馆｜世界上最怪异的十大博物馆,"冰淇淋,博物馆,大脚怪,马桶盖,星期天和George在一起,魔方喷射,冰岛",ok,ok,"[{""subject"": ""世界上最怪异的十大博物馆"", ""relation"": ""HAS_CATEGORY"", ""object"": ""news_culture""}]","[{""subject"": ""世界上最怪异的十大博物馆"", ""relation"": ""HAS_CATEGORY"", ""object"": ""news_culture""}, {""subject"": ""世界上最怪异的十大博物馆"", ""relation"": ""MENTIONS"", ""object"": ""博物馆""}, {""subject"": ""世界上最怪异的十大博物馆"", ""relation"": ""LOCATED_IN"", ""object"": ""世界""}]","[{""subject"": ""世界上最怪异的十大博物馆"", ""relation"": ""HAS_CATEGORY"", ""object"": ""news_culture""}, {""subject"": ""世界上最怪异的十大博物馆"", ""relation"": ""MENTIONS"", ""object"": ""博物馆""}, {""subject"": ""世界上最怪异的十大博物馆"", ""relation"": ""LOCATED_IN"", ""object"": ""世界""}]"
3,news_tech,支付宝花呗如果都按时全额还款的话，那么花呗是靠什么赚钱?,"手续费,蚂蚁花,支付宝,信用卡,还款",ok,ok,"[{""subject"": ""支付宝"", ""relation"": ""HAS_CATEGORY"", ""object"": ""news_finance""}, {""subject"": ""支付宝"", ""relation"": ""ORG_RELATED"", ""object"": ""花呗""}]","[{""subject"": ""支付宝花呗"", ""relation"": ""HAS_CATEGORY"", ""object"": ""news_finance""}, {""subject"": ""支付宝花呗"", ""relation"": ""MENTIONS"", ""object"": ""按时全额还款""}, {""subject"": ""支付宝花呗"", ""relation"": ""MENTIONS"", ""object"": ""盈利模式""}]","[{""subject"": ""支付宝花呗"", ""relation"": ""HAS_CATEGORY"", ""object"": ""news_finance""}, {""subject"": ""支付宝花呗"", ""relation"": ""MENTIONS"", ""object"": ""按时全额还款""}, {""subject"": ""支付宝花呗"", ""relation"": ""MENTIONS"", ""object"": ""盈利模式""}]"
4,news_tech,创意不设限！“大格局”黑科技，让孩子扔掉手机，玩出智能新高度,"钢笔字,录音笔,手写板,机器人,翻译机",ok,ok,"[{""subject"": ""创意不设限！“大格局”黑科技，让孩子扔掉手机，玩出智能新高度"", ""relation"": ""HAS_CATEGORY"", ""object"": ""news_tech""}, {""subject"": ""创意不设限！“大格局”黑科技，让孩子扔掉手机，玩出智能新高度"", ""relation"": ""MENTIONS"", ""object"": ""黑科技""}, {""subject"": ""创意不设限！“大格局”黑科技，让孩子扔掉手机，玩出智能新高度"", ""relation"": ""MENTIONS"", ""object"": ""手机""}, {""subject"": ""创意不设限！“大格局”黑科技，让孩子扔掉手机，玩出智能新高度"", ""relation"": ""MENTIONS"", ""object"": ""孩子""}]","[{""subject"": ""黑科技"", ""relation"": ""HAS_CATEGORY"", ""object"": ""news_tech""}, {""subject"": ""黑科技"", ""relation"": ""RELATED_TO"", ""object"": ""智能""}, {""subject"": ""孩子"", ""relation"": ""PARTICIPATES_IN"", ""object"": ""玩""}, {""subject"": ""孩子"", ""relation"": ""MENTIONS"", ""object"": ""手机""}]","[{""subject"": ""黑科技"", ""relation"": ""HAS_CATEGORY"", ""object"": ""news_tech""}, {""subject"": ""黑科技"", ""relation"": ""RELATED_TO"", ""object"": ""智能""}, {""subject"": ""孩子"", ""relation"": ""PARTICIPATES_IN"", ""object"": ""玩""}, {""subject"": ""孩子"", ""relation"": ""MENTIONS"", ""object"": ""手机""}]"
5,news_sports,亚冠客战日本球队，王牌因伤缺阵，反而对上港是个好消息！,"鹿岛鹿角,亚冠,胡尔克,日本球队,中超",ok,ok,"[{""subject"": ""亚冠"", ""relation"": ""HAS_CATEGORY"", ""object"": ""news_sports""}, {""subject"": ""上港"", ""relation"": ""PARTICIPATES_IN"", ""object"": ""亚冠""}, {""subject"": ""日本球队"", ""relation"": ""PARTICIPATES_IN"", ""object"": ""亚冠""}, {""subject"": ""王牌"", ""relation"": ""PARTICIPATES_IN"", ""object"": ""亚冠""}, {""subject"": ""王牌"", ""relation"": ""RELATED_TO"", ""object"": ""上港""}]","[{""subject"": ""亚冠客战日本球队"", ""relation"": ""HAS_CATEGORY"", ""object"": ""news_sports""}, {""subject"": ""上港"", ""relation"": ""PARTICIPATES_IN"", ""object"": ""亚冠""}, {""subject"": ""上港"", ""relation"": ""MENTIONS"", ""object"": ""日本球队""}, {""subject"": ""王牌"", ""relation"": ""RELATED_TO"", ""object"": ""因伤缺阵""}]","[{""subject"": ""亚冠客战日本球队"", ""relation"": ""HAS_CATEGORY"", ""object"": ""news_sports""}, {""subject"": ""上港"", ""relation"": ""PARTICIPATES_IN"", ""object"": ""亚冠""}, {""subject"": ""上港"", ""relation"": ""MENTIONS"", ""object"": ""日本球队""}, {""subject"": ""王牌"", ""relation"": ""RELATED_TO"", ""object"": ""因伤缺阵""}]"
6,news_entertainment,唐嫣刘亦菲同台比美，一个仙气一个甜腻,"归去来,花木兰,刘亦菲,露水红颜,唐嫣",ok,ok,"[{""subject"": ""唐嫣"", ""relation"": ""PARTICIPATES_IN"", ""object"": ""同台比美""}, {""subject"": ""刘亦菲"", ""relation"": ""PARTICIPATES_IN"", ""object"": ""同台比美""}, {""subject"": ""唐嫣"", ""relation"": ""RELATED_TO"", ""object"": ""刘亦菲""}, {""subject"": ""唐嫣刘亦菲同台比美，一个仙气一个甜腻"", ""relation"": ""HAS_CATEGORY"", ""object"": ""news_entertainment""}]","[{""subject"": ""唐嫣刘亦菲同台比美"", ""relation"": ""HAS_CATEGORY"", ""object"": ""news_entertainment""}, {""subject"": ""唐嫣"", ""relation"": ""PARTICIPATES_IN"", ""object"": ""同台比美""}, {""subject"": ""刘亦菲"", ""relation"": ""PARTICIPATES_IN"", ""object"": ""同台比美""}, {""subject"": ""唐嫣"", ""relation"": ""RELATED_TO"", ""object"": ""刘亦菲""}]","[{""subject"": ""唐嫣刘亦菲同台比美"", ""relation"": ""HAS_CATEGORY"", ""object"": ""news_entertainment""}, {""subject"": ""唐嫣"", ""relation"": ""PARTICIPATES_IN"", ""object"": ""同台比美""}, {""subject"": ""刘亦菲"", ""relation"": ""PARTICIPATES_IN"", ""object"": ""同台比美""}, {""subject"": ""唐嫣"", ""relation"": ""RELATED_TO"", ""object"": ""刘亦菲""}]"
7,news_game,中字 韩服官方小漫画第三弹之四盟势力,"太平洋游戏网,全民捕鱼赢话费,太平洋,韩服,口袋妖怪,游戏,传奇",ok,ok,"[{""subject"": ""中字 韩服官方小漫画第三弹之四盟势力"", ""relation"": ""HAS_CATEGORY"", ""object"": ""news_game""}, {""subject"": ""中字 韩服官方小漫画第三弹之四盟势力"", ""relation"": ""MENTIONS"", ""object"": ""四盟势力""}]","[{""subject"": ""韩服官方小漫画第三弹之四盟势力"", ""relation"": ""HAS_CATEGORY"", ""object"": ""news_game""}, {""subject"": ""韩服官方小漫画第三弹之四盟势力"", ""relation"": ""MENTIONS"", ""object"": ""四盟势力""}, {""subject"": ""韩服官方小漫画第三弹之四盟势力"", ""relation"": ""RELATED_TO"", ""object"": ""中字""}]","[{""subject"": ""韩服官方小漫画第三弹之四盟势力"", ""relation"": ""HAS_CATEGORY"", ""object"": ""news_game""}, {""subject"": ""韩服官方小漫画第三弹之四盟势力"", ""relation"": ""MENTIONS"", ""object"": ""四盟势力""}, {""subject"": ""韩服官方小漫画第三弹之四盟势力"", ""relation"": ""RELATED_TO"", ""object"": ""中字""}]"
8,news_car,梦见已故去的人，是好是坏，梦到了，该做什么,"潜意识,周公解梦",ok,ok,"[{""subject"": ""梦见已故去的人"", ""relation"": ""HAS_CATEGORY"", ""object"": ""news_culture""}]","[{""subject"": ""梦见已故去的人"", ""relation"": ""HAS_CATEGORY"", ""object"": ""news_culture""}, {""subject"": ""梦见已故去的人"", ""relation"": ""RELATED_TO"", ""object"": ""吉凶寓意""}, {""subject"": ""梦见已故去的人"", ""relation"": ""RELATED_TO"", ""object"": ""应对措施""}]","[{""subject"": ""梦见已故去的人"", ""relation"": ""HAS_CATEGORY"", ""object"": ""news_culture""}, {""subject"": ""梦见已故去的人"", ""relation"": ""RELATED_TO"", ""object"": ""吉凶寓意""}, {""subject"": ""梦见已故去的人"", ""relation"": ""RELATED_TO"", ""object"": ""应对措施""}]"
9,news_travel,离网红达人就只差一次出发了，啊！老夫的少女心啊！,"希勒湖,少女心,加勒比海盗,西澳大利亚州,哈勃岛,巴哈马,新闻周刊",ok,ok,"[{""subject"": ""网红达人"", ""relation"": ""HAS_CATEGORY"", ""object"": ""news_entertainment""}]","[{""subject"": ""网红达人"", ""relation"": ""HAS_CATEGORY"", ""object"": ""news_travel""}, {""subject"": ""网红达人"", ""relation"": ""RELATED_TO"", ""object"": ""出发""}, {""subject"": ""老夫"", ""relation"": ""MENTIONS"", ""object"": ""少女心""}]","[{""subject"": ""网红达人"", ""relation"": ""HAS_CATEGORY"", ""object"": ""news_travel""}, {""subject"": ""网红达人"", ""relation"": ""RELATED_TO"", ""object"": ""出发""}, {""subject"": ""老夫"", ""relation"": ""MENTIONS"", ""object"": ""少女心""}]"
10,news_world,曾经对以色列并肩作战生死兄弟埃及和叙利亚，现在的关系如何？,,ok,ok,"[{""subject"": ""以色列"", ""relation"": ""ORG_RELATED"", ""object"": ""埃及""}, {""subject"": ""以色列"", ""relation"": ""ORG_RELATED"", ""object"": ""叙利亚""}, {""subject"": ""埃及"", ""relation"": ""ORG_RELATED"", ""object"": ""叙利亚""}, {""subject"": ""以色列与埃及叙利亚关系"", ""relation"": ""HAS_CATEGORY"", ""object"": ""news_world""}]","[{""subject"": ""埃及和叙利亚关系"", ""relation"": ""HAS_CATEGORY"", ""object"": ""news_world""}, {""subject"": ""埃及"", ""relation"": ""RELATED_TO"", ""object"": ""叙利亚""}, {""subject"": ""埃及"", ""relation"": ""RELATED_TO"", ""object"": ""以色列""}, {""subject"": ""叙利亚"", ""relation"": ""RELATED_TO"", ""object"": ""以色列""}]","[{""subject"": ""埃及和叙利亚关系"", ""relation"": ""HAS_CATEGORY"", ""object"": ""news_world""}, {""subject"": ""埃及"", ""relation"": ""RELATED_TO"", ""object"": ""叙利亚""}, {""subject"": ""埃及"", ""relation"": ""RELATED_TO"", ""object"": ""以色列""}, {""subject"": ""叙利亚"", ""relation"": ""RELATED_TO"", ""object"": ""以色列""}]"
11,news_agriculture,三农是指什么？,"三农,农业,三农问题",ok,ok,"[{""subject"": ""三农"", ""relation"": ""HAS_CATEGORY"", ""object"": ""news_agriculture""}]","[{""subject"": ""三农"", ""relation"": ""HAS_CATEGORY"", ""object"": ""news_agriculture""}, {""subject"": ""三农"", ""relation"": ""RELATED_TO"", ""object"": ""农业""}, {""subject"": ""三农"", ""relation"": ""RELATED_TO"", ""object"": ""农村""}, {""subject"": ""三农"", ""relation"": ""RELATED_TO"", ""object"": ""农民""}]","[{""subject"": ""三农"", ""relation"": ""HAS_CATEGORY"", ""object"": ""news_agriculture""}, {""subject"": ""三农"", ""relation"": ""RELATED_TO"", ""object"": ""农业""}, {""subject"": ""三农"", ""relation"": ""RELATED_TO"", ""object"": ""农村""}, {""subject"": ""三农"", ""relation"": ""RELATED_TO"", ""object"": ""农民""}]"
12,news_game,你手机里玩过一年以上的手游叫什么？,,ok,ok,"[{""subject"": ""你手机里玩过一年以上的手游叫什么？"", ""relation"": ""HAS_CATEGORY"", ""object"": ""news_game""}]","[{""subject"": ""手游"", ""relation"": ""HAS_CATEGORY"", ""object"": ""news_game""}, {""subject"": ""手机"", ""relation"": ""MENTIONS"", ""object"": ""手游""}, {""subject"": ""手游"", ""relation"": ""RELATED_TO"", ""object"": ""一年以上""}]","[{""subject"": ""手游"", ""relation"": ""HAS_CATEGORY"", ""object"": ""news_game""}, {""subject"": ""手机"", ""relation"": ""MENTIONS"", ""object"": ""手游""}, {""subject"": ""手游"", ""relation"": ""RELATED_TO"", ""object"": ""一年以上""}]"
13,news_car,为何买车时这三句话不能说？,"这句话,豪华车,价格歧视,销售员,经销商",ok,ok,"[{""subject"": ""为何买车时这三句话不能说？"", ""relation"": ""HAS_CATEGORY"", ""object"": ""news_car""}]","[{""subject"": ""买车"", ""relation"": ""HAS_CATEGORY"", ""object"": ""news_car""}, {""subject"": ""买车"", ""relation"": ""RELATED_TO"", ""object"": ""禁忌话语""}]","[{""subject"": ""买车"", ""relation"": ""HAS_CATEGORY"", ""object"": ""news_car""}, {""subject"": ""买车"", ""relation"": ""RELATED_TO"", ""object"": ""禁忌话语""}]"
14,news_culture,旅游文化：哪里旅游便宜又好玩？一日游去哪里比较好？,"神雕侠侣,三宣堂,桃花岛,桃源洞,齐白石,射雕英雄传,刘永福",ok,ok,"[{""subject"": ""旅游文化"", ""relation"": ""HAS_CATEGORY"", ""object"": ""news_travel""}, {""subject"": ""旅游文化"", ""relation"": ""MENTIONS"", ""object"": ""哪里旅游便宜又好玩""}, {""subject"": ""旅游文化"", ""relation"": ""MENTIONS"", ""object"": ""一日游去哪里比较好""}]","[{""subject"": ""旅游文化"", ""relation"": ""HAS_CATEGORY"", ""object"": ""news_travel""}, {""subject"": ""旅游文化"", ""relation"": ""MENTIONS"", ""object"": ""一日游""}, {""subject"": ""旅游文化"", ""relation"": ""MENTIONS"", ""object"": ""便宜又好玩""}]","[{""subject"": ""旅游文化"", ""relation"": ""HAS_CATEGORY"", ""object"": ""news_travel""}, {""subject"": ""旅游文化"", ""relation"": ""MENTIONS"", ""object"": ""一日游""}, {""subject"": ""旅游文化"", ""relation"": ""MENTIONS"", ""object"": ""便宜又好玩""}]"
15,news_house,曹德旺为什么劝别人卖房子？,,ok,ok,"[{""subject"": ""曹德旺"", ""relation"": ""HAS_CATEGORY"", ""object"": ""news_finance""}, {""subject"": ""曹德旺"", ""relation"": ""RELATED_TO"", ""object"": ""卖房子""}]","[{""subject"": ""曹德旺为什么劝别人卖房子？"", ""relation"": ""HAS_CATEGORY"", ""object"": ""news_house""}, {""subject"": ""曹德旺"", ""relation"": ""MENTIONS"", ""object"": ""卖房子""}, {""subject"": ""曹德旺"", ""relation"": ""PARTICIPATES_IN"", ""object"": ""劝别人卖房子""}]","[{""subject"": ""曹德旺为什么劝别人卖房子？"", ""relation"": ""HAS_CATEGORY"", ""object"": ""news_house""}, {""subject"": ""曹德旺"", ""relation"": ""MENTIONS"", ""object"": ""卖房子""}, {""subject"": ""曹德旺"", ""relation"": ""PARTICIPATES_IN"", ""object"": ""劝别人卖房子""}]"
16,news_stock,14年前的券商倒闭潮：熊市死于激进，自营炒股亏损几十亿，救不活,"与组织共舞,中国银行,南方证券,华夏证券,徐卫国,保证金,大鹏证券,深圳国际",ok,ok,"[{""subject"": ""14年前的券商倒闭潮"", ""relation"": ""HAS_CATEGORY"", ""object"": ""news_finance""}, {""subject"": ""14年前的券商倒闭潮"", ""relation"": ""EVENT_RELATED"", ""object"": ""熊市""}, {""subject"": ""14年前的券商倒闭潮"", ""relation"": ""EVENT_RELATED"", ""object"": ""激进""}, {""subject"": ""14年前的券商倒闭潮"", ""relation"": ""EVENT_RELATED"", ""object"": ""自营炒股""}, {""subject"": ""14年前的券商倒闭潮"", ""relation"": ""EVENT_RELATED"", ""object"": ""亏损几十亿""}]","[{""subject"": ""14年前的券商倒闭潮"", ""relation"": ""HAS_CATEGORY"", ""object"": ""news_finance""}, {""subject"": ""券商"", ""relation"": ""PARTICIPATES_IN"", ""object"": ""倒闭潮""}, {""subject"": ""券商"", ""relation"": ""MENTIONS"", ""object"": ""自营炒股亏损""}, {""subject"": ""熊市"", ""relation"": ""RELATED_TO"", ""object"": ""激进策略""}]","[{""subject"": ""14年前的券商倒闭潮"", ""relation"": ""HAS_CATEGORY"", ""object"": ""news_finance""}, {""subject"": ""券商"", ""relation"": ""PARTICIPATES_IN"", ""object"": ""倒闭潮""}, {""subject"": ""券商"", ""relation"": ""MENTIONS"", ""object"": ""自营炒股亏损""}, {""subject"": ""熊市"", ""relation"": ""RELATED_TO"", ""object"": ""激进策略""}]"
17,news_car,迪拜本土品牌Devel新车——Devel 60，售价45万美刀,"本土品牌,马力可,迪拜,Devel",ok,ok,"[{""subject"": ""Devel 60"", ""relation"": ""HAS_CATEGORY"", ""object"": ""news_car""}, {""subject"": ""Devel 60"", ""relation"": ""PRODUCES"", ""object"": ""Devel""}, {""subject"": ""Devel"", ""relation"": ""LOCATED_IN"", ""object"": ""迪拜""}]","[{""subject"": ""Devel 60"", ""relation"": ""HAS_CATEGORY"", ""object"": ""news_car""}, {""subject"": ""Devel"", ""relation"": ""PRODUCES"", ""object"": ""Devel 60""}, {""subject"": ""Devel"", ""relation"": ""LOCATED_IN"", ""object"": ""迪拜""}, {""subject"": ""Devel 60"", ""relation"": ""RELATED_TO"", ""object"": ""45万美刀""}]","[{""subject"": ""Devel 60"", ""relation"": ""HAS_CATEGORY"", ""object"": ""news_car""}, {""subject"": ""Devel"", ""relation"": ""PRODUCES"", ""object"": ""Devel 60""}, {""subject"": ""Devel"", ""relation"": ""LOCATED_IN"", ""object"": ""迪拜""}, {""subject"": ""Devel 60"", ""relation"": ""RELATED_TO"", ""object"": ""45万美刀""}]"
18,news_story,21岁男孩突然失踪，同校一女大学生肾脏丢失揭开谜团,"公务员,阴魂,泊舟,也就是,一段时间,赵钱孙,束线带",ok,ok,"[{""subject"": ""21岁男孩突然失踪，同校一女大学生肾脏丢失揭开谜团"", ""relation"": ""HAS_CATEGORY"", ""object"": ""news_story""}, {""subject"": ""21岁男孩突然失踪，同校一女大学生肾脏丢失揭开谜团"", ""relation"": ""MENTIONS"", ""object"": ""21岁男孩""}, {""subject"": ""21岁男孩突然失踪，同校一女大学生肾脏丢失揭开谜团"", ""relation"": ""MENTIONS"", ""object"": ""女大学生""}, {""subject"": ""21岁男孩"", ""relation"": ""PARTICIPATES_IN"", ""object"": ""失踪""}, {""subject"": ""女大学生"", ""relation"": ""PARTICIPATES_IN"", ""object"": ""肾脏丢失""}, {""subject"": ""失踪"", ""relation"": ""EVENT_RELATED"", ""object"": ""肾脏丢失""}]","[{""subject"": ""21岁男孩失踪案"", ""relation"": ""HAS_CATEGORY"", ""object"": ""news_story""}, {""subject"": ""21岁男孩"", ""relation"": ""PARTICIPATES_IN"", ""object"": ""失踪事件""}, {""subject"": ""女大学生"", ""relation"": ""PARTICIPATES_IN"", ""object"": ""肾脏丢失事件""}, {""subject"": ""失踪事件"", ""relation"": ""EVENT_RELATED"", ""object"": ""肾脏丢失事件""}]","[{""subject"": ""21岁男孩失踪案"", ""relation"": ""HAS_CATEGORY"", ""object"": ""news_story""}, {""subject"": ""21岁男孩"", ""relation"": ""PARTICIPATES_IN"", ""object"": ""失踪事件""}, {""subject"": ""女大学生"", ""relation"": ""PARTICIPATES_IN"", ""object"": ""肾脏丢失事件""}, {""subject"": ""失踪事件"", ""relation"": ""EVENT_RELATED"", ""object"": ""肾脏丢失事件""}]"
19,news_house,亮相高等学府，走进桂理工｜绿地力量见证东盟经开区最好时代,"开区,武鸣区,武鸣,绿地·东盟国际城,南宁",ok,ok,"[{""subject"": ""亮相高等学府，走进桂理工｜绿地力量见证东盟经开区最好时代"", ""relation"": ""HAS_CATEGORY"", ""object"": ""news_edu""}, {""subject"": ""亮相高等学府，走进桂理工｜绿地力量见证东盟经开区最好时代"", ""relation"": ""MENTIONS"", ""object"": ""桂理工""}, {""subject"": ""亮相高等学府，走进桂理工｜绿地力量见证东盟经开区最好时代"", ""relation"": ""MENTIONS"", ""object"": ""绿地""}, {""subject"": ""亮相高等学府，走进桂理工｜绿地力量见证东盟经开区最好时代"", ""relation"": ""MENTIONS"", ""object"": ""东盟经开区""}, {""subject"": ""桂理工"", ""relation"": ""LOCATED_IN"", ""object"": ""东盟经开区""}, {""subject"": ""绿地"", ""relation"": ""LOCATED_IN"", ""object"": ""东盟经开区""}]","[{""subject"": ""绿地力量"", ""relation"": ""HAS_CATEGORY"", ""object"": ""news_edu""}, {""subject"": ""绿地力量"", ""relation"": ""PARTICIPATES_IN"", ""object"": ""走进桂理工""}, {""subject"": ""走进桂理工"", ""relation"": ""LOCATED_IN"", ""object"": ""桂理工""}, {""subject"": ""绿地力量"", ""relation"": ""MENTIONS"", ""object"": ""东盟经开区""}]","[{""subject"": ""绿地力量"", ""relation"": ""HAS_CATEGORY"", ""object"": ""news_edu""}, {""subject"": ""绿地力量"", ""relation"": ""PARTICIPATES_IN"", ""object"": ""走进桂理工""}, {""subject"": ""走进桂理工"", ""relation"": ""LOCATED_IN"", ""object"": ""桂理工""}, {""subject"": ""绿地力量"", ""relation"": ""MENTIONS"", ""object"": ""东盟经开区""}]"
20,news_stock,广发证券三年蒸发1200亿 业绩报忧欲募资150亿,"营业收入,海通证券,非公开发行,FICC,东方证券,广发证券,Holding,Financial,华泰证券,港元,吉林敖东",ok,ok,"[{""subject"": ""广发证券"", ""relation"": ""HAS_CATEGORY"", ""object"": ""news_finance""}, {""subject"": ""广发证券"", ""relation"": ""RELATED_TO"", ""object"": ""三年蒸发1200亿""}, {""subject"": ""广发证券"", ""relation"": ""RELATED_TO"", ""object"": ""业绩报忧""}, {""subject"": ""广发证券"", ""relation"": ""RELATED_TO"", ""object"": ""欲募资150亿""}]","[{""subject"": ""广发证券三年蒸发1200亿 业绩报忧欲募资150亿"", ""relation"": ""HAS_CATEGORY"", ""object"": ""news_finance""}, {""subject"": ""广发证券"", ""relation"": ""MENTIONS"", ""object"": ""蒸发1200亿""}, {""subject"": ""广发证券"", ""relation"": ""MENTIONS"", ""object"": ""募资150亿""}]","[{""subject"": ""广发证券三年蒸发1200亿 业绩报忧欲募资150亿"", ""relation"": ""HAS_CATEGORY"", ""object"": ""news_finance""}, {""subject"": ""广发证券"", ""relation"": ""MENTIONS"", ""object"": ""蒸发1200亿""}, {""subject"": ""广发证券"", ""relation"": ""MENTIONS"", ""object"": ""募资150亿""}]"
21,news_finance,全国教育经费去年总投入超4万亿元 同比增长9.43%,"教育经费总投入,高等学校,上年增长,中等职业学校,全国",ok,ok,"[{""subject"": ""全国教育经费去年总投入超4万亿元 同比增长9.43%"", ""relation"": ""HAS_CATEGORY"", ""object"": ""news_edu""}, {""subject"": ""全国教育经费去年总投入超4万亿元 同比增长9.43%"", ""relation"": ""MENTIONS"", ""object"": ""全国""}, {""subject"": ""全国教育经费去年总投入超4万亿元 同比增长9.43%"", ""relation"": ""MENTIONS"", ""object"": ""教育经费""}]","[{""subject"": ""全国教育经费"", ""relation"": ""HAS_CATEGORY"", ""object"": ""news_edu""}, {""subject"": ""全国教育经费"", ""relation"": ""LOCATED_IN"", ""object"": ""全国""}, {""subject"": ""全国教育经费"", ""relation"": ""RELATED_TO"", ""object"": ""4万亿元""}, {""subject"": ""全国教育经费"", ""relation"": ""RELATED_TO"", ""object"": ""9.43%""}]","[{""subject"": ""全国教育经费"", ""relation"": ""HAS_CATEGORY"", ""object"": ""news_edu""}, {""subject"": ""全国教育经费"", ""relation"": ""LOCATED_IN"", ""object"": ""全国""}, {""subject"": ""全国教育经费"", ""relation"": ""RELATED_TO"", ""object"": ""4万亿元""}, {""subject"": ""全国教育经费"", ""relation"": ""RELATED_TO"", ""object"": ""9.43%""}]"
22,news_world,纪念汶川地震十周年——重温天安门广场那个令世人震撼的午后,"下半旗志哀,天安门广场,哀悼日,全国哀悼日",ok,ok,"[{""subject"": ""纪念汶川地震十周年——重温天安门广场那个令世人震撼的午后"", ""relation"": ""HAS_CATEGORY"", ""object"": ""news_story""}, {""subject"": ""纪念汶川地震十周年——重温天安门广场那个令世人震撼的午后"", ""relation"": ""MENTIONS"", ""object"": ""汶川地震""}, {""subject"": ""纪念汶川地震十周年——重温天安门广场那个令世人震撼的午后"", ""relation"": ""MENTIONS"", ""object"": ""天安门广场""}, {""subject"": ""汶川地震"", ""relation"": ""LOCATED_IN"", ""object"": ""汶川""}]","[{""subject"": ""纪念汶川地震十周年"", ""relation"": ""HAS_CATEGORY"", ""object"": ""news_culture""}, {""subject"": ""纪念汶川地震十周年"", ""relation"": ""RELATED_TO"", ""object"": ""汶川地震""}, {""subject"": ""纪念汶川地震十周年"", ""relation"": ""LOCATED_IN"", ""object"": ""天安门广场""}]","[{""subject"": ""纪念汶川地震十周年"", ""relation"": ""HAS_CATEGORY"", ""object"": ""news_culture""}, {""subject"": ""纪念汶川地震十周年"", ""relation"": ""RELATED_TO"", ""object"": ""汶川地震""}, {""subject"": ""纪念汶川地震十周年"", ""relation"": ""LOCATED_IN"", ""object"": ""天安门广场""}]"
23,news_world,美沙特敲定125亿美元军售订单，对美国有什么好处？,,ok,ok,"[{""subject"": ""美沙特敲定125亿美元军售订单，对美国有什么好处？"", ""relation"": ""HAS_CATEGORY"", ""object"": ""news_military""}, {""subject"": ""美沙特敲定125亿美元军售订单，对美国有什么好处？"", ""relation"": ""MENTIONS"", ""object"": ""美国""}, {""subject"": ""美沙特敲定125亿美元军售订单，对美国有什么好处？"", ""relation"": ""MENTIONS"", ""object"": ""沙特""}, {""subject"": ""美沙特敲定125亿美元军售订单，对美国有什么好处？"", ""relation"": ""MENTIONS"", ""object"": ""125亿美元军售订单""}, {""subject"": ""美国"", ""relation"": ""PARTICIPATES_IN"", ""object"": ""125亿美元军售订单""}, {""subject"": ""沙特"", ""relation"": ""PARTICIPATES_IN"", ""object"": ""125亿美元军售订单""}]","[{""subject"": ""美沙特军售"", ""relation"": ""HAS_CATEGORY"", ""object"": ""news_military""}, {""subject"": ""美国"", ""relation"": ""PARTICIPATES_IN"", ""object"": ""军售订单""}, {""subject"": ""沙特"", ""relation"": ""PARTICIPATES_IN"", ""object"": ""军售订单""}, {""subject"": ""军售订单"", ""relation"": ""RELATED_TO"", ""object"": ""125亿美元""}]","[{""subject"": ""美沙特军售"", ""relation"": ""HAS_CATEGORY"", ""object"": ""news_military""}, {""subject"": ""美国"", ""relation"": ""PARTICIPATES_IN"", ""object"": ""军售订单""}, {""subject"": ""沙特"", ""relation"": ""PARTICIPATES_IN"", ""object"": ""军售订单""}, {""subject"": ""军售订单"", ""relation"": ""RELATED_TO"", ""object"": ""125亿美元""}]"
24,news_edu,乐山市4.15事业单位联考笔试成绩及职位排名出啦~,"乐山市,公开考试,事业单位,人事考试网",ok,ok,"[{""subject"": ""乐山市4.15事业单位联考笔试成绩及职位排名出啦~"", ""relation"": ""HAS_CATEGORY"", ""object"": ""news_edu""}, {""subject"": ""乐山市4.15事业单位联考笔试成绩及职位排名出啦~"", ""relation"": ""MENTIONS"", ""object"": ""乐山市""}, {""subject"": ""乐山市4.15事业单位联考笔试成绩及职位排名出啦~"", ""relation"": ""MENTIONS"", ""object"": ""事业单位联考""}, {""subject"": ""事业单位联考"", ""relation"": ""LOCATED_IN"", ""object"": ""乐山市""}]","[{""subject"": ""乐山市4.15事业单位联考笔试成绩及职位排名出啦~"", ""relation"": ""HAS_CATEGORY"", ""object"": ""news_edu""}, {""subject"": ""乐山市4.15事业单位联考"", ""relation"": ""LOCATED_IN"", ""object"": ""乐山市""}, {""subject"": ""乐山市4.15事业单位联考"", ""relation"": ""PRODUCES"", ""object"": ""笔试成绩""}, {""subject"": ""乐山市4.15事业单位联考"", ""relation"": ""PRODUCES"", ""object"": ""职位排名""}]","[{""subject"": ""乐山市4.15事业单位联考笔试成绩及职位排名出啦~"", ""relation"": ""HAS_CATEGORY"", ""object"": ""news_edu""}, {""subject"": ""乐山市4.15事业单位联考"", ""relation"": ""LOCATED_IN"", ""object"": ""乐山市""}, {""subject"": ""乐山市4.15事业单位联考"", ""relation"": ""PRODUCES"", ""object"": ""笔试成绩""}, {""subject"": ""乐山市4.15事业单位联考"", ""relation"": ""PRODUCES"", ""object"": ""职位排名""}]"
25,news_travel,韶关和肇庆，这两座城市，哪个更有发展前景呢？,,ok,ok,"[{""subject"": ""韶关"", ""relation"": ""HAS_CATEGORY"", ""object"": ""news_world""}, {""subject"": ""韶关"", ""relation"": ""RELATED_TO"", ""object"": ""肇庆""}]","[{""subject"": ""韶关和肇庆发展前景对比"", ""relation"": ""HAS_CATEGORY"", ""object"": ""news_house""}, {""subject"": ""韶关和肇庆发展前景对比"", ""relation"": ""MENTIONS"", ""object"": ""韶关""}, {""subject"": ""韶关和肇庆发展前景对比"", ""relation"": ""MENTIONS"", ""object"": ""肇庆""}]","[{""subject"": ""韶关和肇庆发展前景对比"", ""relation"": ""HAS_CATEGORY"", ""object"": ""news_house""}, {""subject"": ""韶关和肇庆发展前景对比"", ""relation"": ""MENTIONS"", ""object"": ""韶关""}, {""subject"": ""韶关和肇庆发展前景对比"", ""relation"": ""MENTIONS"", ""object"": ""肇庆""}]"
26,news_culture,大型主题歌舞《敦煌韵》梦幻恢弘震撼临夏大剧院,"千手观音,鱼跃神泉,莫高窟壁画,敦煌韵,临夏,大剧院,临夏市,丝绸之路",ok,ok,"[{""subject"": ""大型主题歌舞《敦煌韵》"", ""relation"": ""HAS_CATEGORY"", ""object"": ""news_culture""}, {""subject"": ""大型主题歌舞《敦煌韵》"", ""relation"": ""LOCATED_IN"", ""object"": ""临夏大剧院""}]","[{""subject"": ""大型主题歌舞《敦煌韵》"", ""relation"": ""HAS_CATEGORY"", ""object"": ""news_culture""}, {""subject"": ""大型主题歌舞《敦煌韵》"", ""relation"": ""LOCATED_IN"", ""object"": ""临夏大剧院""}, {""subject"": ""大型主题歌舞《敦煌韵》"", ""relation"": ""MENTIONS"", ""object"": ""敦煌""}]","[{""subject"": ""大型主题歌舞《敦煌韵》"", ""relation"": ""HAS_CATEGORY"", ""object"": ""news_culture""}, {""subject"": ""大型主题歌舞《敦煌韵》"", ""relation"": ""LOCATED_IN"", ""object"": ""临夏大剧院""}, {""subject"": ""大型主题歌舞《敦煌韵》"", ""relation"": ""MENTIONS"", ""object"": ""敦煌""}]"
27,news_game,王者荣耀：最美杨玉环全面解析,"四大美女,程咬金,杨玉环",ok,ok,"[{""subject"": ""王者荣耀"", ""relation"": ""HAS_CATEGORY"", ""object"": ""news_game""}, {""subject"": ""杨玉环"", ""relation"": ""RELATED_TO"", ""object"": ""王者荣耀""}]","[{""subject"": ""王者荣耀"", ""relation"": ""HAS_CATEGORY"", ""object"": ""news_game""}, {""subject"": ""王者荣耀"", ""relation"": ""MENTIONS"", ""object"": ""杨玉环""}, {""subject"": ""杨玉环"", ""relation"": ""RELATED_TO"", ""object"": ""王者荣耀""}]","[{""subject"": ""王者荣耀"", ""relation"": ""HAS_CATEGORY"", ""object"": ""news_game""}, {""subject"": ""王者荣耀"", ""relation"": ""MENTIONS"", ""object"": ""杨玉环""}, {""subject"": ""杨玉环"", ""relation"": ""RELATED_TO"", ""object"": ""王者荣耀""}]"
28,news_edu,少儿编程市场进入窗口期，头部梯队跑马圈地加速｜烯牛谍报,"编程语言,Scratch,少儿编程,渗透率,编程",ok,ok,"[{""subject"": ""少儿编程市场"", ""relation"": ""HAS_CATEGORY"", ""object"": ""news_edu""}, {""subject"": ""烯牛谍报"", ""relation"": ""MENTIONS"", ""object"": ""少儿编程市场""}, {""subject"": ""烯牛谍报"", ""relation"": ""MENTIONS"", ""object"": ""头部梯队""}, {""subject"": ""头部梯队"", ""relation"": ""PARTICIPATES_IN"", ""object"": ""少儿编程市场""}]","[{""subject"": ""少儿编程市场"", ""relation"": ""HAS_CATEGORY"", ""object"": ""news_edu""}, {""subject"": ""少儿编程市场"", ""relation"": ""RELATED_TO"", ""object"": ""窗口期""}, {""subject"": ""头部梯队"", ""relation"": ""PARTICIPATES_IN"", ""object"": ""跑马圈地""}, {""subject"": ""烯牛谍报"", ""relation"": ""MENTIONS"", ""object"": ""少儿编程市场""}]","[{""subject"": ""少儿编程市场"", ""relation"": ""HAS_CATEGORY"", ""object"": ""news_edu""}, {""subject"": ""少儿编程市场"", ""relation"": ""RELATED_TO"", ""object"": ""窗口期""}, {""subject"": ""头部梯队"", ""relation"": ""PARTICIPATES_IN"", ""object"": ""跑马圈地""}, {""subject"": ""烯牛谍报"", ""relation"": ""MENTIONS"", ""object"": ""少儿编程市场""}]"
29,news_military,传承红大、抗大血脉，让三尺讲台连接未来战场,"国防大学,陈晖,部队,航空兵,联合作战",ok,ok,"[{""subject"": ""传承红大、抗大血脉，让三尺讲台连接未来战场"", ""relation"": ""HAS_CATEGORY"", ""object"": ""news_military""}, {""subject"": ""传承红大、抗大血脉，让三尺讲台连接未来战场"", ""relation"": ""MENTIONS"", ""object"": ""红大""}, {""subject"": ""传承红大、抗大血脉，让三尺讲台连接未来战场"", ""relation"": ""MENTIONS"", ""object"": ""抗大""}, {""subject"": ""红大"", ""relation"": ""ORG_RELATED"", ""object"": ""抗大""}]","[{""subject"": ""红大"", ""relation"": ""HAS_CATEGORY"", ""object"": ""news_edu""}, {""subject"": ""红大"", ""relation"": ""RELATED_TO"", ""object"": ""抗大""}, {""subject"": ""三尺讲台"", ""relation"": ""RELATED_TO"", ""object"": ""未来战场""}]","[{""subject"": ""红大"", ""relation"": ""HAS_CATEGORY"", ""object"": ""news_edu""}, {""subject"": ""红大"", ""relation"": ""RELATED_TO"", ""object"": ""抗大""}, {""subject"": ""三尺讲台"", ""relation"": ""RELATED_TO"", ""object"": ""未来战场""}]"
30,news_sports,恒大在权健亚冠主场全身而退，全场球迷辱骂郜林，你是怎么看的？,,ok,ok,"[{""subject"": ""恒大"", ""relation"": ""PARTICIPATES_IN"", ""object"": ""亚冠""}, {""subject"": ""权健"", ""relation"": ""PARTICIPATES_IN"", ""object"": ""亚冠""}, {""subject"": ""恒大"", ""relation"": ""ORG_RELATED"", ""object"": ""权健""}, {""subject"": ""郜林"", ""relation"": ""PARTICIPATES_IN"", ""object"": ""亚冠""}, {""subject"": ""亚冠"", ""relation"": ""HAS_CATEGORY"", ""object"": ""news_sports""}]","[{""subject"": ""恒大在权健亚冠主场全身而退，全场球迷辱骂郜林，你是怎么看的？"", ""relation"": ""HAS_CATEGORY"", ""object"": ""news_sports""}, {""subject"": ""恒大"", ""relation"": ""PARTICIPATES_IN"", ""object"": ""亚冠""}, {""subject"": ""权健"", ""relation"": ""PARTICIPATES_IN"", ""object"": ""亚冠""}, {""subject"": ""恒大"", ""relation"": ""ORG_RELATED"", ""object"": ""权健""}]","[{""subject"": ""恒大在权健亚冠主场全身而退，全场球迷辱骂郜林，你是怎么看的？"", ""relation"": ""HAS_CATEGORY"", ""object"": ""news_sports""}, {""subject"": ""恒大"", ""relation"": ""PARTICIPATES_IN"", ""object"": ""亚冠""}, {""subject"": ""权健"", ""relation"": ""PARTICIPATES_IN"", ""object"": ""亚冠""}, {""subject"": ""恒大"", ""relation"": ""ORG_RELATED"", ""object"": ""权健""}]"
31,news_finance,融资一波三折 人人车究竟怎么了？,"二手车电商,C2C,邯郸学步,李健,战略决策",ok,ok,"[{""subject"": ""人人车"", ""relation"": ""HAS_CATEGORY"", ""object"": ""news_finance""}, {""subject"": ""融资"", ""relation"": ""EVENT_RELATED"", ""object"": ""人人车""}]","[{""subject"": ""人人车"", ""relation"": ""HAS_CATEGORY"", ""object"": ""news_finance""}, {""subject"": ""人人车"", ""relation"": ""PARTICIPATES_IN"", ""object"": ""融资""}, {""subject"": ""融资"", ""relation"": ""RELATED_TO"", ""object"": ""一波三折""}]","[{""subject"": ""人人车"", ""relation"": ""HAS_CATEGORY"", ""object"": ""news_finance""}, {""subject"": ""人人车"", ""relation"": ""PARTICIPATES_IN"", ""object"": ""融资""}, {""subject"": ""融资"", ""relation"": ""RELATED_TO"", ""object"": ""一波三折""}]"
32,news_edu,重磅消息！合肥四部门正式对校外培训机构“出重拳”了！,"校外培训机构,白名单,不良行为,办学许可证,黑名单,领导小组,事业单位法人证书",ok,ok,"[{""subject"": ""合肥四部门"", ""relation"": ""HAS_CATEGORY"", ""object"": ""news_edu""}, {""subject"": ""合肥四部门"", ""relation"": ""LOCATED_IN"", ""object"": ""合肥""}, {""subject"": ""校外培训机构"", ""relation"": ""LOCATED_IN"", ""object"": ""合肥""}, {""subject"": ""合肥四部门"", ""relation"": ""ORG_RELATED"", ""object"": ""校外培训机构""}]","[{""subject"": ""合肥四部门整治校外培训机构"", ""relation"": ""HAS_CATEGORY"", ""object"": ""news_edu""}, {""subject"": ""合肥四部门"", ""relation"": ""LOCATED_IN"", ""object"": ""合肥""}, {""subject"": ""合肥四部门"", ""relation"": ""PARTICIPATES_IN"", ""object"": ""整治校外培训机构""}, {""subject"": ""校外培训机构"", ""relation"": ""MENTIONS"", ""object"": ""合肥四部门""}]","[{""subject"": ""合肥四部门整治校外培训机构"", ""relation"": ""HAS_CATEGORY"", ""object"": ""news_edu""}, {""subject"": ""合肥四部门"", ""relation"": ""LOCATED_IN"", ""object"": ""合肥""}, {""subject"": ""合肥四部门"", ""relation"": ""PARTICIPATES_IN"", ""object"": ""整治校外培训机构""}, {""subject"": ""校外培训机构"", ""relation"": ""MENTIONS"", ""object"": ""合肥四部门""}]"
33,news_culture,长江为什么叫江，黄河为什么叫河，江和河是什么区别？,,ok,ok,"[{""subject"": ""长江"", ""relation"": ""HAS_CATEGORY"", ""object"": ""news_story""}, {""subject"": ""长江"", ""relation"": ""RELATED_TO"", ""object"": ""江""}, {""subject"": ""黄河"", ""relation"": ""RELATED_TO"", ""object"": ""河""}, {""subject"": ""江"", ""relation"": ""RELATED_TO"", ""object"": ""河""}]","[{""subject"": ""长江黄河命名区别"", ""relation"": ""HAS_CATEGORY"", ""object"": ""news_culture""}, {""subject"": ""长江"", ""relation"": ""RELATED_TO"", ""object"": ""黄河""}, {""subject"": ""长江"", ""relation"": ""MENTIONS"", ""object"": ""江""}, {""subject"": ""黄河"", ""relation"": ""MENTIONS"", ""object"": ""河""}]","[{""subject"": ""长江黄河命名区别"", ""relation"": ""HAS_CATEGORY"", ""object"": ""news_culture""}, {""subject"": ""长江"", ""relation"": ""RELATED_TO"", ""object"": ""黄河""}, {""subject"": ""长江"", ""relation"": ""MENTIONS"", ""object"": ""江""}, {""subject"": ""黄河"", ""relation"": ""MENTIONS"", ""object"": ""河""}]"
34,news_agriculture,无比怀念！农村现在还有街机游戏厅吗？,"三国志,游戏币,格斗游戏,诸葛亮,游戏机",ok,ok,"[{""subject"": ""农村现在还有街机游戏厅吗？"", ""relation"": ""HAS_CATEGORY"", ""object"": ""news_game""}, {""subject"": ""农村现在还有街机游戏厅吗？"", ""relation"": ""MENTIONS"", ""object"": ""农村""}, {""subject"": ""农村现在还有街机游戏厅吗？"", ""relation"": ""MENTIONS"", ""object"": ""街机游戏厅""}, {""subject"": ""街机游戏厅"", ""relation"": ""LOCATED_IN"", ""object"": ""农村""}]","[{""subject"": ""街机游戏厅"", ""relation"": ""HAS_CATEGORY"", ""object"": ""news_game""}, {""subject"": ""街机游戏厅"", ""relation"": ""LOCATED_IN"", ""object"": ""农村""}, {""subject"": ""农村"", ""relation"": ""MENTIONS"", ""object"": ""街机游戏厅""}]","[{""subject"": ""街机游戏厅"", ""relation"": ""HAS_CATEGORY"", ""object"": ""news_game""}, {""subject"": ""街机游戏厅"", ""relation"": ""LOCATED_IN"", ""object"": ""农村""}, {""subject"": ""农村"", ""relation"": ""MENTIONS"", ""object"": ""街机游戏厅""}]"
35,news_finance,公司帐户不销户有什么后果？,,ok,ok,"[{""subject"": ""公司帐户不销户有什么后果？"", ""relation"": ""HAS_CATEGORY"", ""object"": ""news_finance""}]","[{""subject"": ""公司帐户不销户"", ""relation"": ""HAS_CATEGORY"", ""object"": ""news_finance""}, {""subject"": ""公司帐户"", ""relation"": ""MENTIONS"", ""object"": ""不销户""}, {""subject"": ""公司帐户不销户"", ""relation"": ""RELATED_TO"", ""object"": ""后果""}]","[{""subject"": ""公司帐户不销户"", ""relation"": ""HAS_CATEGORY"", ""object"": ""news_finance""}, {""subject"": ""公司帐户"", ""relation"": ""MENTIONS"", ""object"": ""不销户""}, {""subject"": ""公司帐户不销户"", ""relation"": ""RELATED_TO"", ""object"": ""后果""}]"
36,news_sports,4AM最新广告大片来袭！蜜蜂仔：韦酱这么帅的？想舔屏！嘤嘤嘤~,,ok,ok,"[{""subject"": ""4AM"", ""relation"": ""HAS_CATEGORY"", ""object"": ""news_entertainment""}, {""subject"": ""4AM"", ""relation"": ""PRODUCES"", ""object"": ""4AM最新广告大片""}, {""subject"": ""蜜蜂仔"", ""relation"": ""MENTIONS"", ""object"": ""4AM最新广告大片""}, {""subject"": ""蜜蜂仔"", ""relation"": ""RELATED_TO"", ""object"": ""韦酱""}]","[{""subject"": ""4AM最新广告大片"", ""relation"": ""HAS_CATEGORY"", ""object"": ""news_entertainment""}, {""subject"": ""蜜蜂仔"", ""relation"": ""MENTIONS"", ""object"": ""韦酱""}, {""subject"": ""4AM"", ""relation"": ""PRODUCES"", ""object"": ""最新广告大片""}]","[{""subject"": ""4AM最新广告大片"", ""relation"": ""HAS_CATEGORY"", ""object"": ""news_entertainment""}, {""subject"": ""蜜蜂仔"", ""relation"": ""MENTIONS"", ""object"": ""韦酱""}, {""subject"": ""4AM"", ""relation"": ""PRODUCES"", ""object"": ""最新广告大片""}]"
37,news_tech,聚惠侠来袭——视商时代的来临,"实体店消费,下单消费,天猫,实体店,聚惠侠",ok,ok,"[{""subject"": ""聚惠侠来袭——视商时代的来临"", ""relation"": ""HAS_CATEGORY"", ""object"": ""news_tech""}, {""subject"": ""聚惠侠来袭——视商时代的来临"", ""relation"": ""MENTIONS"", ""object"": ""聚惠侠""}, {""subject"": ""聚惠侠来袭——视商时代的来临"", ""relation"": ""MENTIONS"", ""object"": ""视商时代""}]","[{""subject"": ""聚惠侠"", ""relation"": ""HAS_CATEGORY"", ""object"": ""news_tech""}, {""subject"": ""聚惠侠"", ""relation"": ""RELATED_TO"", ""object"": ""视商时代""}, {""subject"": ""视商时代"", ""relation"": ""MENTIONS"", ""object"": ""视商""}]","[{""subject"": ""聚惠侠"", ""relation"": ""HAS_CATEGORY"", ""object"": ""news_tech""}, {""subject"": ""聚惠侠"", ""relation"": ""RELATED_TO"", ""object"": ""视商时代""}, {""subject"": ""视商时代"", ""relation"": ""MENTIONS"", ""object"": ""视商""}]"
38,news_military,5张罕见的国外上世纪老照片，不是一般的有趣,"老照片,·施瓦辛格小时候,高卢战争",ok,ok,"[{""subject"": ""5张罕见的国外上世纪老照片"", ""relation"": ""HAS_CATEGORY"", ""object"": ""news_culture""}, {""subject"": ""5张罕见的国外上世纪老照片"", ""relation"": ""LOCATED_IN"", ""object"": ""国外""}, {""subject"": ""5张罕见的国外上世纪老照片"", ""relation"": ""EVENT_RELATED"", ""object"": ""上世纪""}]","[{""subject"": ""国外老照片"", ""relation"": ""HAS_CATEGORY"", ""object"": ""news_culture""}, {""subject"": ""国外老照片"", ""relation"": ""LOCATED_IN"", ""object"": ""国外""}, {""subject"": ""国外老照片"", ""relation"": ""RELATED_TO"", ""object"": ""上世纪""}]","[{""subject"": ""国外老照片"", ""relation"": ""HAS_CATEGORY"", ""object"": ""news_culture""}, {""subject"": ""国外老照片"", ""relation"": ""LOCATED_IN"", ""object"": ""国外""}, {""subject"": ""国外老照片"", ""relation"": ""RELATED_TO"", ""object"": ""上世纪""}]"
39,news_agriculture,家里喜得千金，外公不远千里来祝贺，送的礼物让人佩服,"农村,小千金,商河县,山东省,外公",ok,ok,"[{""subject"": ""家里喜得千金，外公不远千里来祝贺，送的礼物让人佩服"", ""relation"": ""HAS_CATEGORY"", ""object"": ""news_story""}, {""subject"": ""家里喜得千金，外公不远千里来祝贺，送的礼物让人佩服"", ""relation"": ""MENTIONS"", ""object"": ""外公""}, {""subject"": ""外公"", ""relation"": ""PARTICIPATES_IN"", ""object"": ""祝贺""}, {""subject"": ""外公"", ""relation"": ""PRODUCES"", ""object"": ""礼物""}]","[{""subject"": ""外公"", ""relation"": ""HAS_CATEGORY"", ""object"": ""news_story""}, {""subject"": ""外公"", ""relation"": ""PARTICIPATES_IN"", ""object"": ""祝贺""}, {""subject"": ""外公"", ""relation"": ""PRODUCES"", ""object"": ""礼物""}, {""subject"": ""家里"", ""relation"": ""EVENT_RELATED"", ""object"": ""喜得千金""}]","[{""subject"": ""外公"", ""relation"": ""HAS_CATEGORY"", ""object"": ""news_story""}, {""subject"": ""外公"", ""relation"": ""PARTICIPATES_IN"", ""object"": ""祝贺""}, {""subject"": ""外公"", ""relation"": ""PRODUCES"", ""object"": ""礼物""}, {""subject"": ""家里"", ""relation"": ""EVENT_RELATED"", ""object"": ""喜得千金""}]"
40,news_house,楼市正在发生的三大改变，人人都能买得起房即将成为现实,"炒房者,房价,二手房,楼市,买房",ok,ok,"[{""subject"": ""楼市正在发生的三大改变，人人都能买得起房即将成为现实"", ""relation"": ""HAS_CATEGORY"", ""object"": ""news_house""}, {""subject"": ""楼市正在发生的三大改变，人人都能买得起房即将成为现实"", ""relation"": ""MENTIONS"", ""object"": ""楼市""}, {""subject"": ""楼市正在发生的三大改变，人人都能买得起房即将成为现实"", ""relation"": ""MENTIONS"", ""object"": ""买得起房""}]","[{""subject"": ""楼市"", ""relation"": ""HAS_CATEGORY"", ""object"": ""news_house""}, {""subject"": ""楼市"", ""relation"": ""RELATED_TO"", ""object"": ""三大改变""}, {""subject"": ""买房"", ""relation"": ""RELATED_TO"", ""object"": ""人人买得起""}]","[{""subject"": ""楼市"", ""relation"": ""HAS_CATEGORY"", ""object"": ""news_house""}, {""subject"": ""楼市"", ""relation"": ""RELATED_TO"", ""object"": ""三大改变""}, {""subject"": ""买房"", ""relation"": ""RELATED_TO"", ""object"": ""人人买得起""}]"
41,news_story,小小说：王局长和房子,"王局,来路不明,歪门邪道,王局长,副主任",ok,ok,"[{""subject"": ""小小说：王局长和房子"", ""relation"": ""HAS_CATEGORY"", ""object"": ""news_story""}, {""subject"": ""小小说：王局长和房子"", ""relation"": ""MENTIONS"", ""object"": ""王局长""}, {""subject"": ""小小说：王局长和房子"", ""relation"": ""MENTIONS"", ""object"": ""房子""}]","[{""subject"": ""王局长和房子"", ""relation"": ""HAS_CATEGORY"", ""object"": ""news_culture""}, {""subject"": ""王局长和房子"", ""relation"": ""MENTIONS"", ""object"": ""王局长""}, {""subject"": ""王局长和房子"", ""relation"": ""MENTIONS"", ""object"": ""房子""}]","[{""subject"": ""王局长和房子"", ""relation"": ""HAS_CATEGORY"", ""object"": ""news_culture""}, {""subject"": ""王局长和房子"", ""relation"": ""MENTIONS"", ""object"": ""王局长""}, {""subject"": ""王局长和房子"", ""relation"": ""MENTIONS"", ""object"": ""房子""}]"
42,news_story,参加同学婚礼被嘲笑大龄单身，郁闷想逃男神搂住我：考虑一下我,"冯子坤,晓尊,埃尔加,教研室,纸飞机,生日快乐,吴瑕,明天见,毒舌男友有点甜,田歆,卓言之",ok,ok,[],"[{""subject"": ""参加同学婚礼被嘲笑大龄单身，郁闷想逃男神搂住我：考虑一下我"", ""relation"": ""HAS_CATEGORY"", ""object"": ""news_entertainment""}, {""subject"": ""同学婚礼"", ""relation"": ""EVENT_RELATED"", ""object"": ""大龄单身""}, {""subject"": ""男神"", ""relation"": ""PARTICIPATES_IN"", ""object"": ""同学婚礼""}]","[{""subject"": ""参加同学婚礼被嘲笑大龄单身，郁闷想逃男神搂住我：考虑一下我"", ""relation"": ""HAS_CATEGORY"", ""object"": ""news_entertainment""}, {""subject"": ""同学婚礼"", ""relation"": ""EVENT_RELATED"", ""object"": ""大龄单身""}, {""subject"": ""男神"", ""relation"": ""PARTICIPATES_IN"", ""object"": ""同学婚礼""}]"
43,news_entertainment,光良砸15万率员工旅行 下海游泳遭海龟“亲吻”屁股,"第一次,童话,烟火,光良,萤火虫,我是歌手,约定",ok,ok,"[{""subject"": ""光良"", ""relation"": ""PARTICIPATES_IN"", ""object"": ""员工旅行""}, {""subject"": ""光良"", ""relation"": ""PARTICIPATES_IN"", ""object"": ""下海游泳""}, {""subject"": ""光良"", ""relation"": ""EVENT_RELATED"", ""object"": ""遭海龟“亲吻”屁股""}, {""subject"": ""光良"", ""relation"": ""HAS_CATEGORY"", ""object"": ""news_entertainment""}]","[{""subject"": ""光良"", ""relation"": ""HAS_CATEGORY"", ""object"": ""news_entertainment""}, {""subject"": ""光良"", ""relation"": ""PARTICIPATES_IN"", ""object"": ""员工旅行""}, {""subject"": ""光良"", ""relation"": ""MENTIONS"", ""object"": ""海龟""}, {""subject"": ""光良"", ""relation"": ""MENTIONS"", ""object"": ""15万""}]","[{""subject"": ""光良"", ""relation"": ""HAS_CATEGORY"", ""object"": ""news_entertainment""}, {""subject"": ""光良"", ""relation"": ""PARTICIPATES_IN"", ""object"": ""员工旅行""}, {""subject"": ""光良"", ""relation"": ""MENTIONS"", ""object"": ""海龟""}, {""subject"": ""光良"", ""relation"": ""MENTIONS"", ""object"": ""15万""}]"
44,news_stock,15亿大案：荐股骗局大曝光 财经主持人操纵39股,"股票,海大集团,股轩文化,兴发集团,荐股,证券账户,廖英强,兴业银行,证券法,佳士科技,全柴动力,操纵,谈股论金,证监会,桐昆股份,上证指数",ok,ok,"[{""subject"": ""15亿大案：荐股骗局大曝光 财经主持人操纵39股"", ""relation"": ""HAS_CATEGORY"", ""object"": ""news_finance""}, {""subject"": ""15亿大案：荐股骗局大曝光 财经主持人操纵39股"", ""relation"": ""MENTIONS"", ""object"": ""荐股骗局""}, {""subject"": ""15亿大案：荐股骗局大曝光 财经主持人操纵39股"", ""relation"": ""MENTIONS"", ""object"": ""财经主持人""}, {""subject"": ""财经主持人"", ""relation"": ""PARTICIPATES_IN"", ""object"": ""荐股骗局""}, {""subject"": ""财经主持人"", ""relation"": ""PARTICIPATES_IN"", ""object"": ""操纵39股""}]","[{""subject"": ""荐股骗局"", ""relation"": ""HAS_CATEGORY"", ""object"": ""news_finance""}, {""subject"": ""财经主持人"", ""relation"": ""PARTICIPATES_IN"", ""object"": ""荐股骗局""}, {""subject"": ""财经主持人"", ""relation"": ""MENTIONS"", ""object"": ""39股""}, {""subject"": ""荐股骗局"", ""relation"": ""RELATED_TO"", ""object"": ""15亿大案""}]","[{""subject"": ""荐股骗局"", ""relation"": ""HAS_CATEGORY"", ""object"": ""news_finance""}, {""subject"": ""财经主持人"", ""relation"": ""PARTICIPATES_IN"", ""object"": ""荐股骗局""}, {""subject"": ""财经主持人"", ""relation"": ""MENTIONS"", ""object"": ""39股""}, {""subject"": ""荐股骗局"", ""relation"": ""RELATED_TO"", ""object"": ""15亿大案""}]"
