uid,score
BCB7B68A470960035B6B6C887BC781D2,0.85
0DE2D1AB5D5EBD48AA34408919D6015D,0.85
3CDBD8B9A0F6036FE77A7FA8374EAE15,0.85
B4ACAA65BAC4282E628F57F4245B562E,0.85
9C0387C0544E07804CC207F5D258C8CE,0.85
990835684D42EDD494AFC1B744ABE55D,0.85
599F5E4A790744917DE68D29F1F13B11,0.95
3640A455B20FEAC303D5E5B3BBB0525D,0.65
0E4D1F8CF979B8B362E44E989ACA7B0C,
3EA749506427EDB9FD098BACDB5614B1,
AAF7D40E2773992F66B9308E7ABCCD9D,
B05C10BCA45D23F42ABA1D33735AA1FE,
D1D97F66B8036BB0C1C3CBE9B7A807B8,
BCCB6A06D02B7A2D87F82C1B8A2A3798,
EE8E5B78A03332EBA28CACE8748D64C7,
37696F082E4E1B12EEC5C15B37449C13,
4741D0ED78744084617F36708D700A13,
8851E95AAD0254D2EFD33E31276C493B,
AAD58557A3F73C8C98D7FC8A94091A46,
13455A12C9471E8562F92782F223F0D3,
DFFB014D3345F58F87FD591D71ABE94C,
5BCC41A1EA82B8A0F902950C259C155C,
AE7B78FDAC1E8CF1950CA02F01B0A7AD,
E0B2A851B3D48E5F2E8ABACB77AE9488,
0E429265AEDF182C7D78399CBB9A9DB4,
33E17C2C90DB0D80CED6C55DA3186010,
08ADD38F6D1B6D4EF186DCDBF38F4BC8,
431CB64510516B403C330F6E474E09A7,
3469C1123F5EA75F50AAFD0A6B127279,
19738761B8744F28A56BE519970C816B,
DBBB95DE96B1363CE807279253AC29C4,
A2B24FD783E56B052FD0DDC1FEDA5EEF,
7EDD773FAB80D667F303801B8468887F,0.85
4B150438CB62B1458C1C1E2EB86105B5,0.85
A1D54302BEDC0F90DC4E4E13166C4C6A,0.6
46CFFB80EE2251DFFA4314D3B2032FE4,0.85
4F2A0100F6896301C638E1F845B0E6CE,0.85
ECBEAFCA4698F6BB78C0E6941F15AEBD,0.75
9D67E2DA5A0263ED92491FB15C1D4CF1,0.75
9CE63EC5BEEB071B8BFBEEF89155B84F,0.85
37CEFDE86C30A7EAACD879A9BED17627,0.85
388330D62D5FBFD11BF080FD811A4C3A,0.75
688AA6FA975BACDA43D558390C88B026,0.85
0608C459090981514FE70DA405FA0D14,0.65
44FE137CFED70F56B50B402FC9BB1C6C,0.65
F81E2BCABE3618B84D8168FF0CC1DA34,0.75
02C42AE130305829613A4CE5842DE5FC,0.75
419C106703FE97A2923225BABAF87B9F,0.65
5640F580FE44C75EDB16CDCD96D6830E,0.85
D397149B5E7F4F1731AE1920A001C350,0.85
2DAF92818BDF3BC1ABEDBE4BB8FE6312,0.85
42394D7C5EE93976E4A504364F517B1E,0.85
5254C12B9CAA0B9F0C75F76AB9A0F375,0.85
3C8AF0F7B192043596FD754E08DE44BA,0.85
85E0665D958B3AB9D3BD0610F613D419,
B5EDF81CBDA838F3C24AAC8A8E6567F8,
8497B6AB2FA5172599374A0E8A00DED3,
D777FE87DDC3F0BCE80920654D651BB4,
ADEEFB67923CA0D3A86DA5D6741FB54F,
78A8980303659CF2B0449BEE848A7E8C,
EFF7BA5858F42FDE429CF9212083596B,
E0B3C34105AD673A390F9620707D374E,
6F12B11422BBED81742A199816E3D20E,
B705A1DF1F552D8E9B73C9D0BBC82B72,
8A84BD0A688E71BFDEFF99E8A59C0EA3,
E54758CBCCF294AECD686A40476E7DB3,
CEACBEC233EE6AD5598D2CC286F1DEB9,
5FA060D2501CCB848590495B770890E2,
37CA4757AE7A7C78DCC9FD8AE19E6298,
431E6F90E189753C3E7AFC0A5A81C73C,
9C793706A7196311138BF99085E47DDA,
1E7C7046496C300F0511A85ADC4ECCAF,
174AF4F941CFAAD0EBDC1FD030BDA59B,
108104E897D780C9CD66366C41001A04,0.85
B57DD390F358C0E787B0079B88230502,
7B6909B81DA5F05E26C339F450349F58,
135e1fc00cc1444fb80834c7d311fa75,
AB55A4A1AFE8AAB745F7BEC1103EE473,
5184AD6A40B1109B9837CF11CB31A9EF,
5979A70713D635F58408AF63DDBB90C1,0.85
B1AC5FF671AAD831A050B91AE5FFF63C,0.65
59CA9EFC8E88F759FCC8EEEEB172199B,0.75
D621A57CB1CDA4EF436B7566E5E8A461,0.75
3E1DCEA7A54BF86E3921E728291F9F8D,0.85
6BAA0F97B7C53A92B5A5DBB271CB77CC,0.85
ED962DB704D4E921ACC2032DD6CA17C0,0.65
46A8CFA7B7E300A32EA94763D1E764B8,
F2A2663CEB82EAF607BE89E84A55B25A,
1C9BF189B8A2F0D9E40903AE8ECAA37E,
5D5F6DE23ED7B3B2AFB94EE8E763FED4,
1026CA125CA90BA61E32483C88198020,
43CDEF27850FAF1D05B6C1C11D03AF1E,
EDEEBA2E47D875E4DEF112181131779D,
AFA0F6E43650859E0659054DEBDB7F79,
C30FFFC1460081116DD2F3604C94635F,
446B3A326F0E23C463E2976748446644,
7C386DAD70C502C0817D78B92483474D,
D64C1F1AE373C59B17831DC9353661D8,
1D69AB8546BBF88F8B8395F2C7A10CC8,
281808A87A63B8F66F50D4972D81F6AB,
FE13F14E2BB77EE4B8019D2034BA9595,
C7328B2E6322850FDFA26BE23FB0D80B,
331C158E78F7150AE2A38AD1EAC01534,
A9F95A894F8B0B73DA8C6C12CB3E5604,
E0738D8BCE71864224897FE8F37452EA,
93D658A6BA55F7BC1B67D4AA7304365C,0.75
2A89E741F69E3E205BAED5EE15C098E9,0.75
C8727C9C95CA06A786BA60E512A62004,
0019FC074EC76AE0DD76E25846C163E9,
48D00E99CFC62F1DE15E4AD7339407BB,
FC13FDD7332D6AC1C8EFC00D220D8A30,
0EA1E97658E03C726DF49E8C5768F4F0,
A211EEA89AAE2C5E98E2E1D1265CC6FB,0.75
B0D284F73607CCCAF25DA466F5CB69B8,0.65
91E5D473F592392EFB67A32ADF3BBD08,0.65
D7616EE3214A012779D158B2A776C865,0.85
2C77A998202C4743948441B72E337B9C,0.65
87170251EECAD43608915062182FEA8F,0.85
88FCEA47C2FDD78D16C86DB4CB1E75FC,0.75
84B32A55F0D7BA5AF7EE399FCEA87BAA,0.85
198d5e758aac493aa2e4e6834427542c,0.85
F28B104F1EABA5AA2FD01BDBE1C4ED7C,0.75
8219636C7CCDD02F5608E8B26339F1A6,0.75
1A3498C7FCF9AB39E6B68B9596096E81,0.85
ACD67FC6F2FCA1CD8F568FDE299968EB,0.85
BB1DC71A727958F1F62D57120676081B,0.85
7387F27AECAD15F3D903517DB6782233,0.85
7A2D7CE13674A14FC63024D14C00F2FB,0.85
3AD74788C5FB9EB8407CBE332C559BE0,0.85
FC6E4BAED62C3E0B22A7A2AD620E742A,0.65
0E304B41C91F1185B08EB7939E942552,0.85
65FC22E0DDEFE8AE241CA2C2516B1A7A,0.85
81B45ED9BD0BF6836ABB63B731C20698,
3B05D292692010901C76325335A00D19,
93423DD10CC493D1AC4FA3E0CAADDDCF,
6509BD277F107D6AE99E0D275E0C7F9B,
B5F56ACF420D1165164407B824958196,
7ABDCA0E12AAAB55E1C0A03D5B7BEBAC,
366CED8AC32013AE60860282264ED08D,
904B211D217F350E314BDF78198666A1,
B09F887AD58B0D238A6155F4F6D83A12,
7A5C5BFB5D3DB92A48D73B587368294F,
E231640C76AC51531900343C98B5E5D8,
46428EE2FCC51B4660862D25C553BA9E,
19F73D8C6261F18D5AC86F73D619E10C,
4C90CE34A9A039C7E7333F8D558137AD,
742BC3E19B9CC1316BE67C75DA86A834,
B06517E33336309F408F3A4D7B983F74,
6067E2DE861FE5E7133AA833252EF932,
5C14C71F17B613E19550B7D1ABC35BE6,
96F852C185FA49E39E179E8018C908B1,
15EC06C3F998196B44EE42F8B7118D90,
2950FC9FCB442E09052FAFD54134F614,
423083E8B8CCCC89F70AC9BEB8E95AEF,
0C4CA608CD5B7EF21BEAA029A564E547,
CC701E6DD9D0F75F0C57D3C28F385E31,
842DFFD2D0C243EA5C09F95BA9687154,0.65
5EFC4CAF6B5C06AE29BC9229A44E7A34,0.75
A97E2193F405086533EB3ADEE2F6A4D0,0.95
427EDB2C3B249B5E38E3DA08A791DF7B,0.75
C077959D521BBB6C8522B382829A19A8,0.85
8BD5EAA667EB78985E4246E646F4555E,0.95
F960D1AB2AAEAD7D4886A070BB4D39EB,0.75
22DEADA8F107E69C337F73EF7B2013FE,0.65
32CFCA79E94DB1B45F8C5316A413D706,
EE5C1A7F41F505144587A19847AE8B77,
0C6485A4F976945C67C8E2A72A086FD6,
CFF0A9EBBC3FC5C505FD29D1B93F2E89,
BDFEA35AA2A946387CC6264E15E62FF5,
FBFAEBE4A39BA2EA646417E251F9D28E,
A73641BD0452BB43FEFAEEF5F38C43D1,
54DE54FFC8D8CEE7F8E2BE989FCDB551,
683AF6FE35A5B04EF158F02BFCC6D832,
3F961D1341A58621EA461736D78E104E,
5A1322BBDCCFEEE199D012D049F124C4,
496B906E527CCF950CBBD0CF122C47C3,
7A9D39931D162068966B47CCA3041551,
21A9FDF099E711B762B47FC68C235677,
BE33DE3C3D16F3AC606403133F7ACA0A,
EB8F9E07EB90B5EF074A52A853E6498B,
6BCBCC6B7F3A1920BE3D29DF9BC6DB31,
12F5C586C491C57E516BDA8C556E0EDA,
4F9D0748D383535F466B3ABA96CECD7B,
0576F7C960470FC1FA897DD89FBA34C9,
4CC30B20337E4DE72CD518AB4F6147A8,
B80FD75DC9F94A9761653C1DAFB5A6CC,
716D16F6653C3F78880482AE39B58A7C,
312DAFB0FF858CBA49D0D0D538ED9122,
2D250A08DE05FCDA2AE8E3A9433E4ED7,0.75
B111E6D3FA89C572EBC3BF098AF8F3FD,0.85
804C540DB189111125685A16B22963C0,0.85
01914AA0C9B187C8C0726ADC13A2A684,0.95
DE05B0D46CE9DA0E5B8079D7C08D78C5,0.85
715C87E5C87524F86C1D84014156E340,0.85
D201C41BE3013710AE1E61F8B987316D,0.75
C33F3AE236CEAD8E391C99F893ED4BB5,0.75
FFDF9160EF2E38A305AA950ED2627250,0.65
356F6F565F6D074BAB0D4166C9D2EDDA,0.85
28BBEA0D3B18AE17A0555E05A3D61F19,0.85
C3056BF888881FC2F5346C3B71E91007,0.85
E5DDDB3B3C769440FE836C82D6DE8C79,0.65
6F8F296EE223B37F6F90301CB402C1E4,0.75
49BA984F2B2CFE1849D27CE563653D37,0.65
9F403EA30816DE0969EDB87785B35754,0.75
0AB7F4FC57316F8B2C528407989C51AB,0.85
2B1E778DA7FDF9AC11D815F4BEB1EC0C,0.95
8FB9EBC22622342BF3F82B410D7B01D4,0.75
8EF782482619D4BC5D80D0C790912CCF,0.85
2F5F1C5B8E6DC6039643F0B29EBEA062,0.85
1F99E7DE81C8DFFE2D2BDD23BE182B11,0.6
F5D5A501733B116C5A71C8072EDB036A,
4300D93FEFEAB96835911721CB37E440,
1B33ADEE3B0483F6D05F06BC8B045F0A,
70C989213BD09349151F55133381E182,
79DDD79A45CED86134ACEDD45A97AB75,
9112655DDCA0AAF3994F784CE9E6CD92,
E7621A56899997E195B3243DA1323176,
028E4D8E3D1C7265C061F754EEAD29F5,
15A86FDCFDCB2A47D7FA9B07999184CB,
F6C14ECC4DA2317346960C1C65CA7801,
FB599DEDD4DC3C8E09453601EE4E1D66,
61730CC89B4021E79C8CE7F2E094A6E4,
056CC7229D73CF9CF2A3CE54B21D4CDC,
304A595BA81360742F6F1C8BA4569862,
8BC55A5F61E06501DF67A9340D83D80B,
5F10F69A43B2C784AA2515B338357A90,
6CCD278E5F17F96876EA162380A6C040,
9F87428A3225E3FECC736B4457EA9169,
FC28DA392094E76924F128D3281FBCA8,
F8AE39E423ED8CA30E4A250C87317B82,
EB48E00D6F5A3824D33EF135406575BB,
B9664F89403763A295E197F19E0CBBC6,
290DE0706416B5673162E1E994237215,
E5FD939A2CE6EE6A8314E4EB82A7A1B6,
3608F5D553876FD2AD1125A2B0BEC5EF,0.75
13ED0F825669926C29C43F6A6A473BCA,0.85
F27D7EA1E77030AB418DC64F9E17E705,0.65
946352247B7BD53F11B2E9630E45974E,0.65
5AC134F9A0A40BA0739B066369E7EF12,0.75
869EB4BA2D562C8CA592B250198B861E,0.4
525E28AD887B4CF3BA263191E9370301,0.75
E0CF53CCD7F8B376FE50B820C84BACB6,0.85
905539B03DCE1F4348D972E21FB00E89,
0323F6A2EDCF8C8019A416A4D8E95758,
423A178A34A9A8F146B4EF4509770E15,
0BFA696213670EABF4F9D8047AACCB64,
83686CDDE22B376B7ADCA153CE02806F,
BB36B550E7D7CD4CF42521D4B79C028B,
375D676D36F57B88EC87F09E0249418B,
4A087734DB7E67422E19C0CF8CAFBE05,
786DBAA5E5074CC242F49FDBD71AD430,
E28752CF3F74F0A778D178646C519963,
B3913633DD70903DBEE3525F0446FADB,
023B1014635944A1268F44E0824A58A3,
0751AD512808FCE232FCE2884B8B6618,
2187229C5275947D489DC3C8586FDC50,
857813616EF203B9A7823624A52E262A,
9DD67BCE8338FA9ABDE9EBF14D6EE18C,
3DB7E82B20A1DEB79C6CE8A826E9F2B8,
740FB07D96048895FC74AF1BF48250EA,
4EFC1DB59A5AA70FD52A9A5812253A19,
046DBF2FC1A73FE359B26DEB6DABA17D,
B19E9BE8E6E1C1980000F094FC502D1A,
DB45DB2DB47BF685251AD96F67B01CD6,
CD130B98BA46D2AD72C7CADD3E145470,
B1F724C645C0B74E23393BEF46DF723E,
DB8CF4CD5BEB70D0A73E02175E504C43,0.85
7AA0CE67FBEA38FF9DD76D9DA6BF648C,0.85
4B77DC0517F9C813BFBA40FD0477A73B,0.75
8679CC0146D6A64EFA5F0117BAB257E0,0.75
5A66AB23A14D252DB0AFD7358F6E3F12,0.85
7A57B7B18D35C8934A5EF874B25C6AAF,0.85
618266068E5ECCB463A03B8FC6EC61D4,0.85
79CD51125D6F71FE5479CCCB7D9976C3,0.85
9E4C3FDD69825398AE08AB8BDBB94971,0.85
3883FA57560C1A52358F3859354682A1,0.95
358BE1EDDBAB0698B989FD30C1E3FA06,0.65
089AB37B3E03A7AE583D01969E1A4587,0.85
5782A1E45250AD447787DEED13E7E5C3,0.85
71CBD44951CC37EBA634B5C1905C37BF,0.85
2E7E48C82396B09E1637F4F61BC8DD68,0.85
B48CCCDBB28EACDDB7E71164E813E4B0,0.85
E39FB45F5AB65D77E6A86FA13C4FC083,0.95
13902D9C6DBDAC469921F356EBA937CA,0.85
C1CC5AB8B5D9B3D7A62A4A7BD99CDA81,0.95
12A7DFB728834F0B68800531BA76D81F,0.85
1177866C13B9D8384E5847FE42E2E1AC,0.75
95C18673E3D0EB53D45936B0D82A6200,0.65
1010D6C6D09518B3D424351D25E77F27,
DEA47668C839D39A8D343DF1FCFF0C4C,
EAE2401F49198EB5C6B565F9DE259F1E,
C1F2D1BC979359EFD9DE6ECFF1AE3189,
76A27E534DA3AE6B5E6DAE22EEE942EB,
E5CF4502BCE4E716547A24252FB35CE7,
2F81213820757EADAE04EAA2CEDDCADE,
5D11021504B7483F1EB7768FDEC19281,
45BA200AB379803F497DB631B1DD8680,
2E1C95AFE3228E54DC1F8212BE5415B3,
AF3997339FF04913899AC43242893551,
3FCD4F009638DCA82BF0F699448F4D97,
232D6B4EFA991F22E317FCEB17FB906A,
F772F8FAA488BC8563B2FF75205C31EB,
4DD9C26BB1248DA5AA1996AC21D32524,
8F1081B1991E2C07417339BDD6D1A2BB,
94FDBC2052D77D644860D109B78D78EB,
76ED2B150046551690D0D4CE33FC6559,
42105E45B5B10F0502E05F25448548DF,
C0982759F9796F0E8A5D03747F8311D6,
AE821BC3DF35D55B65B04F0B53B6F0A5,
A53CA967AB0B08EA4A5ECA473B6DCA37,
A7FC996E5B7D8CB1B7ED6EC66C27A5F3,0.95
0D499554E0BB8EBFA41EF911BD95CB3A,0.85
E3D612D35D43E787CAADF8C9033591F6,
F3A11CAD22374244E569F5A2A6D2F33E,
EE413472EAC0BA1892713063AB011B8B,0.85
8C458BEB567BCB2A243B47D9AE8D6AA7,0.85
81FFA2C03297912B0353E2C9E9C50873,0.85
207A565B697EA24849A45DBAE311140F,0.75
A3B061005D0DFFB23E28C130408E9B66,0.65
ABDCB5212335ED4D2849BD8072026CDC,0.65
7B37172D140DE4FE64884C0507E4DA4D,
E4AC5AD94848FC1370613FDABA759D72,
6674281E4E3E60A981F32BA9E05B72DB,
EC8F315E9F36E32350B768E5157B7411,
B64579F82C7057F515C3C81BA78E5611,
0FB8EAD948FD189308A83D3C154C60C0,
4DCB4C6316E235030E83D1A6C1C66563,
C3FEE82ABFD1FB4D040E0073813F70E4,
B6E315FE9AF0D1316ED2688FFFF8FAC4,
C4D3EC2C9E11692E2F38702C691E712F,
CAF5E87A2B9CEFAE47CC0E0C381EA018,
35E5C5484253A20451243C4FEDBE0905,
637F2DFEC05545D3976984A4B3F54010,
B05C66DD6ADF265B98E0926D0A0F13DA,
B2F3833AEB6F4C703436EFABA02710C1,
F030AA1099B58ADB04E8B07E13359D07,
20D7B2E2E8892354E317A5A6B3C27487,
9523966B0723B8B496FCD8F81F807E62,
BCFA76F00608E70C6726F1953059D493,
742AAB37D41F232806843F3A18A97E87,
86A35DD01423030CA5FCDE0D441853AA,
463AC1F3E359D07A86B90E68368AD7F0,
0A8CD25BD0A318202C162D42B033A40A,
391301F1310E7F764BB9F811FCD9A3DA,
1082116CA8DD9786D8BC14789F7B719A,0.75
DD64208A0D837845631AADC861501598,0.85
C20ABFE94ECA814654CCA33D3D1039D2,0.85
562697EAE1D0E9696D15F2BEC0753E37,0.75
82F3D97378B8CD55040C90561FE43E18,0.85
5924F170058D93195213B37B201B57C4,0.85
96B753D0AC14C640910E3561F1397A0C,0.75
CB5C33BFFB2A22114B094EC745B4EF9F,0.85
9891621845C9FB0BB5C8F9BDBD55AE5B,0.95
5B9E8C06C4B702929FB98949D4E7CBE2,0.6
02CDF9626B639F64C5AD811AEE9928EE,0.75
40B53CEB034D1E0EBECABEE34E82EA78,0.85
3741548AE38184EFD6FFBC7C81C089D0,0.85
5F8CE9CC548120FDC0812A077669F76E,0.7
3A6326F21CF034EB6207FDD28C4C0EE0,0.75
3C4515126B430FD0BFEE0545DFDC1082,0.85
961CF3566DB5B55744975BF257D52FF3,0.85
3B2D9564DB242579F7BF8397306221DB,0.65
192F978E807274F4505C8CFBE1CD2D57,0.75
0298319D7894E5E887696008BA45455C,0.85
4F96E9303F4DD3BBF2A0F118ACBB450E,0.75
F3B47BF1B3C578C1DCCE0AF95BC5C635,0.85
6C531462F832EF3A461B7E52BC5145F2,
85AA871CA23FAA5D05D2A3B15479A5F7,
74BD42110EA699E311643180B14BC5B9,
4D8B9C028CDCDEB9C3ECFC17F60A498F,
EABD17A92083FB29AA9E0448EC566FF5,
D0F895ECAED6CC26668B773A114913FF,
942AC050B68C5E4D87B8C58845CA2402,
6C3FFA12836C60B7738AD4AA0E9B517F,
B52648FAEEDBA2B73483938370BB4B50,
D62FD7DD949DC23A33E00FDF0AFD34BC,
924F3518E6EB0D9108B96EE74D1DE9FF,
CAFFB9D87C1227DE4DD268199F35EF15,
85DD13021F540C35819B1BB008B5C257,
BA0EEE92C776E1BF2ECCE66C8CCCF45B,
6EC53A7006063BCB7E68A2E2F94E68AA,
1921A5A7A910173839A47C37D78DCA52,
3EC4D99328F4B6A7EDE0AE48039BBC92,
F4AFFC7EA69B279540DCAAF1F197A0CA,
D8F1B76376B37D47D52676ABEFE8CE65,
722A81E6F38EA2E8CF5526E7355477DF,
0C12FD42A318B71430662204DB446EBD,
4698BA72DB6D66C6AF8243512B035C38,
FB6AC5AF845E2CBBC5C87542C64CCE8F,
DFC0C4EE00FA12D79DF50EF2775153C0,
471E16B75B43ABC136C66CADCAA9A336,0.85
C7C195307045F60490E2C596EE297AC9,0.6
71550D131700499410E6025F97242838,0.75
8359BC04C1A0D7D8449D61221EC714FC,0.85
7D6156137262804EFD7189C01458F0AF,0.85
F6752BA842E6666D9F7531DCB2661C56,0.85
1C522F193FF4759B95464BCD54644FE7,0.85
636FAA6FDACF900911CEA5D0EFEB4029,0.75
693E1AD68021768A882438EEB9F3FA8F,
7B4CF10F5502B304F680D2D2CA462553,
526528C06E94F1DE736AAE49376CF739,
DC51BFAFE1D2EDACB498A72719C61B03,
A9B93A4046B925A61975B6890046BF0F,
0D2CB0724964D02A64C640065CFA206A,
F689F12921E4E3B2595CB6EC1F37966D,
18C321AED998ECB4055CA8A621228DBB,
18866373DDF12432039CAA96F630CAF0,
5709A672924FE9059A2EE035F9EF091F,
6DA54069218A4141CB10E44A62C8394F,
6BD861C7CEE2730CC1C9ED48AB1A7F82,
6E4BA40CDB0FD0F92CD14622A4BFFA0A,
4367D579B4ABEA83365C262D49C51711,
BD8322E02DCE8A60AC48E15614571FE5,
9741F4A04B0DEC41A9B1DBE9819AE2A9,
90A856143F7B28880C730BD5ADA1CAB5,
FABBB8CF8E80C6DC67F1BAC4C53488C5,
856E1275805031882A95C21ED95A42A6,
EEC997B81B14A59C6B8FA299862A2D6D,
1B4C5AE82EC9FDAFB507471F07CEE9ED,
104CDD0C510092D5B530D30F32D160A2,
DD9CEEBBA5704ED1BD27742702D59D57,
190CEC94555F8200CA3B72FC5A0072FC,
98393BF95726C016F30298D04490A57B,0.4
2D7325F33222D0AAD0538FC46BF6A222,0.75
0B7B31BDBB696BABBEEADB363249051D,0.85
52C29DDE156C835005091E25704F9700,0.85
2E003A3EF14A2C4BD58E86FB96FF773E,0.65
FAC859A74FC5FF1C4497C55DB0F64DA9,0.85
B88882761D5CF936EEB538206D8FAACD,0.75
0D3D4BB6E2D7FB9D3A36DC047DB296A7,0.65
FA84F58EDC6AEC58079DDED3AE5CFA60,0.85
A30EADD13D70FAAC719330F6AEFD6A04,0.95
88D5CD39D52B30DF1577AC3A6B3165E5,0.85
1B8037F0681B67287A4E42B9EF2C9D69,0.85
6AAC4ACF4D64A4F5765EBF9F72F1B855,0.6
214C3880AB0C596EF6189AAF846DAAC4,0.65
62CAC6C48DBDF757E9B378726B803480,0.85
3AE8241C6AA0E288C730A4565458E1EA,0.6
A4ED8E3B20616E5999FAE89F0664ED9D,0.85
3CA06B25325A973301E8753A6EF33DAC,0.75
E27DA05B5D9D055942ACAFA5EB7F035C,0.85
44DFDAA46EF2220A1FCDA7DA0CA8CD74,0.4
3A50B1AB82A6A3D577D402BA8BAD3991,0.75
C4C44C3D431B1A19179AC41A78F9C74F,0.85
B988016320D6A2D1CA306B961CE0235F,
550A8AC98ADD413A3C3EC026E24B9E8E,
75CA560D1A454D0B7B1B837872C7F0E5,
BE3A6BD9660BB9C65F6FA73B8C90BF0B,
064259DE809F149640B794BCA98ED253,
33D189363C7D2F78D9B2CEBAA27F5805,
2F409A4FBB0A6E9FD4FAC5369B9E9A35,
3B3FCFE4FBF4980E6F3A05845A7FD196,
F6262070E6379E1032E684CD3A90BF82,
0C2F3627BA1E52EC3D36B83592DF18F5,
E1353A99D2CDE771AF7407FC2B27269D,
1FA6B3DD97181DDB2C30092F5D852989,
4062E9623A9B0F0DE05945481DF69377,
3C885864AB56970A431ED9A607846F04,
167231A14D912EC066D6B5396FCA66EC,
18FEBDE90F83A679B0ACD2EACECA7478,
3DBE3A3EEBAE625C19805977883FD857,
35BC51C3FFA02168117789B1E5792564,
6811EE54AB2C1E71C18B7FDF68A522EF,
A353467C361DCD90A8334AAD0A10071D,
9A35E776FBE26F2A41BAE3BF21E0247A,
812E0BC6BB5186FAF64B4D1B2AD53D2D,
8BB870B2A8FD3CEDF347F7338DE6FABA,
98533BA4101BB0C552A4489A9828069D,
733BC8561C904D79DA4DCB1EBD3CF239,0.65
46105046B162F0C5DD33E5C31512E206,0.85
295A0A79F12CB1FA74E8DD35809D802E,0.85
87F0913E97DD5E62F1FC320B3A9289C5,0.85
55F62565D5303A3A36009BC6B3123565,0.75
A38D5F928E16FA00388ED38D56F90115,0.85
C3C4CAFD6FA8D55F7CFC161D2A21A8F0,0.85
E7FA8E77673AB85DCE4213E565F8407C,0.6
8AAB0B802269AAACB93D2E0590267EBF,
7D91A8D22018CE2534E1E71422ADB0C5,
53EFD774ACFE45555B788A637ED9623A,
818D26BDE01C1B03BD61493E1AF17ABA,
BC9C68FA1A63B28C8A03038DA996CBF0,
D2DF4329F41351A11C28F577B94B6B5F,
E811DD2AB528537861A0CA1D59689DEB,
0EC739D14BD2677FAFC332CD3A31DDD9,
B5F779834221A9C7C3630A319700A25F,
9DD4F1337A6576C33A221D8784790C23,
2DC2565979161CE3E3FAC276AC71750A,
9A169B590BDA085F1ACCF14300421D46,
E8816CE92D9AEC7C7D218AA75F632F45,
C064494F1FA6F7EC501C09A0CCA54F62,
E695C5E8A2D39442CBA76D5D083168CD,
F36886CF65E9D1F2A736F202BE1D3E23,
991EE1739574CC35C44BC71EC13CAE79,
7750A3DF2F215BFA2D24502D26DED122,
AAECFAD81E47641C1924F7396B69FD45,
34062797C9E98BE365C360E2E3CD2349,
0F19B6DCA3DB23D2F4EED1093E08A091,
7E61EFAA018551D0B91A9A2ABF3C333B,
81DBCD5A8EE9C25EFDA03CC90E250F63,
D48788872108952D85C908E8F829F45D,
FE66F35BA716B920ECB32D438E2FF0E0,0.85
54FC1B1185D3503494CECFE4D54CA2EC,0.85
19AD0D1DE4BD16CC7D1D95652859382A,0.4
D2195D72568F6B311D94E7D3AF4B3B89,0.85
F5F39C45990620F81528A3D5956ECF37,0.85
BC0AFAF1486E942EBCAF75933393A5AE,0.65
DB7D35FACBDD736019907DA7FA9B541F,0.85
6B816EC26D5AF707D144B6903DAE64D7,0.75
E8E9C21B828326826EF9B96A54B448A6,0.75
BD7CA735D8C1AE25C271D5F04DCF4F82,0.95
CE62CC36957E0EAAAEC125779C4044A6,0.85
204189CCBF55B132F381A5EA47C060A3,0.75
307D28240D8CAEEB0E9B3DDB8777494A,0.95
222EDB0D6FBA9FCAFA748E722CF2E9C9,0.95
818ECB86242340728932A941A68A2648,0.75
0D9CE31D391EE8DB0F8A710ABFECC165,0.6
82AB7CC4073AFA799CFA1CB634DFF7FE,0.75
A11471D574E7EAD6D0A312B73D0B426F,0.85
E5D0179B0721DDD7D5ED02F87CDED7D8,0.85
A3975899C28FC8B53A143E0CC904CAFA,0.85
92DDB2109710415E58611E08D6843731,0.65
18FABFA56B21AF93658BF4115891EF19,0.65
AF79664AFA83A665F641C48D99F4D548,
B49993B501EEFB34778EB34FA12A2981,
13DE13F35DFFDA6E685E9578C962CC08,
4AA35E8054FF567002115F0C4D467959,
11A90CF08AB3AD7344363009C83D8823,
658C6A80E559BEDA5798A73C77F187EE,
3C9BFEF95138B33184E6FEF5378193DD,
FEB800BBE20B3A910E8309F628064800,
3FA80909854FD1A0C77CE7F7782D6850,
E67F85617CDB03EA4ED72162CA6D6D8E,
9F786F54B57D2A0CA218BE3B1D6A677D,
0BE72003019B37218E5F38715A3BBE65,
C233CE238E163012623BA78811217804,
B199E2B29DE0AE8A67AC15A6F3E6994E,
1F5C124AF2B756A9AC8D32721CFBD0EC,
5C48CDB6625BAACC4DEBC62E871311C7,
275883B9971CBEA217970D3EA5659A7C,
605A25BC0F34B58DFF2257564BED6F98,
7DF81170DDE1464D82D15C00AA0D917A,
343252E2EF14FFC083E876845C86F848,0.85
910B38116FA752DD4C2C88B65A113F48,
25B9FC04521F0C34CCCE2060DABC1434,
A329ECAE103537F7D122310296DF3F1C,
1F43AA52B82A67307E5ACA0D811A94FE,
7B2B2357AC625437FEF50E36276461EF,
A039CD43B564A4E64E7496112CBB4B89,0.85
DBC0828A1E65B3DFE797CC4BB2F1380F,0.85
0ECD3EA11BF9B2494F523D0BB1C3C995,0.6
558C882BFAACBA29DE49974EB9F08CF1,0.85
B96C81BFCB9B59D3D81BDBDA9302ECBC,0.65
4FB6FA963B1CB243EC98A699EF35CC3F,0.85
77C1538271D1FA1AFE6E352CD9FB64FD,0.75
1E94C910BCD02CB003D153EE96BD67C7,
EB3DC268918BE5AB1C6B6F45562085F4,
C8B485B825E01964A6BF153259F411C4,
361E9CBE48C15749F2FE2220092A0ED1,
82A786FCE5719D008B2EFA56A37AFD1F,
A3CA15FD3A86958B7F5D782E3C6A2AAB,
C30D7969C6C41C0591D75E194F1FE6E3,
D5512FBCA8FE9D27D806460CA353DE7A,
10CA86E60130612B8BFAD1A799E6DE58,
6B00DBD50C6F95A91B3DBDF3EF5834AF,
A08F77292EFA525DF210EC034B848C22,
7AB3D3751ADFEAF9F3477B5F5F78A846,
9760A0B9075B74B242C2FDD195AD71B6,
5C8BEBE152E3FC4E3BF13D3B052E3DD0,
83959F76C0759AC266E3B1324874FB3A,
9D0A42033FB7777D85BE92A8B5CCB004,
7F8EEC855928EE967ABBC25336B4D42B,
EF2A4E42228D105EDEF3B4FF4F268046,
90CA5CD03A1639FDE5093C72AF450479,
676426E9BCEB49052AAF94919157F02E,
BB9230993435281A7CF14759148CF5DB,
4C8956E1A9FE2B395B57DE956C6CECFD,
5DEFCAB20A0309B677987B874A842010,
D0DEF430D4881E269761F4CB907F0790,
3E31BB49B3132C464F4DCA6FAB332995,0.85
7084752631463B2ACC119606160C5289,0.95
3ACE6E10DCC1E0BAC459048448B82677,0.85
5EC454304A8E4D5F7A5805B0692D0CC1,0.85
CF8224463EC2AE6967F15D1366B9FC5A,0.85
AA5B65C367BD024FAA2F7138DEBFBEC8,0.75
FA752D5D7B98AABFBC780090F341A3BC,0.85
6770C96A470C62A842151D29E1EDEEFE,0.85
B79656E0C4C39D8C57423D611D6A5002,0.85
B337B61EBCE8A00DA8FE029C52EA0DD9,0.95
7A582A4B87A8441465CD6B2EF6F63A11,0.65
51E465B8C702EF69C8A586CB1E40EFA7,0.85
F139D4C20391B7025C4AAAF2E324D971,0.85
81F7915B30C958BE7C8480BB5E6D1BAE,0.85
71A4D12BCD970BC6CAE2BA285C6AF9E2,0.65
CA86CCE1EE111D2C343F2D1C447DF536,0.85
891022732760C5045C77073C12FE05F4,0.85
732FF208F37A859F50624FB34DB191C7,0.85
ABAEF059D649050C421E5F9A99865E0F,0.85
7E3CCA7BD3EA7B9332C3A5EB1E9C713F,0.85
3C462439A299D2AFAC40620F298A6D62,0.75
A88F584DBC15D31E284EB14A9F8BE3F5,0.65
5A0661E2B3349D2473D0042F3CDB9FF5,
9A1579C1875E85B18946B4A1DAB6058C,
5ABC86C16D92EBBEC50E4E9BF12D2B5C,
FCCE5DEEEFF5A3FE39C151808E46F86B,
5862CD5D2A831B17B16282F8E78A2978,
F97EA31E5432B1B6F5B4E47AD83655EF,
0FA03212FB57D14BD3BF4D9ABAA1A5C6,
ECB2DD44ECFE09F1E9B619A3C7B20AAA,
4C4C759AD7BD339D863396FDCD186002,
BDF4C2F27C47CD8CAF58773E52675919,
5372D93AA098162677EBA1EC6D552BA4,
F31C96201A7AC5CF2F19E17F4DECC8AB,
3044D0BD8E5BD3F49E760972FCC8C45D,
DFD1F173C8693CBE45B18A9DF3557870,
9AB89B97EDDAFB98C0BB495ADB6D8FD2,
B24703C16B5C8C6E7495373770A077FC,
553BAE8720A8543A4B5192EC52974EDB,
24EE04F51A16EA7B7FED00DB78EB1742,
4D42CD1FBCB1C7A91598647124AE5902,
8679EEC2D6601F84B253406FC16DCED5,
21B52C6E3FF24EB0466FAF477B654D10,
53C151A69884DA9C5CCD14AF7FA02964,
32A00996AAC06C94B6F9D6005F060A96,
26B99D9C623CE36134E4F49C70BD57DF,
C20B021EA39DDB6459300B41CBB9FD24,0.75
B29544FA0C9943F8EBF69F43F0924AF1,0.85
85E06EFF33DCCAAB5352E0B08BAAEE2B,0.85
00244EB6F44C4731D370747137653388,0.85
12872B9D93A116C2EC8CC605F7BA36D6,0.85
85F7ADE7304786233F3DB36EE37BA127,0.85
83D0410A4DA6E45116024CB40D196308,0.75
FB04B7B21807C62EEA99DE98DF74945D,0.75
23DD6ECFAAB30721B15503B70F999295,
12B0595A85751E2008FAA0BBC14F9A09,
231E6C563836F98940E015516325205F,
DD8B7451983B2F820B228542F43C44C7,
CAE75BF56C5A95861CEDABB0E1AFA236,
1FD14E2D392788435B54C4E7FC902DA6,
D58C9DF35A1B1C1C567C9C4DF02F4136,
91186365FAFE8E7BA82756F52E82811B,
6BBAABD86A890114661A04F8F119B504,
241C7FC87B8359A9D5E984353AD3E202,
29BC34546D6332ED75359B2D6386CFC5,
E9E6D9986CE805B80E31A9ECDABBC708,
B8CC36EEE4EA8FEB08928EFC74EC72B6,
D68FC9B309C67C0246F377B347E317F0,
74624C26FAC3A4AFB4A153ED83903DE7,
12264B0DAA5DE793E07725BF60A67025,
D61C2BE69DC31D2357CCBED35FEF3B05,
5650F1B365FA10120E1B2055CCD58D08,
EC781E1DB15A06620338C33672EF7BE8,
AFBBBD4950D13C7248D26E1EDF065548,
A62A36B7E6A6A773035EED1E9E5FA160,
1F8AA95D0D93B7BE275365500D9EBD5C,
F2BCAC86A846CD486D4999EC7C35416B,
87AAE7C67326631817AF1261E26C158E,
1A1510B3CD0CADC253E8B98288B0AFE1,0.65
F73752D983D8F20BF6A56D40F78C0D49,0.85
990A34D404998EC9EFD3D381483992C3,0.85
A3B1C6A55AFD1C2350DB7EB129B8E97D,0.85
618F781D09F8E8F29ACF2736E9CCFD92,0.85
8BD9C052A19862C8F7F2C6DD0CFE8F71,0.4
764FB5375151A345CD5E4321ABC45034,0.6
AA191C5102890A6CAFBE5467E12367CB,0.65
77BEC5D8EAC97FB0EE286D9FE3DC1BB2,0.85
878DEC7A6D319D7EB1856109F3CD6C44,0.85
6BFC6124338210AEFC6EC39BA82BD708,0.85
35BDA7D1F65FB32E654D98EA184E1C6B,0.85
5A1D43BE93F24DFC9C37AA84582FA047,0.85
22E8785A79491C33CA50D131BE7C0CFF,0.85
5DE017EDACFD5CC477AD73329EEAF067,0.85
C09A9755B47872A42693E0B6374EA143,0.85
37C7FD221FE9B50EE09EFE13F98C1D09,0.7
9084DA602AA1C7239EA492862BCC3C77,0.85
14BD5981B6C179857068396670E33F06,0.65
CE0C16BE3147CC6DE6369719F90673D3,0.85
17E94FF6548E6FD43D6B5D800D9E6F30,0.85
A1ACEE85F54C40B97A4A540C20E1DC7B,0.75
2D989FE54686ABB774017B6E7D83C9AD,
8DB213B8D70C311D09059E7E49A092D3,
82919890EF5CCBB868EF5EE40BCB70A0,
1C6EE3501FE217839FD4F1B6117E27DF,
EDCAE5F8BE75EA4DC9DF5242539F0262,
75E1F9193DC30755184022B6AA5F9163,
C60EFE695CEEDBB5CA01CF39628ACCCD,
EBDBF86C6D6A750076F6DDB208124B32,
D3153C87A8EB64DF5AB5823D645C203F,
C29B96F66DEFA721C337D1F806D19979,
7C5D8ED1678D47F5B0DDF035D893543F,
A841E26E78E62AF86A8C8CD60480E5A0,
0C748B71101A57AF82C75C765CE27C4C,
E06FCBC8B4E263C04595AD197B9A8718,
61A5CA6F6B0E4054BE1523B49BE4B9F8,
E16A82A9A4C20470BAF8E98F6DA09960,
C435C9E7B1DCE9BEF8F8F9852D1C3DF6,
E35E1702C40292122013D46F1A70181E,
5A9F7E4B0C20BD1A337959DAAC647A0B,
9176C5D5AEEF42958732144E1EC449D7,
31ED6AD8258AA2A19AC6BEA0B413886C,
00789ADB649093FA22E82817F32EEE1D,
REPEAT_ID_999,
3C9BFEF95138B33184E6FEF5378193DD,
4D109A890940B3C3D3D828FAE13B1880,0.6
007F455E8CED0296B85078DEA401E005,0.75
A11471D574E7EAD6D0A312B73D0B426F,0.4
3DB7E82B20A1DEB79C6CE8A826E9F2B8,0.85
45BA200AB379803F497DB631B1DD8680,0.85
5F7D0F034CAD4EEF042A57DC4DB4C8CC,0.85
BE947BD0542F9D107AEE41607668DB38,0.3
8867B07C53FF52E4CAAA7C9575E01D9F,0.4
7D7D3764182C466290BBC82D7DD7CED1,
B1CB4615E534CC9104B6C32B1AB48AE7,
8A0C5429342E1013004CE9006664DE8D,
9CED100309487A6F7914EC6A80458358,
REPEAT_ID_999,
157313EB20BD126DE5045E83991D949F,
13750A2FB78C5860EFCF2F20B132084F,
817D9933D650064496B18239ECB806F9,
93E9FE9D1E201D7566B3FC496676B9F6,
87FB722884993F99E2A5DB8CEA408C2D,
579E82B4B8AE129297C73533BC88703F,
B7DD95D863F017A07612812894A2F5B3,
60784BA63789AD7CA729751078045B3F,
732698C13AA6A24397DA9F3CE58A2B09,
8EFE04036FFCEA5BA84B7AC04CFB43D0,
0A0D99D965B8C9043D0938EEBBEB9E51,
C89848C81F5F22F2ACCBDCE48A1B26A0,
A9F95A894F8B0B73DA8C6C12CB3E5604,
093C8AE07B1FDB64058382B0A23773BD,
918152A266DA6F58D134AD4F1F1C8CFF,
B5BFD9A55551750FBDE78F614C83ED3D,
2A89E741F69E3E205BAED5EE15C098E9,
1D69AB8546BBF88F8B8395F2C7A10CC8,
A9D2914423CF8CFFF1DCD5E8EB319570,
D399277F6E4B7D69B099B4874B45ABCD,0.85
90F43A7D8E8831CF960BB42C4AF994A9,0.85
7008EFA2A186D818132978D939E36C12,0.4
CE62CC36957E0EAAAEC125779C4044A6,0.85
60DFCD8CA8F0947D2564B356A3187691,0.65
1020B6D35E831193523A3F955CFCCB47,0.85
FD1233F30968E209FAF53A7D7ACB1A82,0.3
A55B4288388E505D1F157066FBE593F2,0.65
C9BCCA64725FB39A6B18DF4D555A3481,0.65
33026F39F6C4CDF532C03B8FE45144AD,0.75
A9BE6CA3A8A10399436E0D7F5CC5FCCF,0.6
FA752D5D7B98AABFBC780090F341A3BC,0.85
F6C14ECC4DA2317346960C1C65CA7801,0.6
E0AC6141051A25F985CA90FC7BA209FF,0.65
F223D7F269D557D6A20CF2EBCC986640,0.85
A126ABC20A0BECD3D7A3AF5C5A557EF7,0.1
44D57CA8880D37F85716C52DE904318C,0.65
516136C347FCB00C8D5B79743F52A306,0.75
137F578BCEE1B17E91817413CE5B3FC8,0.85
42394D7C5EE93976E4A504364F517B1E,0.85
4062E9623A9B0F0DE05945481DF69377,0.85
E2534ADCDD346AEE43135341C04FD221,0.4
1C9D3FEEA8AA921CE770374C2BA05BB1,
EB2440E389E2CDD0735B12E3160E037B,
425734A04A454FE812ABF1123C1D8E3B,
2BC6BDD2DFED44FD5DE9DCFBB0080201,
E1BF5DC851A5F4BF358D1F69A14703E4,
1D6F884FCA5C837B736F894E25468F76,
0B856888F64CF4A2208765D43497A7B1,
09C379FC160E870E6898FAF06B5B7874,
16ABD6096EC4B152BBEC062AD6E8D7C3,
BCCB6A06D02B7A2D87F82C1B8A2A3798,
C6FFFB37D0DF934570D0F8545EEB8575,
7C386DAD70C502C0817D78B92483474D,
9060075FBDB11E81FAB6D1F16ABBD10D,
2EF20BDCB7CFE7B05D818B4C00082301,
D1D97F66B8036BB0C1C3CBE9B7A807B8,
0C2EE9BBB2524124746F708FE6790FBA,
600497961A78D71EF3570B274F29DCF1,
023627F1BA7606C286319137FCF88462,
B0299AE6375AB6F6260F9900A5E57CFC,
204189CCBF55B132F381A5EA47C060A3,
88EBA4AFEE287309D9D68458863640E4,
C3ECE9BC5861E1F585CCFD464341B62D,
4593DC4E6133A1EFDF4E535503DD6B77,
DD444819D5209D9343317F1655F29E46,
2132D096D49E4D15A67146DF0A64FC87,0.4
DF978A1D33715EE7048276601D477F7F,0.4
3D073C8E7BD36A679B992606438B9000,0.85
SAME_UNID_123,0.4
78476BAD29666C7770DD443F40C33E5D,0.75
F15A2B9952BFED20BEDECE4085E0C9DB,0.85
992ABB08D4D59E17970162645094BFE3,0.75
48BC62E6167083850CC853718FE17954,0.65
8BE88141A74415FB727765B55114B78F,
42191BB7CB54DFC1F093DEAEDAC28905,
19EEFD5A2A6C7A6166FCA005B68CD1E1,
REPEAT_ID_999,
4565123FA936CE6F84134519BC037803,
9F0EBA254C3B54B242D561D79BB27DAC,
1F33597CE16FAB1255869F24EDCDE741,
554ABD1F874F4FCB8CD7DED3411351B7,
C1355B17BD3D2858D31082858ED25CA5,
E95511FF3ED00D2402F7DEDBAF23ADDD,
0E96EEE5346DBE1190FA652A352B8F57,
15FE5F804B4E94B5EE7B0A540D802FA0,
56F628DE0543B3A098EA6D249B0520EF,
D19CE52D5A2C30F840D5BFF4F441DD5B,
E8E9C21B828326826EF9B96A54B448A6,
43452D3DE501D1057129F599AF2CAB6C,
9628D71F2BE108C891886BB1DAFB470C,
F8BC006ECBABB9AB6BDAADB2525B48D5,
4E3A99DF0EFD7A773C1714C89EEB5CC0,
6775DDB1A20D3135702D7DE4E30E5225,
EA29C022F42F42DF6B7670C3CF5752C4,
5A74CE4268FB1D9497B6C530B8D45DEB,
E688096A2A00E593D22C8A4E52A70C49,
2B10B3FDFFDA8E39DC161EAEE282C428,
F87E3D4DDE1691325D9DB517944D31E8,0.4
9D7D036BDB0CDF5A61E58CAC105AF295,0.95
B5AFA4AD6835F54A26E90B0E189BEBFF,0.75
D38E39F1B92395753CA146A0B47552BE,0.75
7B37172D140DE4FE64884C0507E4DA4D,0.85
A1ACEE85F54C40B97A4A540C20E1DC7B,0.65
77F0DEA91C9BBD32D3FCC90C38769B3B,0.4
11A90CF08AB3AD7344363009C83D8823,0.85
114E6322882337189F52CBE63096BA35,0.4
2820BDB1D6095B070C064F38CCC590AF,0.75
8715413AA7B45B2BF03B76F501F778E4,0.75
13128CE3A85B11A1403952B887EA51E9,0.4
433713448E279BFE75AB7E00F77507B4,0.85
B4AEDFAAA5474752BD0855E616630010,0.85
5D425CE19E49B1A9B38C71FBF3851E7D,0.85
DDFDDE1DBCFB9798F5AEB956ABFE2B9A,0.75
7052BE7CCBF5574BBFD3FED80518CB5B,0.75
SAME_UNID_123,0.65
DUPLICATE_001,0.4
159A0AF2FDB5AF56E369D225D79C8589,0.65
CDB0BBE4DC54F28E88BFFB69674709BE,0.3
D68FC9B309C67C0246F377B347E317F0,0.4
5BBF750C4CADF4CB55832E7BDDACAADB,
D5C50E5A8BB5017034BCBC79582C09BF,
38633BA963D0BB5A520BC2F882A8073B,
B8DBFBB0F5596925EC72C9EAF4570437,
DD64208A0D837845631AADC861501598,
E6AE3FC40C0A4FEEBA969C187415F938,
5F949FE5B8CFD75B8DBBD9A3686BFFAD,
SAME_UNID_123,
F4F411F4FB7552B24EDD4078A3278F54,
BD3B1D05D1FFD9C3840C50586B308AAD,
FB5FB5171C734C815A3808B532F749BF,
949836C466BEF67F06AFD6CA27581422,
SAME_UNID_123,
ACC2F57B77D315B8D27D195D05C50256,
85C01586E44661B2DDCEB0A603BD6634,
1597BC0C99ECB9F8192936E86A17D2C0,
379D877E11B627465FDC6A0C461F0D43,
AE3F17CB583931F4AD11366FCD8B06BC,
818ECB86242340728932A941A68A2648,
636672A29AA9B5196D759ABC841CED3C,
5A95C90CAF9AB8A8346505FD119E5B20,
478985DBCC46A325031E33F5B9960D7C,
830E1F132FABB36E4F34BAE6BBA0DFA3,
AF8DB24A4CB0C2C7483F17BCEB33C95D,
A2402CC58BFC48EFAB163B0D783770AB,0.75
8460ACA3D1ECB26048DF3C259C1A4AF8,0.75
A7587865D7DD09FA3DA0DAE4A8ED7BDB,0.65
92C6D3106F31EE3863949122BE89A5A2,0.75
740540FEA2BF2E84973997B8F4A8B6E8,0.75
99B28F49640AABFEAAA3DFDFAE5B3831,0.85
76A27E534DA3AE6B5E6DAE22EEE942EB,0.65
B01CCB3EF6A03615D60F2A9CB2E7F7B7,0.85
05C07044EA4BC7172A24667E883AE1B1,
A211EEA89AAE2C5E98E2E1D1265CC6FB,
REPEAT_ID_999,
226E26B4A46312790F8FB799F390D48C,
390D944F0A91E7FF8F0DCA5C329D4E75,
93F780E40E861FBCB75B6E2B66F09BFB,
AFF58C1CEF414EF8F7F177160E59719F,
12264B0DAA5DE793E07725BF60A67025,
BEE6C05FD916341CD10738EA3013D567,
D87533E4B47444D188A2EBEDDE615026,
8B8C6F761E448D0515A5B52A43331282,
2B5BE0E536C4450FE26DA033897C0450,
76AC484A57757D577FCDDA5AC1469577,
233EF0EB50F605053B0EC980C8518C08,
1E7953D3692C7421799AFE599301F95F,
7C0C6E86EDCD1FB7B2D3E69DE945C8A8,
BC541390DB60AFBBB64C939C3B1D1ADA,
A2C1C069FA48F3F11BF6A33B9F3A4416,
17D84E209A825BC41E0390CABE434624,
DC3F2F36EA6006A6006C2A81B45869F8,
C041971463C52157DC7C2A6088508B19,
FF7A8C994EE9DF08D5ACFEAC8776945C,
C875D292DDF7735FCAC81AE384F633E0,
30B931852878A1FAB3AA1044D12DC6AE,
05021D03597180688B6DA5D3D2E04D14,0.85
E231B6D6101B1E71A549B79FA5EB387A,0.7
6F0E85985AA9D8AC8E4E46ED9032E522,0.85
9D979E225EDD1A5B72D33F4639801F8F,0.75
0A61AFD63BB06020F9FF5E6930AA718D,0.85
4ED2F3889A1B3D8D9BC8CFAA8252B883,0.65
C22369C7273FD24889A01BCE63AD2C71,0.85
62CAC6C48DBDF757E9B378726B803480,0.4
A3B1C6A55AFD1C2350DB7EB129B8E97D,0.65
9CCFD04EC5A0FA82ED6511BEA9FD5E07,0.3
REPEAT_ID_999,0.4
91EDB3E1502B36FB610A753584224B3B,0.85
04E5600B40C9D37ABCC6489708BDB917,0.4
5FD8FF70605CF8CC3180666381D8DF0F,0.75
DUPLICATE_001,0.85
AC6677AF8007BD3B65DBFB56DC67EB6E,0.85
3663F27B77DDA764E7CB67CEF0006925,0.75
68CBF73D5A3A66301193A5F0F5A03205,0.6
74410ACEC0864767C46D923CDD00688C,0.75
664B0EFEB4C479378D5B7D53C9942EB7,0.85
ECDAE80BE4412CD028DA836A65A21A44,0.65
A29C24B0FB62A1142746958D9E8D8CE4,0.65
F34D68BF26FACDFCC99E088BBD697A38,
E2615C9FB9B3BC287B0FC3AC78BD781F,
63A18A35523F2B1FCD054CCCBC14EB81,
7CF458EA29EF46CBA07BCDDE36AEC860,
E0CF53CCD7F8B376FE50B820C84BACB6,
19C64A0CC22D0B0DB7B3C9F57C489229,
9A73FFE360431134D7989BC1420EFA51,
A816EB5248DAFB42A69FD1C699401090,
C3FEE82ABFD1FB4D040E0073813F70E4,
SAME_UNID_123,
REPEAT_ID_999,
0DA07B757F959DEBF8B10293407C569F,
AA191C5102890A6CAFBE5467E12367CB,
D86C9E87FAA3AE99733DAC0D3EB5EBDE,
7243FCB612B0326C35BFD63EF92C3E86,
B86DCD35DC8DE6F6737E94C0634388CB,
BCE3954F1B73CD566F46145632642181,
9106FC1FBD2E70577D6D1E43879D1C92,
4C8A18F76C435E896756B5827C6B02E7,
37696F082E4E1B12EEC5C15B37449C13,
D9FFF6E1BD97FD6DFFED7E8960D14E14,
F9550B3704137D0664D344822D982C5F,
A06E5F8B0531EE7FD93A924B62C08D7D,
763A67F855C1F1ED4F87676D78745CDD,
06B7B265C1A0FFF00F8793CCD1151809,0.85
093AB3DF9D03D8C158F38CBD6F62A0C9,0.4
FA787C03AC32A89CF77A06B32756F557,0.65
9E81FBF100666FBB7F067FAD33357F09,0.75
90C671DD4E06726873D38E0DDDAC006A,0.95
D191618EE1D70B9DD3FD13EC571A6F62,0.85
AC470A8D4AA209C3CB69A0125BC60657,0.75
00528DD3A2A6B0CCD959DEEA218DE91C,0.4
4A979CDF59FD2A2AD123508E8D9A1C6D,
1672BC8C7B0616186F4A88B332C1C95F,
4BF54207E7C71135BBAF6FDC2DC5657D,
2A2EFEE6297F8A70081E5B5CCF1023EF,
6EC53A7006063BCB7E68A2E2F94E68AA,
9C651363011EEF62CCF6673F3B99A186,
4F32ABBD4C99B788330DCC6455CBAB1D,
4B05546B16AF00457024DB33DB00C18D,
F4AFFC7EA69B279540DCAAF1F197A0CA,
C2588925CCD02EDAB40105520E21B79A,
C94752AD55B65A2DC598921827A10CAA,
1A45AF8195ADAEAF5CEB60DDD2681FB1,
4F1ADABB25419580D49696050C065FC7,
5A0C929F3392C938F1E30BE0A0DBD68E,
34062797C9E98BE365C360E2E3CD2349,
BB189D016795DE4FFD820CAD1D26A4DF,
REPEAT_ID_999,
553BAE8720A8543A4B5192EC52974EDB,
9F77CAAA35E4E61DA03ECB09B4E7D00D,0.6
31ED6AD8258AA2A19AC6BEA0B413886C,
DD9CEEBBA5704ED1BD27742702D59D57,
53EFD774ACFE45555B788A637ED9623A,
4E31230AB83C8BDEC3A6AB828DB184DE,
C33328199ED5B4F6723C4486A28F1393,
2CCB61C3CD5FA8BCC1B36B600EC14B9D,
D167657E68FB550654AA1383445C96FB,0.85
3DAFE3BDC33FFF5C70EF12E28A93C52B,0.4
D9B2C634480C91D4E8D1527F8C5468A2,0.65
9DFC3043E5433D2EFAA917B396688C78,0.4
4369882200C740D6AB9654DCF3528AF5,0.75
32ACBC4552E7C619C0DBCC9D4BBBAE95,0.75
DFBC23D4DDBA0B68D6954CDB41772199,0.4
5BC3E93E9DB264BE033E1C5E71299C4A,0.65
658E674F1BC0BD1B7C9E4202D6F80716,0.65
D17B4667D1F64982B6776808CCD02C2A,0.85
63108B0A34B5265ED254C1F43B653B60,0.85
4F6AAF1210EF2FF50E40580FC5A1BADA,0.75
83D54EA5665ECC90A04633CF00F93A81,0.75
0DB3DFE89B179B20363A431DE7638394,0.4
07698C652C0546F8AFDFD4CFC94B2F0C,0.75
BD7CA735D8C1AE25C271D5F04DCF4F82,0.75
8BDFA4B4F20DEE024495152307AA97C6,0.6
290850020649C5E4314B589C8FAB56A7,0.85
SAME_UNID_123,0.6
BF17A3F0C2E90E63465A22AC09FDDE18,0.65
742BC3E19B9CC1316BE67C75DA86A834,0.6
A3BAD5111EC63A6C7D6042AAE2A9557D,
D8F94B1C5B67BB2E0DBF40246DBF7459,
F3A11CAD22374244E569F5A2A6D2F33E,
112AA2B5CC6FA390DF3691F31F436055,
0EA601B34A7473042BF33C32DD4AC975,
5B11F09CA572588BE11F3343F3A3C6FC,
BC4929714402B0D2DEE1D43562D9963E,
BBE4FBA71F14298F1752A0CB563C42E8,
0B57D3DE9AA412D012E7DC20AC94C744,
3C885864AB56970A431ED9A607846F04,
D95309221C0712DECF5157EE951BA49C,
33D189363C7D2F78D9B2CEBAA27F5805,
SAME_UNID_123,
46CFFB80EE2251DFFA4314D3B2032FE4,
B287928598F5ACB8B04B983C818D6A69,
D17883BCAD796A15E22B8692CB74CA7E,
CB9F2A371C7F71FA4F8B84A0E62A69DA,
0CED3FF5DB96D3D4BB2508D068D71C87,
CE43322D3F5B8F539DB348B180A7E2E3,
5C99E8D0301A631A5471CAE2E19396B1,
C3472D440E8ACE39E0703DE92BF12C9D,
59783C6D2C4F6E8E9B2EBBDB44C6202C,
0C6A2588D95AC5B1C06250C76D684EC7,
CBF7508A4113B7126CB2B901D346D835,0.85
0C0ECAADD6335B37E0705A93318F8FFA,
2712FB36190E1EBA27FA9810D52B2A3C,0.65
3E557C39756457A039C7F2CC74DCCFCB,0.4
D1A607659D976B7AB80630EAFDD65501,0.85
8879CE9DD1FB8B3C529BEBF24EC49ECD,0.85
E9BA0904CFA30EF34DC42F1135BCEBF1,0.65
28A1743AB34BD9919AF8E99FF4DB4674,0.75
336A48D7C7DB99A5EC4B58858743B8C8,0.4
02888415F207FE695276EE39E622895B,
8FDC23A5C54E039A96C117B80645DD0A,
05B7A313AB7FBFA5282174F9FFD2309D,
F43CEACA8CF67AF125344B7FF040FF18,
6FC1F3BF31DCFD7201F70BC86C11D6DB,
5982868DC757BBC41AF03BE592840EF6,
812E0BC6BB5186FAF64B4D1B2AD53D2D,
E4DCB062904E855FD51FFAE32FF4417E,
D44E8ADA8AFDDBBC71F2859659FE0FDC,
D04A8F2CC74CCFB0FAB539E01176A2F7,
REPEAT_ID_999,
1A9BCD46E3F3E4E8BC89B06349390C0F,
1243208BB25F68DC3526BF8801423C18,
EDAC4EBE6F8794E4ECA194C0FCCE2A60,
19738761B8744F28A56BE519970C816B,
6B816EC26D5AF707D144B6903DAE64D7,
E01777D92C239D80C839B285AFE10512,
53B5DA29085CCF20DDB32E26CD7476F9,
B7024D7A9833EE32776203740D23250F,
EA5252C9288590DEF604EADE6C812E57,
13AE23DFD3B9307981F5AADF21D18980,
DBCA51BE8E19F3F4A21ED6ADA8F22EDC,
1E00A7F0819F7C52C02199044A9C4C13,0.85
7AA0CE67FBEA38FF9DD76D9DA6BF648C,
ECA240B24D3D13021EF3AEA03365C654,
7302883E38AA45977A5D20074AB1D03B,0.75
CC72BA85D5C6F1C4362F8705D6365F40,0.65
2338BC7C498DCDB258ED4228D24A9543,0.85
2814CB12246CD1095235CFE260041A65,0.85
19F76A83C8329F86EBCB952CA5E98584,0.85
17E361FDBABCDAC9AF31ABC2011C90E2,0.6
4250F8143FF28FC8064D0F94A408949A,0.75
49D0671F8F3B79B7DAE3369BD2BC2097,0.6
9AFCF25568A32EAA68FED8BF3A5677F2,0.45
471E16B75B43ABC136C66CADCAA9A336,0.85
81737BBC5F7B82143E862B2752658DE8,0.85
C33F3AE236CEAD8E391C99F893ED4BB5,0.75
4A7B0030870AEDC9D577764B6A52E1B0,0.65
82CC1A2F0DEEAA3B331737606AF11A98,0.4
BA09CAAD2DFCB7CD3981E1511FE3064A,0.75
71EF58EDA4C8A2787DF6C313D4E4BB3B,0.85
CD9EAFC899F7C58DA58121A84F03A894,0.85
E7346A3CE6E32C92A12F54C48BC9E381,0.85
406CACBA8ECB33974AFF562964C95CD4,0.3
B203198A4C132B27CDAE1A8E7586287F,0.65
904B211D217F350E314BDF78198666A1,0.4
1AB1DEE1004454DC71E852BD424D3878,
77243DFD06F133F2E0209D5A299254D3,
48834FBA41DE91EF4C07A6B896A24D48,
A0F46F0CC9CC05155E78801550843EAD,
DF122035320621CF99D8E9E3000623DD,
173EAA54282FE6E4971C61C6CD90E554,
DE0DF9E84F402B5FB4E8BCF7DA9DD2C8,
DUPLICATE_001,
C07FAA6ECAA07A25677986C9F48EFC4E,
D2D88D41F8DF3F37A7B30C489578B741,
E5444FCF338580E803E2877BA1195559,
B845797F23B6B544EC0AD62931CB7DD9,
6C906D76CA032C9EEFCE043994B0204C,
489D03BFF284DB4A7C7898BA0BEDBB0B,
C84090F4C06DAF8D3E3A71CC94919A54,
1A845F2BAC4F94D881300AC4F8E21199,
BB1DC71A727958F1F62D57120676081B,
F4FCC91E1DE6C9788AFE882312DC599E,
14BD5981B6C179857068396670E33F06,
224629D2A6DD330290F6DE5CD99CA527,
B46EB22DF4942199216B5DB4F1974AFA,
ED27B429B9B72481017DD4A599CA786E,
021950C85249FA6651772B28BE6101ED,
4E7BBEADD36E68FF18AC11EEE7FCADE9,
908DBBA629B5C49F4432F61D0AC0FF21,0.65
42AFE41EBDF4950FD7ED86CAA833BD87,0.6
2FFE007CD64E9D56D3AF3A12457CE686,0.85
5F75BD8661844DB44ABA6688F8C20082,0.85
DUPLICATE_001,0.65
DUPLICATE_001,0.4
9DA8C72FC558137C858478537B6EB760,0.75
518FF82491CE431C20A8651F01E9AB0F,0.2
E0738D8BCE71864224897FE8F37452EA,
1B37498E903D5A5BECEA8BB21DC0460D,
8C3271DEDED790D1655D60B8D0AA6639,
7B8CB7D5ACD1F040FEA388801313252F,
F7FD7A8013CEAB8C562DA4CD28A588E8,
32C554A085CB4760AB2852A536684547,
80C497DD8839BE4E4E67BDD09CFE417B,
BCC48725140B506ADC915690AB10EB8A,
B080490B38806231A028D65A747B6B54,
2C351F4FE28FCE33B67DE248D4D1E257,
61C312649645786EB8119854378DDEFB,
EB2455C152C4D828F7B21496E1772950,
8ECEEE50AD83EDA536797162AE94E46D,
E1153E025ECE4B6C5E3DDDED899E7CAF,
070615288B5168284EDF3F61952C8C2F,
980D693D3B447A9C8A80C67FB616E4DC,
6FB203B919E3FF77D42A2FF8CCD93D95,
530A7FA7EFAC68AC5F72F282189A6191,
062328B4DCCB60DDBF63258A6D1494E4,
BACA8515AC12F8293628B076E50D4279,
6C7435E8F582C7132A08C046470D8CBF,
1D11F9120CEE0C0B6831F47A16C28AA8,
B4B2307391A647F1D67F631276C3540E,
A3F0E36BAC102BADACB87953F43F9117,
511CCC72CFDA9593180653A891E1FD5F,0.4
5BBE1B5D6F05D95464095C3C03FC3743,0.4
BF6B0E81C3DAC8977508C069A93A6FE0,0.6
5C548E6A59A0DF8A82955F87967DFC2E,0.75
E7067A6DE64FB5B6C114F7599F371CAF,0.85
600A8D75484F50E95967D92E53A6D477,0.75
FD1DCC549D307F0A38FADE36113D5B5A,0.4
F679726961FBC17585ABBF57069A2073,0.65
D4672351604EC52A61EE1FC18BE8755C,0.4
788B9D1678C874A2D89882F4DD76DDAD,0.4
4B5A6A5D6EDC8782A44C7AEB77E0CB44,0.4
1C2501098246ED6F1BF9AACD9EB7EF17,0.75
79644F69063308625E4C044A8E3E3EA5,0.75
SAME_UNID_123,0.85
A181F7C5E809779AA52C52F578FBBF81,0.65
CF14A2AA904F4F7F0434BDD39D3067B2,0.65
6B598CB8BEBF2FF9C30474E17F5ABE0F,0.3
FB7BD79F8E4D5BFB17761E4E8253B0FC,0.2
714D9F92C0C7D97C4CF7A9681C3C78A5,0.65
37DBB8AE46F9F2147C2B1E20F093F7E5,0.3
824C97467B637DC00F02EBE66D4EFAA7,0.3
SAME_UNID_123,0.75
D2923625C77B437C1C535A1BD9F1EFD1,
6C01FB9035D8397BC67C5C4EA7E017E0,
E9508B6277D5E694CF3C32C5FEC5DF2D,
3DC2D461434D257923BABFF01110AD43,
AD5F401AC308065E981C06DBFFD4F44B,
1776ED318F1081A88BB46EA01689284F,
09CED17B32961282DBB75780A5C82FD6,
7DA72D835CF1D815440997A1B1B0F77E,
B22BF9736223F86FC03C07B2888CDDF7,
F665AB2ADE5B6FF349876035A724D4EE,
2C51A055FC6EC4B5AA1CA87538F46319,
C4803C3BDCEC71BC9799A3DD64691645,
AA23227AE4F6CBF6591379C1E6C5949D,
804C540DB189111125685A16B22963C0,
EDDFBBC1B917057C333B95EE14FE00B0,
D34266A224D23B5933F3B64879BB52AA,
DUPLICATE_001,
13DE13F35DFFDA6E685E9578C962CC08,
7386C717ECF647C954C10BAAAC4A08DD,
B07734C8A07B600ACB11230226332D39,
9D197DDAE993708E4FDAFECD4FDB47A3,
75B8A1BF9B2AC16189F15777173C80FB,
85773DEDA9161DDDF94C667CCF961945,
24CF7861867331A6A36116E6A268D729,
95A20A29A413C039BC64286D9CC56923,0.65
6A2CB23E75417FC42E72A8FB50E74DF7,0.65
981D9CA4CD367BDC024052855169040E,0.85
1377E2D1E30F667F5923EF21D307EF64,0.85
4FB6799097E866F7AAF92B556412CAAE,0.85
E2D516732AA60B27969DD97DF94936E0,0.4
B8C241B3103C9A8FCCF81C6EABDAA272,0.65
864CDF1C0629A06B56A9EE5D075B8D7A,0.85
ED962DB704D4E921ACC2032DD6CA17C0,
510E4EDB3C936F29964AFDCE62BCF53E,
A34EF7D36BA65F1154624859F8A289BD,
5979A70713D635F58408AF63DDBB90C1,
0B7B31BDBB696BABBEEADB363249051D,
FA1D5C2358FAEEBB8A4F1D8D582AF87A,
62FBDFFAF704C9666E685BDFE3781BFC,
9215ACFA67C3419BE7902DEE7922D5A8,
E58078EDD59395D799A4F19AC7CAB9D9,
25C4852A878DEBF88B83A01E4C838509,
3F961D1341A58621EA461736D78E104E,
CA9C1F08CB0E5403BFCD36EAD1383A9E,
870B62A7B786731F8FDCF46A4F45D4E9,
37C7FD221FE9B50EE09EFE13F98C1D09,
2DAF92818BDF3BC1ABEDBE4BB8FE6312,
1B9B1FD1F85F2432D645F71008343911,
BE0F8E8A34B13CF5EB49EE66194F2883,
DUPLICATE_001,
9E06CE12CA21D2B81FB620BBB24966D6,
A262AE4490645448C9EA99D266D449C7,
DE05B0D46CE9DA0E5B8079D7C08D78C5,
714B1ED0FE80BE16709115412B9B6ADB,
550A8AC98ADD413A3C3EC026E24B9E8E,
A36BC1251C0470A7ABDEAC34F8254DCD,
B15C20A921314AA9C5C1A1A9AC7A6AA0,0.4
0BF6F69162814E1C148F85D78AD72F17,0.85
7F1CC9C3EA43718522C95E4EE3CD18DB,0.75
B893A6ADBC81D7099DEB3C869CF2B04F,0.75
27BEBFBC6B76398E5588D7D49E3D25AB,0.3
3AFC63590EC1DD3DD88E8716590ECA94,0.75
2CA7FCAF871D0B269426FD36FE062DEE,0.6
064B0088516C0DA5FEE4556E771BDBB3,0.65
35975EBB33CCF856E98DEC0550312C6C,0.85
82187E1EED93232C86D0DA09940C279A,0.65
A47707E3C319D074E8017F3A52C1D721,0.4
B399740CAFBC47B1DBC84CB46D16DE67,0.95
AD0B7D9503B5BDC639093331774B2F72,0.85
194FD7DCC1EADE98A48C554D7C5DBC34,0.85
21E7361C7089C3E3019E5667F52BB382,0.2
5F592429694624126C5B6ECFA447A017,0.85
37CA4757AE7A7C78DCC9FD8AE19E6298,0.85
207FFA6F0460E00459345F6862992E79,0.95
BC0AFAF1486E942EBCAF75933393A5AE,0.65
AA6B79CCBABF7CCCD93F396ABE689522,0.65
D92862FE07089B435CD9455D29E097F4,0.65
281808A87A63B8F66F50D4972D81F6AB,0.65
4A697C73D19B9499C88F23CC93183B7D,
AF5DE8966035CAD7FD6DE26D95A6C7E2,
C6F9215E3FA15304F5850F12D276626C,
3FE3E04EA358ED2877756E8B86CC9C52,
REPEAT_ID_999,
10B4BF0EBD05B44849702D7E5EDDA416,
891022732760C5045C77073C12FE05F4,
831F52515D0D2F5F2FDF55A4B0B72529,
D586B4791C9DCF065CBB895BD6EFA788,
85F7ADE7304786233F3DB36EE37BA127,
1F0A2AA7E5F010ED6BAD58A0E945F035,
898CC39A155084BF6ECFA363AE8AF9A7,
35FBAA7609E6D981C5795C2C14B3E2E2,
8929C18E67B1335F382255A4AC226945,
F5D840034F3939C5A7268D66B2C9F117,
B88882761D5CF936EEB538206D8FAACD,
88505199DECD285BF07FD96BCC7BFAC6,
99242D4E23E0212D851AE487C95F5AA8,
F8CCCC89BD75066A6850B728343038D1,
62062F08E202CBCBD0BF2B324044E833,
85AA871CA23FAA5D05D2A3B15479A5F7,
B17AADD2FCA37FB6B1A58AB99BF3973B,
FCB69166C182C2D27F880714F22A62DA,
491B46DBEF4C924783579128F7ADC807,
3657FA8743DCD2F37C210F1D705C989B,0.85
C8989E4B7AD4E93C9FF55B0EC42E99A6,0.4
B564C1FAF447D27E61B02002D2CA6EE2,0.75
D335059238D2265AF5383E9138E70D63,0.75
929C782EF2D85C75304351A6EEC234EC,0.6
427EDB2C3B249B5E38E3DA08A791DF7B,0.2
SAME_UNID_123,0.65
488A7C266A77A30136A6DDDC750BCD4E,0.4
SAME_UNID_123,
004D210D9E0FBD06D13862D26DDDB865,
98E0E5249529C019300FA92B964BAC5E,
C9C797E4FFEB6458725ADEDA35DCA019,
58D8F7A2E0324192D7E83E43A7D7C734,
34E4BDF80FAF68B649448DCB67DA8CAB,
8D9D6C925331FFD32169B7CF27729A90,
CABF82D9A3DB2219152157055407A6F8,
74C119E1DF8B3A1E21269EF3E247B3C6,
F3262D5E2AEC15F405C06EB4FE024060,
8B033A7BD7694D3EF4F09BFD712238E0,
5372D93AA098162677EBA1EC6D552BA4,
E2569AFFFB61E34462E58D852C9C7484,
2151F82443E6F0AB8E888CC444F69454,
3FA94BC6E38EF72A13D1CCDEC37F0BC7,
8DB8BAECBEFC695D23089663461F56AC,
F2020A82038BA54AA1C6D96942E1E8A6,0.85
REPEAT_ID_999,0.85
5BFCF291E87460BB64C03733263D7476,
BC0A10A5E307F20465363A0D7EBA0F00,
E811DD2AB528537861A0CA1D59689DEB,
252016A030613AE6AA610F63EFADD385,0.6
EFA8E74068A92D63197754D85A974D48,
6AE86E5723733D96A6BB8D75094AF230,
7A4662C7240BA0722DB84495123B3B76,
414FDCB22B8D9A5E4D60525E0F5900A9,
244502EA0A67AA895B494F3BE2F71561,0.85
1B0D0F05A3CD901D81325B37234883B2,0.75
REPEAT_ID_999,0.65
A3CC16468D2E1F28F927BE1FB6B0B87D,0.2
25739A024300A87B7CB697D2E9AF8E16,0.65
38CA4230144A55E312A1607D7933CBE4,0.85
DED3E30805EC444139CE92C00CB3F651,0.85
EC781E1DB15A06620338C33672EF7BE8,0.85
BDF6E58800490D5C41120F4A71F79C25,0.65
12EA80A6B76511E12C3271F997C1A984,0.65
18B17CB890084D711A9E6E82254F8E68,0.4
9F48E314504773DA8ED314959291DFBB,0.65
194700EBA4C16B99F80D0ADB9130973F,0.85
628DD003FC2D9439E9C5ADDEBDB7FA64,0.3
77C1538271D1FA1AFE6E352CD9FB64FD,0.65
38230D92D0A7D941199962EB6ABC1232,0.75
975CEA6F6257095DD9DD9328DB63736A,0.75
599D87D65CBADDF621234B333AA25958,0.3
3A6326F21CF034EB6207FDD28C4C0EE0,0.75
3C462439A299D2AFAC40620F298A6D62,
7937770D26E039C6212768B9173D6080,
8069D1915C1B3C6250542B929160B646,
D0DE648AD906525D33D46C20C2940852,
2EBE3F28ACAA400A293731A0334ED8B5,
924F3518E6EB0D9108B96EE74D1DE9FF,
81574E548CC0764706C2C0963C32CA7E,
3F5CA57F895CBB5BB74685280F9CB04C,
FBCCC9C3229A158E9B295904B66CC7BE,
0B913E8DE6685FB92B6C1578DF40BB6B,
470ED56E852387EA2A5BC6F1792A0342,
B5EDF81CBDA838F3C24AAC8A8E6567F8,
5755E252F773C74EFE44028DEB573817,
BFA87EF885EE797E4A733947D6F26F55,
E36678C250AA2D6614F1E69AF0EDA198,
A70ED9E3076A2B00118F6EDE719D1708,
8618489412E2794230AF0F3A982A30B9,
BFF68EF8725A622E488BD76982E51AF9,
DBC0828A1E65B3DFE797CC4BB2F1380F,
8DB4E72940B27D0F0B01D62C6F9B6857,
793DDA29A4E8D131E3D5425BC70F8658,
83D0410A4DA6E45116024CB40D196308,
4CFB97238C2C28758A2181C43307D327,
6231F2E483C34E7D442917329713B65A,
A8B2074259979A3EB202372F98E56979,0.75
51ABDC9705AB264F8794003487A57AFA,0.85
EAF7FB5854DE856C04DED02C7A6AF593,0.4
3CAEAF3A77799097C2612752C3941A38,0.85
5C6EC1D933CE4153BE3341E3C3883088,0.65
44DFDAA46EF2220A1FCDA7DA0CA8CD74,0.3
AF3E13C7EA7E6633C14064BA8C601194,0.65
9FCCCABD1762B2D9585ECB2EE64991AE,0.95
6E2DAA6E3E4BCFCBE0C31FA81D1F4E2D,
457E8BEF821A33F876398F756C3FB75F,
F4835636E50CA8B5322F1468D3E621C1,
SAME_UNID_123,
B0B934C411C94B8D8136E95F330F3D18,
942AC050B68C5E4D87B8C58845CA2402,
53660CD3CF6ECCCB1F4F339742F1138B,
0C0C4E12DAC888A8DC6709657914EACC,
B0D7BECEABFE3F1D4548E828797F2C72,
D94BE32B1C2314C089310E6DFEE29B4E,
BF35362D72DC74912E045CECE6EBF3AD,
86A35DD01423030CA5FCDE0D441853AA,
369F1D57687C5B8C67F358EF8F93311C,
23FD14B0C1C6B5147579C5B8F551A042,
885C5476320DC1BD301E790241C882FA,
A24BC1BC800FB50A3EA07EF093C157B6,
5A7D4121FD126279F8AC80DDCA2E0B52,0.75
496B906E527CCF950CBBD0CF122C47C3,0.65
58127AC0EBBFC9F6F5CB1E36B2B20C85,
A5953ABF83ECD4651B6B75B3A48D0994,
016B05BFF3C23A045B85C1C6F6E1C200,0.75
48C4D8490BFB8197927A18FF773052D5,
849AFBF66CFF37933F1C566088921E3F,
ED4B281DA3A40BB9ACF09933A4C48742,
23986F8028D250A7057858E4B1575455,
BB7D2F7B0AAB02AB6B59BD67EE519A4B,
8567703B29CDE1A528B4CC280714BA2D,0.6
89F5791AEF612087FB87BEFF193A2294,0.85
372CBD38AAC9C1A6334FD1D48750C756,0.85
B96C81BFCB9B59D3D81BDBDA9302ECBC,0.75
8E7F95028356BB732573A04FB84B339A,0.65
AF8CE5A735F6678D38BDCF9F2343A115,0.85
87FC15DBE69AA493BA862784E5EDFDB8,0.85
963EE4A2CF83E1C7C7546ABF6DE1A52A,0.4
A4BDFED4F37DA9A786FE5F02EF17AE8A,0.75
8F6FE365D16C64DA895AB33A255901B0,0.85
SAME_UNID_123,0.65
5FFEE7BBF25206965D59DF73B8F0B6D7,0.85
8F2AFA978345DC3486A36833032A7706,0.75
A05459FAFE0B588C6DECB4C4C6DC9F23,0.65
ABDCB5212335ED4D2849BD8072026CDC,0.4
2FB6660AC7875D8676D1B9C12EA6538A,0.85
2FD43A21672B30C4F9990638A7847CDE,0.65
870AE5512FEAFFEF4106E0F6CD56B4C9,0.6
8ED7B12DDDE3658FF9F46543C4E7232D,0.65
67C2C805352E5D523AA095EA0EB2362C,
9BDDC6CAD294DE39E0893A800FD3D0F3,
E127ECA867404CC40959B4EA2E48530E,
DUPLICATE_001,
75F07FE84898BCEA56098D6D5F457DDC,
51E465B8C702EF69C8A586CB1E40EFA7,
A43DF59076F43CD38725FF7C1009F404,
74624C26FAC3A4AFB4A153ED83903DE7,
079385B57B54035EE58E11152DA041A9,
8DFC0412A50832592277E43D8BD4DEBA,
4136295EB18A17125EB2335FBE383489,
7750A3DF2F215BFA2D24502D26DED122,
246366EF640A1D7D61FF660F5A608322,
B2F007EFB58D86A1C669375538CB9E89,
8DD38D42976B6CD7A6483D23049F5AB0,
B16D5901F9145043684DDBD687F161F6,
621571824DC5D71E0EC2D8A7E42E7043,
1F34F30442706682D0FD292D1F6C66B8,
3792DB88112FB21D2B37983052F4F949,
5F8F0A892A4C55318B74202B611AB05B,
18866373DDF12432039CAA96F630CAF0,
5F8CE9CC548120FDC0812A077669F76E,
fin_716_证监罚字[2020]716号,
fin_215_央行罚字[2023]215号,
fin_210_金监罚字[2023]210号,0.65
fin_850_央行罚字[2023]850号,0.6
fin_183_银保监罚字[2021]183号,0.4
fin_105_证监罚字[2022]105号,0.6
fin_396_金监罚字[2021]396号,0.6
fin_932_金监罚字[2020]932号,0.85
fin_119_保监罚字[2022]119号,0.4
fin_393_保监罚字[2022]393号,0.4
fin_474_证监罚字[2023]474号,
fin_69_银罚字[2024]069号,
fin_139_央行罚字[2024]139号,
fin_723_银罚字[2024]723号,
fin_235_金监罚字[2023]235号,
fin_478_保监罚字[2020]478号,
fin_398_金监罚字[2024]398号,
fin_627_证监罚字[2024]627号,
fin_78_证监罚字[2023]078号,
fin_16_央行罚字[2024]016号,
fin_831_保监罚字[2021]831号,
fin_342_央行罚字[2023]342号,
fin_204_金监罚字[2020]204号,
fin_629_金监罚字[2024]629号,
fin_507_保监罚字[2021]507号,
fin_258_证监罚字[2023]258号,
fin_572_央行罚字[2022]572号,0.4
fin_799_银罚字[2024]799号,0.75
fin_702_金监罚字[2023]702号,0.85
fin_106_保监罚字[2021]106号,
fin_295_金监罚字[2023]295号,
fin_854_证监罚字[2024]854号,
fin_637_银罚字[2023]637号,
fin_388_银保监罚字[2020]388号,
fin_834_央行罚字[2023]834号,
fin_585_银罚字[2020]585号,0.65
fin_922_金监罚字[2021]922号,
fin_876_证监罚字[2020]876号,0.4
fin_22_银罚字[2022]022号,0.6
fin_710_金监罚字[2020]710号,0.6
fin_407_金监罚字[2021]407号,0.4
fin_514_证监罚字[2021]514号,0.4
fin_462_金监罚字[2024]462号,0.6
fin_993_保监罚字[2023]993号,0.6
fin_605_央行罚字[2023]605号,0.4
fin_365_央行罚字[2022]365号,0.65
fin_506_银罚字[2021]506号,0.75
fin_636_央行罚字[2024]636号,0.6
fin_298_保监罚字[2023]298号,0.6
fin_438_金监罚字[2021]438号,0.75
fin_812_银罚字[2022]812号,0.6
fin_83_金监罚字[2021]083号,0.85
fin_736_保监罚字[2021]736号,0.65
fin_226_银罚字[2021]226号,0.65
fin_767_银保监罚字[2023]767号,0.65
fin_195_银罚字[2024]195号,
fin_810_保监罚字[2022]810号,
fin_439_证监罚字[2020]439号,
fin_111_证监罚字[2023]111号,
fin_274_保监罚字[2020]274号,
fin_576_银罚字[2021]576号,
fin_107_金监罚字[2023]107号,
fin_377_银罚字[2023]377号,
fin_411_保监罚字[2022]411号,
fin_833_银罚字[2024]833号,
fin_935_证监罚字[2022]935号,
fin_770_银罚字[2020]770号,
fin_459_银罚字[2021]459号,
fin_879_央行罚字[2023]879号,
fin_527_央行罚字[2020]527号,
fin_41_证监罚字[2023]041号,
fin_444_金监罚字[2022]444号,
fin_635_保监罚字[2021]635号,
fin_213_央行罚字[2024]213号,
fin_300_保监罚字[2021]300号,
fin_81_银罚字[2024]081号,
fin_212_保监罚字[2020]212号,
fin_829_金监罚字[2021]829号,
fin_673_银保监罚字[2021]673号,
fin_658_保监罚字[2021]658号,0.6
fin_286_银保监罚字[2024]286号,0.85
fin_256_央行罚字[2022]256号,0.75
fin_335_证监罚字[2021]335号,0.6
fin_628_保监罚字[2022]628号,0.4
fin_109_保监罚字[2020]109号,0.6
fin_331_证监罚字[2024]331号,0.4
fin_984_银罚字[2024]984号,0.65
fin_696_央行罚字[2024]696号,
fin_537_银保监罚字[2023]537号,
fin_766_银保监罚字[2020]766号,
fin_305_银保监罚字[2024]305号,
fin_982_保监罚字[2023]982号,
fin_152_金监罚字[2021]152号,
fin_500_银罚字[2022]500号,
fin_431_保监罚字[2023]431号,
fin_74_央行罚字[2020]074号,
fin_244_央行罚字[2024]244号,
fin_223_保监罚字[2020]223号,
fin_40_保监罚字[2020]040号,
fin_279_证监罚字[2024]279号,
fin_180_银保监罚字[2020]180号,
fin_745_银罚字[2023]745号,
fin_288_金监罚字[2022]288号,
fin_272_央行罚字[2024]272号,0.4
fin_557_金监罚字[2020]557号,0.65
fin_958_银罚字[2021]958号,0.4
fin_341_金监罚字[2021]341号,0.4
fin_704_央行罚字[2024]704号,
fin_269_银罚字[2021]269号,
fin_404_银罚字[2021]404号,
fin_200_央行罚字[2022]200号,
fin_608_金监罚字[2021]608号,0.6
fin_614_保监罚字[2020]614号,
fin_711_央行罚字[2023]711号,0.6
fin_245_保监罚字[2022]245号,
fin_449_央行罚字[2023]449号,0.6
fin_165_保监罚字[2020]165号,0.75
fin_763_银保监罚字[2024]763号,0.6
fin_232_央行罚字[2020]232号,0.6
fin_714_银罚字[2020]714号,0.85
fin_316_保监罚字[2024]316号,0.4
fin_89_证监罚字[2020]089号,0.75
fin_310_金监罚字[2023]310号,0.65
fin_140_金监罚字[2024]140号,0.85
fin_754_证监罚字[2020]754号,0.6
fin_840_银保监罚字[2023]840号,0.75
fin_284_央行罚字[2023]284号,0.85
fin_564_银罚字[2022]564号,0.6
fin_67_保监罚字[2023]067号,0.4
fin_296_证监罚字[2021]296号,0.4
fin_481_银罚字[2020]481号,0.4
fin_863_保监罚字[2021]863号,
fin_21_央行罚字[2022]021号,
fin_399_金监罚字[2021]399号,
fin_765_金监罚字[2022]765号,
fin_988_央行罚字[2021]988号,
fin_369_银罚字[2020]369号,
fin_546_央行罚字[2021]546号,
fin_616_金监罚字[2024]616号,
fin_340_银保监罚字[2023]340号,
fin_664_银保监罚字[2024]664号,
fin_375_金监罚字[2021]375号,
fin_275_银罚字[2024]275号,
fin_138_银罚字[2021]138号,
fin_249_银保监罚字[2020]249号,
fin_972_证监罚字[2023]972号,
fin_730_证监罚字[2023]730号,
fin_110_金监罚字[2022]110号,
fin_82_金监罚字[2021]082号,
fin_163_保监罚字[2020]163号,
fin_214_保监罚字[2021]214号,
fin_881_银罚字[2020]881号,
fin_950_银罚字[2023]950号,
fin_255_证监罚字[2024]255号,
fin_638_银保监罚字[2022]638号,
fin_202_央行罚字[2024]202号,0.75
fin_787_银保监罚字[2021]787号,0.6
fin_135_金监罚字[2022]135号,0.75
fin_447_证监罚字[2024]447号,0.4
fin_525_银罚字[2023]525号,0.6
fin_112_银罚字[2023]112号,0.4
fin_339_银保监罚字[2020]339号,0.85
fin_924_银保监罚字[2020]924号,0.85
fin_901_银罚字[2023]901号,
fin_746_银罚字[2023]746号,
fin_236_银罚字[2023]236号,
fin_79_金监罚字[2024]079号,
fin_606_保监罚字[2020]606号,
fin_278_央行罚字[2024]278号,
fin_957_银保监罚字[2022]957号,
fin_168_银罚字[2020]168号,
fin_98_保监罚字[2022]098号,
fin_450_央行罚字[2024]450号,
fin_314_金监罚字[2021]314号,
fin_179_保监罚字[2023]179号,
fin_962_银保监罚字[2022]962号,
fin_187_银保监罚字[2023]187号,
fin_509_央行罚字[2021]509号,
fin_613_保监罚字[2024]613号,
fin_191_保监罚字[2021]191号,0.6
fin_642_央行罚字[2024]642号,0.6
fin_721_央行罚字[2023]721号,0.4
fin_45_银保监罚字[2022]045号,0.65
fin_231_金监罚字[2022]231号,0.85
fin_516_银保监罚字[2022]516号,
fin_709_银保监罚字[2022]709号,
fin_653_银保监罚字[2023]653号,
fin_192_央行罚字[2024]192号,0.4
fin_981_银保监罚字[2022]981号,
fin_590_央行罚字[2022]590号,
fin_73_银保监罚字[2020]073号,0.75
fin_205_央行罚字[2023]205号,0.75
fin_803_金监罚字[2024]803号,0.6
fin_552_保监罚字[2022]552号,0.4
fin_785_银保监罚字[2023]785号,0.4
fin_51_央行罚字[2022]051号,0.4
fin_319_保监罚字[2024]319号,0.65
fin_713_证监罚字[2023]713号,0.75
fin_391_央行罚字[2020]391号,0.65
fin_752_央行罚字[2020]752号,0.6
fin_720_银保监罚字[2020]720号,0.65
fin_680_保监罚字[2022]680号,0.6
fin_441_证监罚字[2022]441号,0.65
fin_8_证监罚字[2022]008号,0.6
fin_37_保监罚字[2020]037号,0.6
fin_544_金监罚字[2023]544号,0.6
fin_944_央行罚字[2022]944号,
fin_386_证监罚字[2021]386号,
fin_93_保监罚字[2024]093号,
fin_790_银罚字[2021]790号,
fin_48_证监罚字[2021]048号,
fin_259_银保监罚字[2021]259号,
fin_299_银罚字[2023]299号,
fin_97_保监罚字[2023]097号,
fin_719_证监罚字[2023]719号,
fin_207_金监罚字[2024]207号,
fin_615_保监罚字[2023]615号,
fin_987_证监罚字[2022]987号,
fin_705_保监罚字[2023]705号,
fin_270_证监罚字[2021]270号,
fin_869_证监罚字[2020]869号,
fin_910_银保监罚字[2023]910号,
fin_669_证监罚字[2020]669号,
fin_277_央行罚字[2020]277号,
fin_250_金监罚字[2022]250号,
fin_59_央行罚字[2021]059号,
fin_867_央行罚字[2023]867号,
fin_58_金监罚字[2024]058号,
fin_874_银保监罚字[2024]874号,
fin_559_金监罚字[2021]559号,
fin_688_银保监罚字[2020]688号,0.6
fin_486_央行罚字[2023]486号,0.85
fin_771_银保监罚字[2021]771号,0.4
fin_654_银罚字[2022]654号,0.6
fin_410_银罚字[2022]410号,0.6
fin_429_央行罚字[2021]429号,0.6
fin_512_央行罚字[2022]512号,0.6
fin_880_金监罚字[2024]880号,0.6
fin_550_央行罚字[2020]550号,
fin_703_银保监罚字[2022]703号,
fin_77_银罚字[2021]077号,
fin_625_银罚字[2024]625号,
fin_679_央行罚字[2022]679号,
fin_145_银罚字[2023]145号,
fin_149_央行罚字[2024]149号,
fin_649_银保监罚字[2022]649号,
fin_372_银罚字[2020]372号,
fin_251_银罚字[2021]251号,
fin_154_金监罚字[2021]154号,
fin_477_银罚字[2024]477号,
fin_531_银保监罚字[2023]531号,
fin_519_金监罚字[2024]519号,
fin_565_央行罚字[2021]565号,
fin_849_银保监罚字[2023]849号,
fin_344_银罚字[2021]344号,0.6
fin_923_保监罚字[2020]923号,0.65
fin_103_银保监罚字[2024]103号,0.6
fin_260_金监罚字[2023]260号,0.85
fin_588_银保监罚字[2021]588号,0.85
fin_352_银保监罚字[2023]352号,0.6
fin_36_央行罚字[2020]036号,
fin_582_保监罚字[2024]582号,
fin_402_保监罚字[2023]402号,0.4
fin_373_银罚字[2024]373号,
fin_177_金监罚字[2021]177号,
fin_376_央行罚字[2021]376号,
fin_906_银保监罚字[2020]906号,0.6
fin_426_金监罚字[2024]426号,0.65
fin_489_银保监罚字[2023]489号,0.6
fin_189_银罚字[2022]189号,0.6
fin_176_证监罚字[2024]176号,0.75
fin_966_保监罚字[2023]966号,0.4
fin_159_银保监罚字[2024]159号,0.4
fin_281_金监罚字[2020]281号,0.65
fin_76_保监罚字[2024]076号,0.4
fin_75_银罚字[2023]075号,0.75
fin_241_保监罚字[2023]241号,0.6
fin_492_证监罚字[2020]492号,0.4
fin_224_银保监罚字[2021]224号,0.75
fin_263_金监罚字[2023]263号,0.4
fin_499_银保监罚字[2022]499号,0.6
fin_409_保监罚字[2023]409号,
fin_968_央行罚字[2023]968号,
fin_598_银罚字[2022]598号,
fin_71_保监罚字[2022]071号,
fin_125_银保监罚字[2020]125号,
fin_882_证监罚字[2021]882号,
fin_490_银保监罚字[2021]490号,
fin_247_央行罚字[2023]247号,
fin_570_银保监罚字[2024]570号,
fin_182_证监罚字[2023]182号,
fin_132_保监罚字[2023]132号,
fin_261_保监罚字[2020]261号,
fin_65_保监罚字[2021]065号,
fin_294_央行罚字[2022]294号,
fin_741_证监罚字[2024]741号,
fin_35_金监罚字[2024]035号,
fin_7_银保监罚字[2024]007号,
fin_324_保监罚字[2022]324号,
fin_356_保监罚字[2020]356号,
fin_965_银罚字[2024]965号,
fin_301_央行罚字[2022]301号,
fin_970_银罚字[2022]970号,
fin_695_央行罚字[2020]695号,
fin_578_央行罚字[2022]578号,
fin_14_金监罚字[2022]014号,0.85
fin_875_银罚字[2022]875号,0.75
fin_52_金监罚字[2023]052号,0.6
fin_473_银保监罚字[2023]473号,0.65
fin_238_证监罚字[2023]238号,0.85
fin_796_央行罚字[2024]796号,0.65
fin_197_保监罚字[2021]197号,0.6
fin_843_央行罚字[2020]843号,0.75
fin_828_保监罚字[2022]828号,
fin_976_保监罚字[2022]976号,
fin_946_证监罚字[2023]946号,
fin_366_金监罚字[2023]366号,
fin_206_证监罚字[2022]206号,
fin_196_证监罚字[2021]196号,
fin_806_证监罚字[2024]806号,
fin_408_证监罚字[2022]408号,
fin_899_金监罚字[2024]899号,
fin_961_银罚字[2022]961号,
fin_53_银罚字[2020]053号,
fin_620_银罚字[2023]620号,
fin_866_保监罚字[2022]866号,
fin_892_央行罚字[2022]892号,
fin_940_银保监罚字[2020]940号,
fin_947_银保监罚字[2022]947号,
fin_889_银罚字[2024]889号,0.6
fin_953_金监罚字[2024]953号,0.6
fin_227_央行罚字[2022]227号,0.6
fin_862_银罚字[2020]862号,0.6
fin_44_央行罚字[2023]044号,0.85
fin_495_银罚字[2020]495号,0.65
fin_824_金监罚字[2024]824号,
fin_574_证监罚字[2021]574号,0.4
fin_888_金监罚字[2021]888号,
fin_666_金监罚字[2021]666号,
fin_18_央行罚字[2021]018号,
fin_229_金监罚字[2020]229号,0.75
fin_870_保监罚字[2022]870号,0.6
fin_724_银保监罚字[2020]724号,0.6
fin_717_金监罚字[2021]717号,0.6
fin_851_证监罚字[2022]851号,0.6
fin_225_银罚字[2023]225号,0.6
fin_931_央行罚字[2021]931号,0.4
fin_267_保监罚字[2022]267号,0.4
fin_171_证监罚字[2023]171号,0.6
fin_894_证监罚字[2021]894号,0.65
fin_123_金监罚字[2023]123号,0.85
fin_175_央行罚字[2023]175号,0.75
fin_618_保监罚字[2020]618号,0.3
fin_844_金监罚字[2020]844号,0.6
fin_602_银罚字[2022]602号,0.85
fin_56_金监罚字[2022]056号,
fin_938_银罚字[2022]938号,
fin_579_金监罚字[2022]579号,
fin_571_银罚字[2023]571号,
fin_367_保监罚字[2024]367号,
fin_304_证监罚字[2022]304号,
fin_380_银罚字[2024]380号,
fin_406_金监罚字[2020]406号,
fin_648_银保监罚字[2022]648号,
fin_15_央行罚字[2021]015号,
fin_820_证监罚字[2022]820号,
fin_482_证监罚字[2023]482号,
fin_475_证监罚字[2022]475号,
fin_33_金监罚字[2021]033号,
fin_160_银保监罚字[2022]160号,
fin_954_央行罚字[2022]954号,
fin_85_银保监罚字[2024]085号,
fin_458_保监罚字[2020]458号,
fin_848_银罚字[2020]848号,
fin_39_证监罚字[2024]039号,
fin_217_保监罚字[2023]217号,
fin_903_银保监罚字[2022]903号,
fin_116_保监罚字[2020]116号,
fin_378_银罚字[2022]378号,
fin_13_金监罚字[2022]013号,0.75
fin_747_金监罚字[2021]747号,0.4
fin_560_证监罚字[2021]560号,0.6
fin_630_证监罚字[2023]630号,0.4
fin_905_银保监罚字[2022]905号,0.4
fin_592_银罚字[2020]592号,0.75
fin_201_银罚字[2024]201号,0.4
fin_162_证监罚字[2023]162号,0.4
fin_230_金监罚字[2022]230号,
fin_753_央行罚字[2021]753号,
fin_528_央行罚字[2023]528号,
fin_452_金监罚字[2022]452号,
fin_971_银罚字[2023]971号,
fin_115_保监罚字[2024]115号,
fin_809_央行罚字[2023]809号,
fin_23_央行罚字[2020]023号,
fin_760_证监罚字[2023]760号,
fin_609_银罚字[2020]609号,
fin_468_央行罚字[2024]468号,
fin_871_央行罚字[2021]871号,
fin_792_证监罚字[2021]792号,
fin_611_银保监罚字[2021]611号,
fin_772_央行罚字[2020]772号,
fin_375_金监罚字[2021]375号,
SAME_UNID_123,0.65
fin_486_央行罚字[2023]486号,0.3
fin_34_银罚字[2021]034号,0.4
fin_808_保监罚字[2024]808号,0.65
fin_870_保监罚字[2022]870号,0.3
fin_139_央行罚字[2024]139号,0.3
fin_153_保监罚字[2023]153号,0.65
fin_986_银保监罚字[2020]986号,
fin_53_银罚字[2020]053号,
fin_724_银保监罚字[2020]724号,
fin_561_证监罚字[2024]561号,
fin_248_银罚字[2024]248号,0.65
fin_857_证监罚字[2024]857号,0.4
fin_760_证监罚字[2023]760号,0.3
fin_495_银罚字[2020]495号,0.65
fin_359_银罚字[2021]359号,0.6
fin_78_证监罚字[2023]078号,0.4
fin_775_证监罚字[2023]775号,0.4
fin_289_保监罚字[2021]289号,0.3
fin_566_央行罚字[2021]566号,0.6
fin_113_银罚字[2023]113号,0.75
fin_609_银罚字[2020]609号,0.6
fin_719_证监罚字[2023]719号,0.4
fin_987_证监罚字[2022]987号,0.4
fin_695_央行罚字[2020]695号,0.6
fin_635_保监罚字[2021]635号,0.2
fin_670_银保监罚字[2021]670号,
fin_441_证监罚字[2022]441号,
fin_423_央行罚字[2023]423号,
DUPLICATE_001,
fin_677_银保监罚字[2023]677号,
fin_287_金监罚字[2021]287号,
REPEAT_ID_999,
fin_803_金监罚字[2024]803号,
fin_447_证监罚字[2024]447号,
fin_800_金监罚字[2021]800号,
fin_953_金监罚字[2024]953号,
fin_765_金监罚字[2022]765号,
fin_202_央行罚字[2024]202号,
fin_350_证监罚字[2020]350号,
fin_363_银罚字[2022]363号,
fin_743_保监罚字[2024]743号,
fin_752_央行罚字[2020]752号,
fin_368_金监罚字[2023]368号,
fin_626_央行罚字[2022]626号,
fin_985_金监罚字[2020]985号,
fin_685_央行罚字[2021]685号,0.65
fin_345_银保监罚字[2024]345号,
fin_43_银保监罚字[2024]043号,
fin_869_证监罚字[2020]869号,
fin_510_金监罚字[2023]510号,
fin_564_银罚字[2022]564号,0.6
fin_322_金监罚字[2024]322号,0.75
fin_233_金监罚字[2022]233号,0.65
REPEAT_ID_999,0.3
fin_467_保监罚字[2022]467号,0.4
fin_927_央行罚字[2024]927号,0.6
fin_739_央行罚字[2021]739号,0.65
fin_116_保监罚字[2020]116号,
fin_89_证监罚字[2020]089号,
fin_671_银罚字[2021]671号,
fin_397_金监罚字[2023]397号,
fin_604_金监罚字[2024]604号,
fin_278_央行罚字[2024]278号,
fin_737_保监罚字[2023]737号,
fin_538_银保监罚字[2021]538号,
fin_149_央行罚字[2024]149号,
fin_509_央行罚字[2021]509号,
fin_634_金监罚字[2021]634号,
fin_956_央行罚字[2024]956号,
fin_649_银保监罚字[2022]649号,
fin_596_保监罚字[2020]596号,
fin_61_证监罚字[2023]061号,
fin_236_银罚字[2023]236号,
fin_865_银罚字[2020]865号,0.3
fin_667_金监罚字[2023]667号,0.4
fin_411_保监罚字[2022]411号,0.75
fin_696_央行罚字[2024]696号,
fin_930_银保监罚字[2022]930号,0.75
fin_47_保监罚字[2020]047号,0.4
fin_799_银罚字[2024]799号,0.75
fin_948_证监罚字[2020]948号,0.4
fin_92_央行罚字[2024]092号,
fin_841_证监罚字[2021]841号,
fin_199_银保监罚字[2024]199号,
fin_831_保监罚字[2021]831号,0.3
fin_747_金监罚字[2021]747号,0.4
fin_26_央行罚字[2023]026号,0.4
fin_594_银罚字[2021]594号,0.6
fin_27_保监罚字[2024]027号,0.4
fin_643_金监罚字[2021]643号,0.6
fin_933_银保监罚字[2024]933号,0.75
fin_532_央行罚字[2021]532号,0.4
fin_115_保监罚字[2024]115号,0.3
fin_858_银罚字[2022]858号,0.6
fin_905_银保监罚字[2022]905号,0.4
fin_606_保监罚字[2020]606号,0.4
fin_908_保监罚字[2020]908号,0.4
fin_276_银罚字[2023]276号,0.65
fin_578_央行罚字[2022]578号,0.6
fin_1000_金监罚字[2021]1000号,
fin_104_证监罚字[2022]104号,
fin_574_证监罚字[2021]574号,
fin_836_金监罚字[2023]836号,
fin_271_银罚字[2023]271号,
fin_136_保监罚字[2024]136号,
fin_794_保监罚字[2021]794号,
fin_665_证监罚字[2021]665号,
fin_427_证监罚字[2024]427号,
fin_150_银罚字[2021]150号,
fin_110_金监罚字[2022]110号,
fin_896_央行罚字[2023]896号,
fin_90_银罚字[2022]090号,
fin_595_证监罚字[2020]595号,
fin_505_金监罚字[2023]505号,
fin_119_保监罚字[2022]119号,
fin_867_央行罚字[2023]867号,
fin_660_银保监罚字[2023]660号,
fin_981_银保监罚字[2022]981号,
fin_263_金监罚字[2023]263号,
fin_413_银保监罚字[2024]413号,
fin_51_央行罚字[2022]051号,
fin_529_央行罚字[2023]529号,0.4
fin_270_证监罚字[2021]270号,
fin_146_保监罚字[2020]146号,
fin_275_银罚字[2024]275号,0.6
fin_557_金监罚字[2020]557号,0.4
fin_959_金监罚字[2021]959号,0.75
fin_135_金监罚字[2022]135号,0.75
fin_6_金监罚字[2023]006号,0.85
fin_77_银罚字[2021]077号,0.65
REPEAT_ID_999,0.65
fin_262_银保监罚字[2023]262号,
fin_274_保监罚字[2020]274号,
fin_839_银罚字[2024]839号,
fin_209_银保监罚字[2022]209号,
fin_575_央行罚字[2020]575号,
fin_40_保监罚字[2020]040号,
fin_892_央行罚字[2022]892号,
fin_216_金监罚字[2023]216号,
fin_282_保监罚字[2024]282号,
fin_371_证监罚字[2024]371号,
DUPLICATE_001,
fin_406_金监罚字[2020]406号,
fin_992_金监罚字[2022]992号,
DUPLICATE_001,
fin_889_银罚字[2024]889号,
fin_682_银保监罚字[2020]682号,
fin_991_银保监罚字[2020]991号,0.65
fin_187_银保监罚字[2023]187号,0.65
fin_797_保监罚字[2024]797号,0.4
fin_903_银保监罚字[2022]903号,0.4
fin_73_银保监罚字[2020]073号,0.75
fin_508_证监罚字[2020]508号,0.4
fin_117_金监罚字[2023]117号,0.75
fin_292_证监罚字[2022]292号,
fin_856_证监罚字[2023]856号,
fin_38_央行罚字[2024]038号,0.6
fin_416_银保监罚字[2020]416号,0.65
fin_288_金监罚字[2022]288号,
fin_793_金监罚字[2024]793号,0.4
fin_241_保监罚字[2023]241号,0.6
fin_770_银罚字[2020]770号,0.65
fin_424_银罚字[2022]424号,0.65
fin_786_央行罚字[2022]786号,0.4
fin_842_金监罚字[2024]842号,0.1
fin_540_银保监罚字[2020]540号,0.65
fin_3_银罚字[2021]003号,0.4
fin_818_证监罚字[2022]818号,0.4
fin_388_银保监罚字[2020]388号,0.6
fin_678_央行罚字[2023]678号,0.4
fin_448_银罚字[2024]448号,0.4
fin_543_银罚字[2022]543号,0.4
fin_380_银罚字[2024]380号,
fin_174_证监罚字[2021]174号,
fin_558_银保监罚字[2020]558号,
fin_549_保监罚字[2022]549号,
fin_891_银罚字[2024]891号,
fin_277_央行罚字[2020]277号,
fin_225_银罚字[2023]225号,
fin_821_银保监罚字[2023]821号,
fin_814_央行罚字[2022]814号,
fin_458_保监罚字[2020]458号,
DUPLICATE_001,
fin_393_保监罚字[2022]393号,
fin_722_金监罚字[2022]722号,
fin_995_保监罚字[2024]995号,
fin_565_央行罚字[2021]565号,
fin_982_保监罚字[2023]982号,
fin_95_保监罚字[2024]095号,
fin_864_保监罚字[2020]864号,
fin_601_央行罚字[2022]601号,
fin_507_保监罚字[2021]507号,
fin_725_银罚字[2023]725号,
fin_152_金监罚字[2021]152号,
fin_360_金监罚字[2020]360号,
fin_383_证监罚字[2023]383号,
fin_806_证监罚字[2024]806号,0.4
fin_701_银保监罚字[2020]701号,0.65
fin_23_央行罚字[2020]023号,0.85
fin_527_央行罚字[2020]527号,0.4
fin_579_金监罚字[2022]579号,0.75
fin_227_央行罚字[2022]227号,0.4
fin_265_银罚字[2023]265号,0.65
fin_796_央行罚字[2024]796号,0.3
fin_552_保监罚字[2022]552号,
fin_949_银保监罚字[2020]949号,
fin_498_银保监罚字[2022]498号,
fin_541_保监罚字[2021]541号,
fin_728_保监罚字[2021]728号,
fin_168_银罚字[2020]168号,
DUPLICATE_001,
fin_533_央行罚字[2020]533号,
fin_699_金监罚字[2021]699号,
fin_191_保监罚字[2021]191号,
fin_832_银罚字[2023]832号,
fin_846_金监罚字[2024]846号,
fin_260_金监罚字[2023]260号,
fin_554_保监罚字[2022]554号,
fin_419_保监罚字[2024]419号,
fin_154_金监罚字[2021]154号,
fin_659_银保监罚字[2021]659号,0.6
fin_58_金监罚字[2024]058号,0.65
fin_126_保监罚字[2020]126号,0.75
fin_485_央行罚字[2023]485号,0.4
fin_664_银保监罚字[2024]664号,0.2
fin_570_银保监罚字[2024]570号,0.3
fin_999_银罚字[2021]999号,
fin_877_保监罚字[2021]877号,0.75
fin_237_银保监罚字[2021]237号,0.3
fin_328_央行罚字[2021]328号,0.3
fin_843_央行罚字[2020]843号,
fin_993_保监罚字[2023]993号,0.2
fin_489_银保监罚字[2023]489号,
fin_122_金监罚字[2022]122号,0.65
fin_829_金监罚字[2021]829号,0.1
fin_230_金监罚字[2022]230号,0.3
fin_171_证监罚字[2023]171号,0.6
fin_816_证监罚字[2022]816号,0.4
fin_303_银罚字[2023]303号,0.4
fin_545_金监罚字[2020]545号,0.6
fin_480_央行罚字[2021]480号,0.4
fin_306_证监罚字[2023]306号,0.2
fin_35_金监罚字[2024]035号,0.65
fin_434_银罚字[2023]434号,0.65
fin_477_银罚字[2024]477号,0.4
fin_372_银罚字[2020]372号,
fin_603_证监罚字[2024]603号,
fin_488_保监罚字[2020]488号,
fin_254_证监罚字[2024]254号,
fin_674_保监罚字[2022]674号,
fin_284_央行罚字[2023]284号,
fin_863_保监罚字[2021]863号,
fin_807_保监罚字[2020]807号,
fin_55_银罚字[2021]055号,
fin_410_银罚字[2022]410号,
fin_382_金监罚字[2022]382号,
fin_861_证监罚字[2023]861号,
fin_526_金监罚字[2020]526号,
fin_826_央行罚字[2022]826号,
fin_247_央行罚字[2023]247号,
fin_920_央行罚字[2023]920号,
fin_229_金监罚字[2020]229号,
fin_535_央行罚字[2023]535号,
fin_240_银罚字[2022]240号,
fin_653_银保监罚字[2023]653号,
fin_656_保监罚字[2020]656号,
fin_556_央行罚字[2024]556号,
fin_862_银罚字[2020]862号,
fin_971_银罚字[2023]971号,
fin_791_银罚字[2024]791号,0.6
fin_499_银保监罚字[2022]499号,0.6
fin_404_银罚字[2021]404号,0.65
fin_354_证监罚字[2022]354号,0.65
fin_875_银罚字[2022]875号,0.65
fin_298_保监罚字[2023]298号,0.4
fin_828_保监罚字[2022]828号,0.4
fin_323_央行罚字[2020]323号,0.4
fin_878_金监罚字[2020]878号,
fin_569_证监罚字[2021]569号,
fin_973_保监罚字[2022]973号,
fin_820_证监罚字[2022]820号,
fin_327_央行罚字[2022]327号,
fin_120_银罚字[2024]120号,
fin_586_银罚字[2022]586号,
fin_167_金监罚字[2020]167号,
fin_961_银罚字[2022]961号,
fin_859_金监罚字[2020]859号,
fin_9_保监罚字[2020]009号,
fin_165_保监罚字[2020]165号,
fin_972_证监罚字[2023]972号,
fin_996_银保监罚字[2021]996号,
fin_886_央行罚字[2024]886号,
fin_530_保监罚字[2020]530号,
fin_232_央行罚字[2020]232号,0.4
fin_763_银保监罚字[2024]763号,0.6
fin_621_证监罚字[2021]621号,0.4
fin_605_央行罚字[2023]605号,
fin_848_银罚字[2020]848号,0.6
fin_63_保监罚字[2023]063号,0.6
fin_272_央行罚字[2024]272号,0.4
fin_577_保监罚字[2021]577号,0.6
fin_733_银罚字[2024]733号,0.3
fin_170_银保监罚字[2022]170号,0.6
fin_471_证监罚字[2022]471号,0.6
fin_206_证监罚字[2022]206号,0.4
fin_514_证监罚字[2021]514号,
fin_123_金监罚字[2023]123号,0.6
fin_185_银罚字[2022]185号,0.4
fin_705_保监罚字[2023]705号,0.4
fin_984_银罚字[2024]984号,0.65
fin_778_证监罚字[2023]778号,0.4
fin_994_银罚字[2024]994号,0.85
fin_521_央行罚字[2020]521号,0.6
fin_2_金监罚字[2022]002号,0.6
fin_975_保监罚字[2023]975号,0.4
fin_817_证监罚字[2020]817号,0.4
fin_325_证监罚字[2020]325号,0.6
fin_190_银保监罚字[2021]190号,
fin_220_证监罚字[2020]220号,
fin_451_央行罚字[2022]451号,
fin_742_银罚字[2022]742号,
fin_876_证监罚字[2020]876号,
fin_343_央行罚字[2023]343号,
fin_954_央行罚字[2022]954号,
fin_267_保监罚字[2022]267号,
fin_445_银罚字[2024]445号,
fin_938_银罚字[2022]938号,
fin_418_证监罚字[2020]418号,
fin_268_证监罚字[2021]268号,
fin_809_央行罚字[2023]809号,
fin_629_金监罚字[2024]629号,
fin_749_证监罚字[2024]749号,
fin_813_金监罚字[2020]813号,
REPEAT_ID_999,
fin_300_保监罚字[2021]300号,0.6
fin_680_保监罚字[2022]680号,
fin_32_保监罚字[2021]032号,
fin_871_央行罚字[2021]871号,
fin_52_金监罚字[2023]052号,
fin_591_保监罚字[2023]591号,
fin_464_央行罚字[2021]464号,
fin_668_银罚字[2022]668号,0.85
fin_121_保监罚字[2020]121号,
fin_923_保监罚字[2020]923号,0.75
fin_151_金监罚字[2020]151号,0.85
fin_142_证监罚字[2020]142号,0.65
fin_646_证监罚字[2024]646号,0.4
fin_492_证监罚字[2020]492号,0.4
fin_194_金监罚字[2023]194号,0.6
fin_44_央行罚字[2023]044号,
fin_599_证监罚字[2023]599号,
fin_934_证监罚字[2024]934号,
fin_547_银保监罚字[2020]547号,
fin_776_央行罚字[2023]776号,
fin_320_银罚字[2021]320号,
fin_321_金监罚字[2022]321号,
fin_661_央行罚字[2024]661号,
fin_496_金监罚字[2024]496号,
fin_894_证监罚字[2021]894号,
fin_693_保监罚字[2022]693号,
fin_374_金监罚字[2021]374号,
fin_990_银保监罚字[2023]990号,
fin_748_证监罚字[2022]748号,
fin_379_银罚字[2021]379号,
fin_672_银罚字[2022]672号,
fin_974_银罚字[2023]974号,0.6
fin_57_银罚字[2022]057号,0.3
fin_617_金监罚字[2024]617号,0.4
fin_571_银罚字[2023]571号,0.65
fin_952_证监罚字[2020]952号,0.6
fin_102_保监罚字[2023]102号,0.6
fin_766_银保监罚字[2020]766号,
fin_361_证监罚字[2021]361号,0.4
fin_853_银罚字[2024]853号,0.7
fin_91_银罚字[2022]091号,0.6
fin_784_证监罚字[2024]784号,
fin_969_金监罚字[2023]969号,0.65
fin_929_证监罚字[2024]929号,0.4
fin_88_证监罚字[2020]088号,0.6
fin_269_银罚字[2021]269号,0.4
fin_148_银保监罚字[2024]148号,0.4
fin_336_银保监罚字[2023]336号,0.4
fin_214_保监罚字[2021]214号,0.6
fin_757_银罚字[2023]757号,0.65
fin_1_银保监罚字[2020]001号,0.6
fin_523_银罚字[2022]523号,0.7
fin_711_央行罚字[2023]711号,0.65
fin_221_保监罚字[2022]221号,0.65
fin_4_央行罚字[2024]004号,0.6
fin_389_证监罚字[2022]389号,
REPEAT_ID_999,
fin_87_保监罚字[2021]087号,
fin_415_银保监罚字[2024]415号,
fin_456_银保监罚字[2024]456号,
fin_542_证监罚字[2021]542号,
fin_402_保监罚字[2023]402号,
env_227_环保罚字[2020]227号,
env_355_环监罚字[2024]355号,
env_486_环罚字[2021]486号,
env_372_环执罚字[2022]372号,
env_259_生态罚字[2022]259号,
env_455_生态罚字[2022]455号,
env_466_环监罚字[2022]466号,
env_451_环执罚字[2021]451号,
env_71_环罚字[2023]071号,
env_175_环保罚字[2021]175号,
env_297_环罚字[2021]297号,
env_13_环执罚字[2022]013号,
env_370_环执罚字[2022]370号,0.6
env_170_环保罚字[2023]170号,
env_238_环执罚字[2020]238号,
env_224_生态罚字[2021]224号,
env_150_生态罚字[2023]150号,
env_222_环执罚字[2023]222号,
env_362_环执罚字[2024]362号,0.4
env_160_环执罚字[2024]160号,0.4
env_38_生态罚字[2023]038号,0.65
env_298_环罚字[2024]298号,0.4
env_216_环监罚字[2021]216号,0.65
env_130_环保罚字[2021]130号,0.4
env_193_环监罚字[2022]193号,0.4
env_467_环罚字[2021]467号,
env_148_环罚字[2023]148号,
env_392_环执罚字[2021]392号,
env_280_环监罚字[2020]280号,
env_50_环执罚字[2021]050号,
env_478_环执罚字[2023]478号,
env_343_环罚字[2020]343号,
env_419_环监罚字[2021]419号,
env_152_环罚字[2022]152号,
env_199_环监罚字[2020]199号,
env_60_生态罚字[2020]060号,
env_109_环罚字[2021]109号,
env_324_环监罚字[2020]324号,
env_250_环监罚字[2024]250号,
env_424_生态罚字[2022]424号,
env_247_生态罚字[2023]247号,
env_387_环执罚字[2020]387号,0.75
env_477_环罚字[2023]477号,0.65
env_59_环监罚字[2021]059号,0.6
env_431_环保罚字[2021]431号,0.4
env_232_环执罚字[2024]232号,0.65
env_440_环监罚字[2020]440号,0.75
env_408_环罚字[2022]408号,0.65
env_78_环保罚字[2021]078号,0.4
env_412_环保罚字[2020]412号,0.65
env_198_环罚字[2021]198号,0.4
env_482_环执罚字[2021]482号,0.3
env_365_环监罚字[2022]365号,0.85
env_313_环监罚字[2022]313号,
env_453_环罚字[2021]453号,0.65
env_473_生态罚字[2024]473号,0.65
env_471_环执罚字[2024]471号,0.65
env_449_环执罚字[2022]449号,0.4
env_104_环监罚字[2021]104号,0.4
env_67_环保罚字[2020]067号,0.4
env_423_环保罚字[2024]423号,0.65
env_155_环保罚字[2023]155号,0.4
env_286_环监罚字[2020]286号,0.4
env_443_环罚字[2023]443号,0.65
env_180_环监罚字[2023]180号,
env_329_环监罚字[2020]329号,
env_444_生态罚字[2023]444号,
env_62_环监罚字[2022]062号,
env_176_生态罚字[2020]176号,
env_256_生态罚字[2021]256号,
env_422_环保罚字[2024]422号,
env_342_环监罚字[2024]342号,
env_327_生态罚字[2021]327号,
env_236_环监罚字[2021]236号,
env_53_环监罚字[2023]053号,
env_166_环罚字[2024]166号,
env_7_生态罚字[2023]007号,
env_12_环监罚字[2020]012号,
env_456_环监罚字[2024]456号,
env_433_环罚字[2020]433号,
env_407_生态罚字[2023]407号,
env_498_环保罚字[2020]498号,
env_434_生态罚字[2024]434号,
env_120_环罚字[2021]120号,0.65
env_95_生态罚字[2021]095号,
env_115_环执罚字[2021]115号,
env_399_环罚字[2024]399号,
env_52_环执罚字[2022]052号,
env_82_环保罚字[2021]082号,0.4
env_17_环罚字[2021]017号,
env_389_环保罚字[2022]389号,0.4
env_81_环执罚字[2020]081号,0.6
env_237_环执罚字[2023]237号,0.4
env_117_环保罚字[2024]117号,0.4
env_233_生态罚字[2024]233号,0.4
env_452_环罚字[2023]452号,0.65
env_16_环保罚字[2022]016号,
env_475_环保罚字[2024]475号,
env_381_环保罚字[2021]381号,
env_243_环监罚字[2020]243号,
env_414_生态罚字[2023]414号,
env_457_生态罚字[2023]457号,
env_172_生态罚字[2020]172号,
env_135_环罚字[2020]135号,
env_203_环执罚字[2021]203号,
env_316_生态罚字[2021]316号,
env_380_环罚字[2020]380号,
env_86_环罚字[2020]086号,
env_277_环保罚字[2020]277号,
env_450_生态罚字[2022]450号,
env_144_环保罚字[2024]144号,
env_202_环罚字[2023]202号,
env_219_环执罚字[2024]219号,
env_393_生态罚字[2022]393号,
env_318_环执罚字[2020]318号,0.65
env_183_环执罚字[2021]183号,0.6
env_173_环保罚字[2022]173号,0.85
env_458_环执罚字[2022]458号,0.85
env_435_环监罚字[2022]435号,0.85
env_396_生态罚字[2024]396号,0.75
env_378_环监罚字[2020]378号,0.4
env_278_生态罚字[2021]278号,0.65
env_400_生态罚字[2021]400号,0.6
env_483_环执罚字[2022]483号,0.65
env_164_环罚字[2024]164号,0.6
env_20_环保罚字[2022]020号,
env_156_环罚字[2024]156号,0.6
env_321_环保罚字[2021]321号,
env_204_环监罚字[2021]204号,0.4
env_363_环保罚字[2022]363号,0.4
env_306_环执罚字[2023]306号,0.65
env_491_环保罚字[2024]491号,0.65
env_231_环保罚字[2021]231号,0.6
env_336_生态罚字[2024]336号,0.65
env_89_环罚字[2023]089号,0.65
env_379_生态罚字[2022]379号,0.4
env_149_环执罚字[2021]149号,0.4
env_391_环监罚字[2022]391号,0.6
env_494_环罚字[2020]494号,
env_345_生态罚字[2023]345号,
env_330_环罚字[2020]330号,
env_178_环监罚字[2023]178号,
env_167_环罚字[2021]167号,
env_368_环执罚字[2020]368号,
env_100_生态罚字[2023]100号,
env_129_环执罚字[2023]129号,
env_206_环监罚字[2022]206号,
env_385_环罚字[2023]385号,
env_33_环保罚字[2020]033号,
env_377_生态罚字[2024]377号,
env_359_生态罚字[2024]359号,
env_201_环执罚字[2023]201号,
env_480_环执罚字[2020]480号,
env_241_环保罚字[2023]241号,
env_344_生态罚字[2023]344号,
env_317_环执罚字[2021]317号,
env_168_环监罚字[2021]168号,
env_248_环罚字[2020]248号,
env_9_环执罚字[2023]009号,
env_11_环罚字[2023]011号,0.75
env_35_环罚字[2023]035号,0.4
env_214_环执罚字[2024]214号,
env_441_环罚字[2024]441号,
env_364_环执罚字[2023]364号,
env_346_生态罚字[2021]346号,0.6
env_112_环执罚字[2020]112号,0.6
env_406_环执罚字[2022]406号,0.4
env_221_环执罚字[2021]221号,0.4
env_334_环监罚字[2024]334号,0.4
env_192_环监罚字[2020]192号,0.3
env_432_生态罚字[2023]432号,
env_485_环保罚字[2023]485号,
env_36_环执罚字[2023]036号,
env_42_环保罚字[2020]042号,
env_269_环监罚字[2023]269号,
env_314_环保罚字[2023]314号,
env_113_环监罚字[2020]113号,
env_211_生态罚字[2023]211号,
env_468_环监罚字[2022]468号,
env_397_环罚字[2022]397号,
env_294_生态罚字[2023]294号,
env_110_环保罚字[2020]110号,
env_430_生态罚字[2021]430号,
env_465_环罚字[2021]465号,
env_487_生态罚字[2022]487号,
env_102_环罚字[2022]102号,
env_58_环保罚字[2023]058号,0.4
env_367_生态罚字[2022]367号,0.85
env_121_环罚字[2024]121号,
env_413_生态罚字[2024]413号,0.75
env_479_环罚字[2020]479号,0.6
env_32_环保罚字[2020]032号,0.4
env_210_生态罚字[2021]210号,0.75
env_242_生态罚字[2022]242号,0.65
env_320_环保罚字[2024]320号,
env_301_生态罚字[2020]301号,0.6
env_226_环罚字[2020]226号,0.4
env_136_环监罚字[2021]136号,0.65
env_454_环监罚字[2021]454号,0.6
env_292_环保罚字[2023]292号,0.4
env_446_环执罚字[2022]446号,0.4
env_425_环执罚字[2021]425号,0.75
env_26_生态罚字[2024]026号,0.65
env_488_生态罚字[2024]488号,0.4
env_103_环监罚字[2021]103号,0.4
env_322_环执罚字[2021]322号,0.4
env_308_环监罚字[2023]308号,0.65
env_290_环罚字[2022]290号,0.65
env_257_环保罚字[2021]257号,0.75
env_185_环执罚字[2023]185号,0.4
env_315_环保罚字[2020]315号,
env_91_环监罚字[2022]091号,
env_239_环监罚字[2024]239号,
env_390_环监罚字[2020]390号,
env_300_环监罚字[2020]300号,
env_158_环监罚字[2024]158号,
env_2_环监罚字[2024]002号,
env_92_环执罚字[2021]092号,
env_15_生态罚字[2020]015号,
env_125_生态罚字[2020]125号,
env_244_生态罚字[2022]244号,
env_159_环监罚字[2021]159号,
env_119_环监罚字[2023]119号,
env_10_环执罚字[2020]010号,
env_212_生态罚字[2021]212号,
env_474_生态罚字[2021]474号,
env_165_环罚字[2021]165号,
env_383_环保罚字[2023]383号,
env_56_环保罚字[2023]056号,
env_55_环罚字[2023]055号,0.65
env_101_环执罚字[2021]101号,
env_146_环执罚字[2021]146号,
env_382_生态罚字[2023]382号,
env_189_环执罚字[2024]189号,
env_461_环监罚字[2022]461号,
env_76_生态罚字[2023]076号,0.4
env_68_环执罚字[2021]068号,0.65
env_31_环执罚字[2023]031号,0.6
env_361_环罚字[2020]361号,0.65
env_77_环执罚字[2021]077号,0.65
env_348_环保罚字[2021]348号,0.4
env_350_环监罚字[2024]350号,0.6
env_124_环执罚字[2020]124号,
env_197_生态罚字[2023]197号,
env_438_环执罚字[2021]438号,
env_213_环监罚字[2021]213号,
env_402_环监罚字[2023]402号,
env_174_环执罚字[2024]174号,
env_409_环监罚字[2023]409号,
env_265_生态罚字[2022]265号,
env_29_环执罚字[2020]029号,
env_249_环保罚字[2020]249号,
env_96_环罚字[2022]096号,
env_287_环执罚字[2022]287号,
env_272_环保罚字[2021]272号,
env_254_生态罚字[2024]254号,
env_418_环罚字[2022]418号,
env_27_环罚字[2021]027号,
env_428_环执罚字[2021]428号,0.4
env_445_环监罚字[2024]445号,
env_87_生态罚字[2024]087号,0.6
env_417_生态罚字[2021]417号,0.4
env_371_环执罚字[2022]371号,0.6
env_360_环保罚字[2023]360号,0.4
env_230_环保罚字[2024]230号,0.75
env_22_环执罚字[2021]022号,0.65
env_416_生态罚字[2020]416号,0.85
env_4_环执罚字[2023]004号,0.3
env_388_生态罚字[2024]388号,0.65
env_188_环执罚字[2021]188号,
env_126_生态罚字[2020]126号,0.65
env_8_环保罚字[2023]008号,0.75
env_264_环监罚字[2024]264号,0.6
env_98_生态罚字[2021]098号,0.75
env_255_环保罚字[2024]255号,0.65
env_394_生态罚字[2022]394号,0.4
env_70_环罚字[2022]070号,0.4
env_246_环罚字[2023]246号,0.4
env_405_环执罚字[2022]405号,0.65
env_358_环执罚字[2020]358号,0.4
env_253_环罚字[2023]253号,0.4
env_261_环监罚字[2024]261号,0.4
env_208_环执罚字[2024]208号,
env_352_环执罚字[2020]352号,
env_284_环保罚字[2021]284号,
env_326_环监罚字[2020]326号,
env_470_环保罚字[2024]470号,
env_30_环监罚字[2021]030号,
env_85_环罚字[2020]085号,
env_48_环保罚字[2024]048号,
env_123_环执罚字[2023]123号,
env_398_环保罚字[2022]398号,
env_41_环保罚字[2020]041号,
env_47_环监罚字[2021]047号,
env_447_环执罚字[2022]447号,
env_369_环罚字[2022]369号,
env_299_环罚字[2022]299号,
env_476_生态罚字[2023]476号,
env_349_生态罚字[2023]349号,
env_118_生态罚字[2023]118号,
env_267_环执罚字[2020]267号,
env_220_生态罚字[2021]220号,
env_142_环监罚字[2023]142号,
env_147_环罚字[2020]147号,
env_258_生态罚字[2021]258号,
env_240_环执罚字[2021]240号,
env_182_环保罚字[2023]182号,0.4
env_94_环监罚字[2020]094号,0.4
env_384_生态罚字[2023]384号,0.75
env_235_生态罚字[2024]235号,0.4
env_339_环保罚字[2024]339号,0.6
env_190_环罚字[2021]190号,0.3
env_225_环罚字[2023]225号,0.4
env_497_环执罚字[2020]497号,0.6
env_28_环监罚字[2022]028号,
env_137_环执罚字[2024]137号,
env_291_环保罚字[2020]291号,
env_354_环监罚字[2022]354号,
env_403_环罚字[2023]403号,
env_65_环保罚字[2024]065号,
env_80_环罚字[2024]080号,
env_263_生态罚字[2022]263号,
env_133_环执罚字[2023]133号,
env_5_环监罚字[2024]005号,
env_421_环保罚字[2024]421号,
env_304_环保罚字[2020]304号,
env_245_环保罚字[2020]245号,
env_207_环执罚字[2024]207号,
env_305_环保罚字[2023]305号,
env_341_生态罚字[2024]341号,
env_395_环执罚字[2023]395号,0.65
env_200_生态罚字[2024]200号,0.4
env_163_环监罚字[2022]163号,0.4
env_464_环罚字[2021]464号,0.4
env_25_环执罚字[2021]025号,0.4
env_312_环保罚字[2024]312号,0.65
env_177_生态罚字[2022]177号,
env_373_环执罚字[2022]373号,
env_375_环执罚字[2023]375号,0.85
env_489_环监罚字[2023]489号,
env_426_环罚字[2023]426号,0.4
env_145_环罚字[2020]145号,0.4
env_293_环执罚字[2023]293号,0.6
env_179_生态罚字[2022]179号,0.4
env_271_环罚字[2024]271号,0.65
env_157_环保罚字[2021]157号,0.65
env_270_环监罚字[2020]270号,0.75
env_302_环执罚字[2024]302号,0.65
env_251_环罚字[2024]251号,0.4
env_49_环罚字[2024]049号,0.65
env_107_环执罚字[2024]107号,0.4
env_87_生态罚字[2024]087号,0.4
env_439_环监罚字[2022]439号,0.75
env_303_环罚字[2021]303号,0.3
env_120_环罚字[2021]120号,0.65
env_426_环罚字[2023]426号,
env_17_环罚字[2021]017号,
env_464_环罚字[2021]464号,
env_491_环保罚字[2024]491号,
env_103_环监罚字[2021]103号,
env_111_环监罚字[2023]111号,
env_408_环罚字[2022]408号,
env_208_环执罚字[2024]208号,
env_291_环保罚字[2020]291号,
env_302_环执罚字[2024]302号,
env_102_环罚字[2022]102号,
env_381_环保罚字[2021]381号,
env_41_环保罚字[2020]041号,
env_355_环监罚字[2024]355号,
env_461_环监罚字[2022]461号,
env_192_环监罚字[2020]192号,
env_401_环监罚字[2020]401号,
env_350_环监罚字[2024]350号,
env_157_环保罚字[2021]157号,
env_486_环罚字[2021]486号,
env_147_环罚字[2020]147号,
env_50_环执罚字[2021]050号,
env_484_生态罚字[2022]484号,
env_500_环保罚字[2024]500号,
env_313_环监罚字[2022]313号,0.4
env_3_环执罚字[2021]003号,0.4
env_414_生态罚字[2023]414号,0.3
env_259_生态罚字[2022]259号,0.6
REPEAT_ID_999,0.4
env_182_环保罚字[2023]182号,0.4
env_28_环监罚字[2022]028号,0.4
env_161_环执罚字[2023]161号,0.4
env_334_环监罚字[2024]334号,
env_101_环执罚字[2021]101号,
env_384_生态罚字[2023]384号,
env_300_环监罚字[2020]300号,
env_42_环保罚字[2020]042号,
env_371_环执罚字[2022]371号,
env_468_环监罚字[2022]468号,
env_452_环罚字[2023]452号,
env_45_环保罚字[2022]045号,
env_415_环罚字[2020]415号,
env_89_环罚字[2023]089号,
env_222_环执罚字[2023]222号,
env_129_环执罚字[2023]129号,
env_245_环保罚字[2020]245号,
env_56_环保罚字[2023]056号,
env_81_环执罚字[2020]081号,
env_340_环保罚字[2020]340号,0.4
env_358_环执罚字[2020]358号,0.4
env_193_环监罚字[2022]193号,0.3
env_25_环执罚字[2021]025号,0.4
env_364_环执罚字[2023]364号,0.4
env_305_环保罚字[2023]305号,0.4
env_131_环执罚字[2021]131号,0.75
env_142_环监罚字[2023]142号,
env_26_生态罚字[2024]026号,
env_420_环执罚字[2022]420号,
env_165_环罚字[2021]165号,0.6
env_186_环执罚字[2024]186号,0.65
SAME_UNID_123,0.45
env_366_环罚字[2022]366号,0.3
env_34_生态罚字[2021]034号,0.65
env_40_生态罚字[2022]040号,0.4
env_232_环执罚字[2024]232号,0.65
env_116_生态罚字[2020]116号,0.65
env_499_环监罚字[2020]499号,0.65
env_285_环保罚字[2023]285号,0.65
env_65_环保罚字[2024]065号,0.7
env_396_生态罚字[2024]396号,0.75
REPEAT_ID_999,0.3
env_319_环保罚字[2022]319号,0.3
env_8_环保罚字[2023]008号,0.4
env_153_生态罚字[2021]153号,
env_442_环执罚字[2022]442号,
env_164_环罚字[2024]164号,
env_409_环监罚字[2023]409号,
env_445_环监罚字[2024]445号,
env_411_环监罚字[2022]411号,
env_466_环监罚字[2022]466号,
SAME_UNID_123,
env_146_环执罚字[2021]146号,
env_212_生态罚字[2021]212号,
env_199_环监罚字[2020]199号,
env_343_环罚字[2020]343号,
env_446_环执罚字[2022]446号,
env_240_环执罚字[2021]240号,
env_173_环保罚字[2022]173号,
env_244_生态罚字[2022]244号,
env_201_环执罚字[2023]201号,
env_479_环罚字[2020]479号,
env_235_生态罚字[2024]235号,
env_423_环保罚字[2024]423号,
env_134_环罚字[2020]134号,0.4
env_214_环执罚字[2024]214号,
REPEAT_ID_999,
env_410_环执罚字[2024]410号,
env_374_环罚字[2023]374号,
env_121_环罚字[2024]121号,0.65
SAME_UNID_123,0.65
env_62_环监罚字[2022]062号,0.65
env_77_环执罚字[2021]077号,0.65
env_181_环执罚字[2023]181号,0.3
env_10_环执罚字[2020]010号,0.4
env_75_环执罚字[2022]075号,0.65
env_436_环监罚字[2022]436号,
env_14_生态罚字[2024]014号,
env_413_生态罚字[2024]413号,
env_431_环保罚字[2021]431号,
env_388_生态罚字[2024]388号,
env_286_环监罚字[2020]286号,
env_191_生态罚字[2021]191号,
env_4_环执罚字[2023]004号,
env_94_环监罚字[2020]094号,
env_49_环罚字[2024]049号,
env_19_生态罚字[2023]019号,
env_179_生态罚字[2022]179号,
env_495_环执罚字[2020]495号,
env_175_环保罚字[2021]175号,
env_490_环监罚字[2021]490号,
env_190_环罚字[2021]190号,
env_96_环罚字[2022]096号,0.3
env_331_环执罚字[2021]331号,0.4
env_54_环罚字[2024]054号,0.75
env_237_环执罚字[2023]237号,0.4
env_169_生态罚字[2022]169号,0.65
env_205_环保罚字[2020]205号,0.4
env_15_生态罚字[2020]015号,
env_361_环罚字[2020]361号,0.4
env_209_环罚字[2023]209号,0.65
env_16_环保罚字[2022]016号,0.6
env_220_生态罚字[2021]220号,
env_309_环执罚字[2023]309号,
env_118_生态罚字[2023]118号,
env_332_环罚字[2020]332号,0.2
env_463_环保罚字[2020]463号,0.65
env_397_环罚字[2022]397号,0.65
env_392_环执罚字[2021]392号,0.4
env_265_生态罚字[2022]265号,0.3
env_429_环监罚字[2023]429号,0.6
env_266_环监罚字[2024]266号,0.65
env_472_环监罚字[2020]472号,0.65
env_268_环保罚字[2023]268号,0.65
env_135_环罚字[2020]135号,0.4
env_440_环监罚字[2020]440号,0.75
env_296_环罚字[2020]296号,0.45
env_469_环监罚字[2020]469号,0.6
env_402_环监罚字[2023]402号,
env_166_环罚字[2024]166号,
env_451_环执罚字[2021]451号,
env_279_环执罚字[2022]279号,
env_342_环监罚字[2024]342号,
env_59_环监罚字[2021]059号,
env_172_生态罚字[2020]172号,
env_162_环罚字[2024]162号,
env_177_生态罚字[2022]177号,
env_271_环罚字[2024]271号,
env_449_环执罚字[2022]449号,
env_428_环执罚字[2021]428号,
env_454_环监罚字[2021]454号,
env_386_环罚字[2024]386号,
env_180_环监罚字[2023]180号,
env_63_环罚字[2022]063号,
env_256_生态罚字[2021]256号,
env_427_环执罚字[2021]427号,
env_221_环执罚字[2021]221号,
env_163_环监罚字[2022]163号,
env_127_环监罚字[2024]127号,0.6
env_249_环保罚字[2020]249号,
env_345_生态罚字[2023]345号,
env_352_环执罚字[2020]352号,0.75
env_124_环执罚字[2020]124号,
env_217_环罚字[2024]217号,
env_394_生态罚字[2022]394号,0.4
env_257_环保罚字[2021]257号,0.75
env_83_环罚字[2022]083号,0.6
env_399_环罚字[2024]399号,0.4
env_247_生态罚字[2023]247号,0.65
env_33_环保罚字[2020]033号,0.4
env_195_生态罚字[2024]195号,
env_281_环保罚字[2022]281号,
env_382_生态罚字[2023]382号,
env_148_环罚字[2023]148号,
env_238_环执罚字[2020]238号,
env_18_环保罚字[2022]018号,
env_123_环执罚字[2023]123号,
env_185_环执罚字[2023]185号,
env_260_环监罚字[2024]260号,
env_100_生态罚字[2023]100号,
env_339_环保罚字[2024]339号,
env_422_环保罚字[2024]422号,
env_255_环保罚字[2024]255号,
env_253_环罚字[2023]253号,
env_216_环监罚字[2021]216号,
env_433_环罚字[2020]433号,
env_70_环罚字[2022]070号,0.4
REPEAT_ID_999,0.3
env_90_环执罚字[2024]090号,0.2
env_443_环罚字[2023]443号,0.65
env_348_环保罚字[2021]348号,0.4
env_306_环执罚字[2023]306号,
env_416_生态罚字[2020]416号,
env_492_环罚字[2021]492号,0.4
env_160_环执罚字[2024]160号,0.4
env_349_生态罚字[2023]349号,0.4
env_78_环保罚字[2021]078号,0.2
env_322_环执罚字[2021]322号,
env_250_环监罚字[2024]250号,
env_171_环保罚字[2022]171号,0.3
env_275_环执罚字[2022]275号,0.6
env_109_环罚字[2021]109号,0.4
env_154_生态罚字[2021]154号,0.2
env_242_生态罚字[2022]242号,0.65
env_284_环保罚字[2021]284号,0.4
env_435_环监罚字[2022]435号,0.4
env_47_环监罚字[2021]047号,0.4
env_110_环保罚字[2020]110号,0.3
env_475_环保罚字[2024]475号,0.4
env_373_环执罚字[2022]373号,0.2
env_493_环监罚字[2023]493号,0.4
env_478_环执罚字[2023]478号,0.6
env_46_环保罚字[2020]046号,
env_22_环执罚字[2021]022号,
env_320_环保罚字[2024]320号,
env_31_环执罚字[2023]031号,
env_456_环监罚字[2024]456号,
env_277_环保罚字[2020]277号,
env_20_环保罚字[2022]020号,
env_92_环执罚字[2021]092号,
env_264_环监罚字[2024]264号,
env_476_生态罚字[2023]476号,
env_251_环罚字[2024]251号,
env_241_环保罚字[2023]241号,
env_346_生态罚字[2021]346号,
env_455_生态罚字[2022]455号,
env_272_环保罚字[2021]272号,
env_231_环保罚字[2021]231号,
env_211_生态罚字[2023]211号,
env_184_环执罚字[2022]184号,
env_344_生态罚字[2023]344号,
env_462_生态罚字[2023]462号,
env_497_环执罚字[2020]497号,
env_494_环罚字[2020]494号,
env_226_环罚字[2020]226号,
env_289_环执罚字[2020]289号,0.6
env_326_环监罚字[2020]326号,
env_168_环监罚字[2021]168号,0.65
env_58_环保罚字[2023]058号,0.4
env_38_生态罚字[2023]038号,0.65
env_198_环罚字[2021]198号,0.4
env_308_环监罚字[2023]308号,0.65
env_13_环执罚字[2022]013号,0.65
env_117_环保罚字[2024]117号,0.3
env_315_环保罚字[2020]315号,
env_430_生态罚字[2021]430号,
env_383_环保罚字[2023]383号,
env_73_生态罚字[2023]073号,
env_213_环监罚字[2021]213号,
env_262_环执罚字[2022]262号,
env_267_环执罚字[2020]267号,
env_406_环执罚字[2022]406号,
env_53_环监罚字[2023]053号,
env_294_生态罚字[2023]294号,
env_297_环罚字[2021]297号,
env_64_环罚字[2020]064号,
env_137_环执罚字[2024]137号,
env_29_环执罚字[2020]029号,
env_125_生态罚字[2020]125号,
env_336_生态罚字[2024]336号,
env_228_环监罚字[2022]228号,0.4
env_44_环监罚字[2020]044号,0.85
env_316_生态罚字[2021]316号,0.2
env_496_环监罚字[2023]496号,
env_72_环罚字[2024]072号,0.65
env_330_环罚字[2020]330号,0.2
env_170_环保罚字[2023]170号,
env_174_环执罚字[2024]174号,0.3
env_158_环监罚字[2024]158号,
env_278_生态罚字[2021]278号,0.4
env_354_环监罚字[2022]354号,0.65
env_295_环保罚字[2020]295号,0.75
env_347_生态罚字[2020]347号,0.4
env_417_生态罚字[2021]417号,0.4
env_489_环监罚字[2023]489号,
env_341_生态罚字[2024]341号,0.4
env_301_生态罚字[2020]301号,0.6
env_57_环罚字[2022]057号,0.4
env_318_环执罚字[2020]318号,0.65
env_485_环保罚字[2023]485号,0.3
env_376_环保罚字[2023]376号,0.65
env_387_环执罚字[2020]387号,0.75
env_194_环罚字[2020]194号,0.65
env_7_生态罚字[2023]007号,0.4
env_419_环监罚字[2021]419号,0.65
env_71_环罚字[2023]071号,0.65
env_68_环执罚字[2021]068号,
env_432_生态罚字[2023]432号,
env_270_环监罚字[2020]270号,
env_52_环执罚字[2022]052号,
env_207_环执罚字[2024]207号,
env_233_生态罚字[2024]233号,
env_126_生态罚字[2020]126号,
env_219_环执罚字[2024]219号,
env_37_环执罚字[2022]037号,
env_74_环监罚字[2023]074号,
env_36_环执罚字[2023]036号,
env_338_环罚字[2024]338号,
env_312_环保罚字[2024]312号,
env_202_环罚字[2023]202号,
env_444_生态罚字[2023]444号,
env_84_环监罚字[2020]084号,
env_159_环监罚字[2021]159号,
env_11_环罚字[2023]011号,
env_145_环罚字[2020]145号,
env_327_生态罚字[2021]327号,
env_252_环监罚字[2020]252号,
env_236_环监罚字[2021]236号,0.4
env_292_环保罚字[2023]292号,
env_97_环保罚字[2022]097号,
env_360_环保罚字[2023]360号,
env_441_环罚字[2024]441号,0.4
env_93_生态罚字[2023]093号,0.65
env_424_生态罚字[2022]424号,0.75
env_48_环保罚字[2024]048号,0.65
env_246_环罚字[2023]246号,0.4
env_393_生态罚字[2022]393号,0.65
env_378_环监罚字[2020]378号,0.4
env_223_生态罚字[2021]223号,
env_119_环监罚字[2023]119号,
env_229_生态罚字[2024]229号,
env_80_环罚字[2024]080号,
env_203_环执罚字[2021]203号,
env_467_环罚字[2021]467号,
env_298_环罚字[2024]298号,
env_105_生态罚字[2021]105号,
env_404_环保罚字[2023]404号,
env_367_生态罚字[2022]367号,
env_375_环执罚字[2023]375号,
env_227_环保罚字[2020]227号,
env_425_环执罚字[2021]425号,
env_403_环罚字[2023]403号,
env_379_生态罚字[2022]379号,
env_325_环监罚字[2023]325号,
REPEAT_ID_999,0.75
env_359_生态罚字[2024]359号,0.45
