case_id,domain,defect_id,defect_type,failure_category,gold_triple,corrupted_triple,system_output,status
government-44de83980361,government,government-44de83980361::2,invalid_relation,schema relation repair,"{""head"": ""Document:government-44de83980361:对擅自在互联网上使用广播电视专有名称开展业务；变更股东、股权结构，或上市融资，或重大资产变动时，未办理审批手续；未建立健全节目运营规范，未采取版权保护措施，或对传播有害内容未履行提示、删除、报告义务；"", ""relation"": ""行驶主体"", ""tail"": ""市级""}","{""head"": ""Document:government-44de83980361:对擅自在互联网上使用广播电视专有名称开展业务；变更股东、股权结构，或上市融资，或重大资产变动时，未办理审批手续；未建立健全节目运营规范，未采取版权保护措施，或对传播有害内容未履行提示、删除、报告义务；"", ""relation"": ""UNKNOWN_REL"", ""tail"": ""市级""}","[{""head"": ""Document:government-44de83980361:对擅自在互联网上使用广播电视专有名称开展业务；变更股东、股权结构，或上市融资，或重大资产变动时，未办理审批手续；未建立健全节目运营规范，未采取版权保护措施，或对传播有害内容未履行提示、删除、报告义务；"", ""relation"": ""服务事项"", ""tail"": ""对擅自在互联网上使用广播电视专有名称开展业务；变更股东、股权结构，或上市融资，或重大资产变动时，未办理审批手续；未建立健全节目运营规范，未采取版权保护措施，或对传播有害内容未履行提示、删除、报告义务；未在播出界面显著位置标注播出标识、名称、《许可证》和备案编号；未履行保留节目记录、向主管部门如实提供查询义务；向未持有《许可证》或备案的单位提供代收费及信号传输、服务器托管等与互联网视听节目服务有关的服务；未履行查验义务，或向互联网视听节目服务单位提供其《许可证》或备案载明事项范围以外的接入服务；进行虚假宣传或者误导用户；未经用户同意，擅自泄露用户信息秘密；互联网视听服务单位在同一年度内三次出现违规行为；拒绝、阻挠、拖延广播电影电视主管""}, {""head"": ""Document:government-44de83980361:对擅自在互联网上使用广播电视专有名称开展业务；变更股东、股权结构，或上市融资，或重大资产变动时，未办理审批手续；未建立健全节目运营规范，未采取版权保护措施，或对传播有害内容未履行提示、删除、报告义务；"", ""relation"": ""权力类型"", ""tail"": ""行政处罚""}, {""head"": ""Document:government-44de83980361:对擅自在互联网上使用广播电视专有名称开展业务；变更股东、股权结构，或上市融资，或重大资产变动时，未办理审批手续；未建立健全节目运营规范，未采取版权保护措施，或对传播有害内容未履行提示、删除、报告义务；"", ""relation"": ""承办机构"", ""tail"": ""西安市文化市场综合执法支队""}, {""head"": ""Document:government-44de83980361:对擅自在互联网上使用广播电视专有名称开展业务；变更股东、股权结构，或上市融资，或重大资产变动时，未办理审批手续；未建立健全节目运营规范，未采取版权保护措施，或对传播有害内容未履行提示、删除、报告义务；"", ""relation"": ""实施依据"", ""tail"": ""《互联网视听节目服务管理规定》（2007年12月国家广播电影电视总局、信息产业部令第56号发布 根据2015年8月国家新闻出版广电总局令第3号第一次修正） 第二十三条：违反本规定有下列行为之一的，由县级以上广播电影电视主管部门予以警告、责令改正，可并处3万元以下罚款；同时，可对其主要出资者和经营者予以警告，可并处2万元以下罚款： （一）擅自在互联网上使用广播电视专有名称开展业务的；（二）变更股东、股权结构，或上市融资，或重大资产变动时，未办理审批手续的；（三）未建立健全节目运营规范，未采取版权保护措施，或对传播有害内容未履行提示、删除、报告义务的；（四）未在播出界面显著位置标注播出标识、名称、《许可证》和备案编号的；（五）未履行保留""}, {""head"": ""Document:government-44de83980361:对擅自在互联网上使用广播电视专有名称开展业务；变更股东、股权结构，或上市融资，或重大资产变动时，未办理审批手续；未建立健全节目运营规范，未采取版权保护措施，或对传播有害内容未履行提示、删除、报告义务；"", ""relation"": ""监管电话"", ""tail"": ""029-87425393""}, {""head"": ""Document:government-44de83980361:对擅自在互联网上使用广播电视专有名称开展业务；变更股东、股权结构，或上市融资，或重大资产变动时，未办理审批手续；未建立健全节目运营规范，未采取版权保护措施，或对传播有害内容未履行提示、删除、报告义务；"", ""relation"": ""责任事项"", ""tail"": ""1.立案阶段责任，按照线索和初步证据，依法立案。 2.调查阶段责任，调查后提出处理意见，向当事人发出行政处罚事先告知书。 3.审查阶段责任，审查拟处罚决定内容事实依据，如符合听证条件且当事人提出听证要求。按要求组织听证。 4.决定阶段责任，制作书面处罚决定并附送达回证。 5.告知阶段责任，告知申请人享有依法申请行政复议或者提起行政诉讼的权利。 6.送达阶段责任，向行政相对人发送达文书。 7.执行阶段责任，行政相对人执行行政处罚决定。""}]",ok
government-c0e6b8597822,government,government-c0e6b8597822::2,invalid_relation,schema relation repair,"{""head"": ""Document:government-c0e6b8597822:对生产经营单位未将事故隐患排查治理情况如实记录或者未向从业人员通报的行政处罚"", ""relation"": ""责任事项"", ""tail"": ""1.立案阶段责任：在举报、上级交办、下级报请、事故和监督检查中发现当事人涉嫌违法的，应予以审查，决定是否立案。2.调查阶段责任：对立案的案件，指定专人负责，执法人员不得少于两人，与当事人有直接利害关系的应当回避。调查时出示执法证件，允许当事人陈述和申辩；行政机关在收集证据时，可以采取抽样取证的方法；调查终结后，拟写调查报告，并按程序审批。3.审查阶段责任：审查调查终结报告，对案件违法事实、证据、调查取证程序、法律适用处罚种类和幅度、当事人陈述申辩理由等方面进行审查，根据不同情况作出决定。4.告知阶段责任：作出处罚决定前，应制作《行政处罚告知书》，送达当事人，告知当事人违法事实、理由及依据，并告知其享有的陈述、申辩、要求听证等权利；符""}","{""head"": ""Document:government-c0e6b8597822:对生产经营单位未将事故隐患排查治理情况如实记录或者未向从业人员通报的行政处罚"", ""relation"": ""UNKNOWN_REL"", ""tail"": ""1.立案阶段责任：在举报、上级交办、下级报请、事故和监督检查中发现当事人涉嫌违法的，应予以审查，决定是否立案。2.调查阶段责任：对立案的案件，指定专人负责，执法人员不得少于两人，与当事人有直接利害关系的应当回避。调查时出示执法证件，允许当事人陈述和申辩；行政机关在收集证据时，可以采取抽样取证的方法；调查终结后，拟写调查报告，并按程序审批。3.审查阶段责任：审查调查终结报告，对案件违法事实、证据、调查取证程序、法律适用处罚种类和幅度、当事人陈述申辩理由等方面进行审查，根据不同情况作出决定。4.告知阶段责任：作出处罚决定前，应制作《行政处罚告知书》，送达当事人，告知当事人违法事实、理由及依据，并告知其享有的陈述、申辩、要求听证等权利；符""}","[{""head"": ""Document:government-c0e6b8597822:对生产经营单位未将事故隐患排查治理情况如实记录或者未向从业人员通报的行政处罚"", ""relation"": ""服务事项"", ""tail"": ""对生产经营单位未将事故隐患排查治理情况如实记录或者未向从业人员通报的行政处罚""}, {""head"": ""Document:government-c0e6b8597822:对生产经营单位未将事故隐患排查治理情况如实记录或者未向从业人员通报的行政处罚"", ""relation"": ""权力类型"", ""tail"": ""行政处罚""}, {""head"": ""Document:government-c0e6b8597822:对生产经营单位未将事故隐患排查治理情况如实记录或者未向从业人员通报的行政处罚"", ""relation"": ""行驶主体"", ""tail"": ""市应急管理局""}, {""head"": ""Document:government-c0e6b8597822:对生产经营单位未将事故隐患排查治理情况如实记录或者未向从业人员通报的行政处罚"", ""relation"": ""承办机构"", ""tail"": ""市应急管理综合执法支队""}, {""head"": ""Document:government-c0e6b8597822:对生产经营单位未将事故隐患排查治理情况如实记录或者未向从业人员通报的行政处罚"", ""relation"": ""实施依据"", ""tail"": ""1.《中华人民共和国安全生产法》 第九十七条第五项 生产经营单位有下列行为之一的，责令限期改正，处十万元以下的罚款；逾期未改正的，责令停产停业整顿，并处十万元以上二十万元以下的罚款，对其直接负责的主管人员和其他直接责任人员处二万元以上五万元以下的罚款：（五）未将事故隐患排查治理情况如实记录或者未向从业人员通报的； 第一百一十五条 本法规定的行政处罚，由应急管理部门和其他负有安全生产监督管理职责的部门按照职责分工决定；其中，根据本法第九十五条、第一百一十条、第一百一十四条的规定应当给予民航、铁路、电力行业的生产经营单位及其主要负责人行政处罚的，也可以由主管的负有安全生产监督管理职责的部门进行处罚。予以关闭的行政处罚，由负有安全生产监督""}, {""head"": ""Document:government-c0e6b8597822:对生产经营单位未将事故隐患排查治理情况如实记录或者未向从业人员通报的行政处罚"", ""relation"": ""监管电话"", ""tail"": ""029-12345 029-12350""}, {""head"": ""Document:government-c0e6b8597822:对生产经营单位未将事故隐患排查治理情况如实记录或者未向从业人员通报的行政处罚"", ""relation"": ""责任事项"", ""tail"": ""1.立案阶段责任：在举报、上级交办、下级报请、事故和监督检查中发现当事人涉嫌违法的，应予以审查，决定是否立案。2.调查阶段责任：对立案的案件，指定专人负责，执法人员不得少于两人，与当事人有直接利害关系的应当回避。调查时出示执法证件，允许当事人陈述和申辩；行政机关在收集证据时，可以采取抽样取证的方法；调查终结后，拟写调查报告，并按程序审批。3.审查阶段责任：审查调查终结报告，对案件违法事实、证据、调查取证程序、法律适用处罚种类和幅度、当事人陈述申辩理由等方面进行审查，根据不同情况作出决定。4.告知阶段责任：作出处罚决定前，应制作《行政处罚告知书》，送达当事人，告知当事人违法事实、理由及依据，并告知其享有的陈述、申辩、要求听证等权利""}]",ok
government-eff0fd772bef,government,government-eff0fd772bef::2,invalid_relation,schema relation repair,"{""head"": ""Document:government-eff0fd772bef:对提供的商品或者服务不符合保障人身、财产安全要求的；在商品中掺杂、掺假，以假充真，以次充好，或者以不合格商品冒充合格商品的； 生产国家明令淘汰的商品或者销售失效、变质的商品的；伪造商品的产地，伪造或者"", ""relation"": ""实施依据"", ""tail"": ""《中华人民共和国消费者权益保护法》（2013年修订） 第五十六条 经营者有下列情形之一，除承担相应的民事责任外，其他有关法律、法规对处罚机关和处罚方式有规定的，依照法律、法规的规定执行；法律、法规未作规定的，由工商行政管理部门或者其他有关行政部门责令改正，可以根据情节单处或者并处警告、没收违法所得、处以违法所得一倍以上十倍以下的罚款，没有违法所得的，处以五十万元以下的罚款；情节严重的，责令停业整顿、吊销营业执照： &#40;一&#41;提供的商品或者服务不符合保障人身、财产安全要求的； &#40;二&#41;在商品中掺杂、掺假，以假充真，以次充好，或者以不合格商品冒充合格商品的； &#40;三&#41;生产国家明令淘汰的商品或者销售""}","{""head"": ""Document:government-eff0fd772bef:对提供的商品或者服务不符合保障人身、财产安全要求的；在商品中掺杂、掺假，以假充真，以次充好，或者以不合格商品冒充合格商品的； 生产国家明令淘汰的商品或者销售失效、变质的商品的；伪造商品的产地，伪造或者"", ""relation"": ""UNKNOWN_REL"", ""tail"": ""《中华人民共和国消费者权益保护法》（2013年修订） 第五十六条 经营者有下列情形之一，除承担相应的民事责任外，其他有关法律、法规对处罚机关和处罚方式有规定的，依照法律、法规的规定执行；法律、法规未作规定的，由工商行政管理部门或者其他有关行政部门责令改正，可以根据情节单处或者并处警告、没收违法所得、处以违法所得一倍以上十倍以下的罚款，没有违法所得的，处以五十万元以下的罚款；情节严重的，责令停业整顿、吊销营业执照： &#40;一&#41;提供的商品或者服务不符合保障人身、财产安全要求的； &#40;二&#41;在商品中掺杂、掺假，以假充真，以次充好，或者以不合格商品冒充合格商品的； &#40;三&#41;生产国家明令淘汰的商品或者销售""}","[{""head"": ""Document:government-eff0fd772bef:对提供的商品或者服务不符合保障人身、财产安全要求的；在商品中掺杂、掺假，以假充真，以次充好，或者以不合格商品冒充合格商品的； 生产国家明令淘汰的商品或者销售失效、变质的商品的；伪造商品的产地，伪造或者"", ""relation"": ""服务事项"", ""tail"": ""对提供的商品或者服务不符合保障人身、财产安全要求的；在商品中掺杂、掺假，以假充真，以次充好，或者以不合格商品冒充合格商品的； 生产国家明令淘汰的商品或者销售失效、变质的商品的；伪造商品的产地，伪造或者冒用他人的厂名、厂址，篡改生产日期，伪造或者冒用认证标志等质量标志的；销售的商品应当检验、检疫而未检验、检疫或者伪造检验、检疫结果的；对商品或者服务作虚假或者引人误解的宣传的；拒绝或者拖延有关行政部门责令对缺陷商品或者服务采取停止销售、警示、召回、无害化处理、销毁、停止生产或者服务等措施的；对消费者提出的修理、重作、更换、退货、补足商品数量、退还货款和服务费用或者赔偿损失的要求，故意拖延或者无理拒绝的； 侵害消费者人格尊严、侵犯消费者人""}, {""head"": ""Document:government-eff0fd772bef:对提供的商品或者服务不符合保障人身、财产安全要求的；在商品中掺杂、掺假，以假充真，以次充好，或者以不合格商品冒充合格商品的； 生产国家明令淘汰的商品或者销售失效、变质的商品的；伪造商品的产地，伪造或者"", ""relation"": ""权力类型"", ""tail"": ""行政处罚""}, {""head"": ""Document:government-eff0fd772bef:对提供的商品或者服务不符合保障人身、财产安全要求的；在商品中掺杂、掺假，以假充真，以次充好，或者以不合格商品冒充合格商品的； 生产国家明令淘汰的商品或者销售失效、变质的商品的；伪造商品的产地，伪造或者"", ""relation"": ""行驶主体"", ""tail"": ""西安市市场监督管理局""}, {""head"": ""Document:government-eff0fd772bef:对提供的商品或者服务不符合保障人身、财产安全要求的；在商品中掺杂、掺假，以假充真，以次充好，或者以不合格商品冒充合格商品的； 生产国家明令淘汰的商品或者销售失效、变质的商品的；伪造商品的产地，伪造或者"", ""relation"": ""承办机构"", ""tail"": ""综合执法支队""}, {""head"": ""Document:government-eff0fd772bef:对提供的商品或者服务不符合保障人身、财产安全要求的；在商品中掺杂、掺假，以假充真，以次充好，或者以不合格商品冒充合格商品的； 生产国家明令淘汰的商品或者销售失效、变质的商品的；伪造商品的产地，伪造或者"", ""relation"": ""实施依据"", ""tail"": ""《中华人民共和国消费者权益保护法》（2013年修订） 第五十六条""}, {""head"": ""Document:government-eff0fd772bef:对提供的商品或者服务不符合保障人身、财产安全要求的；在商品中掺杂、掺假，以假充真，以次充好，或者以不合格商品冒充合格商品的； 生产国家明令淘汰的商品或者销售失效、变质的商品的；伪造商品的产地，伪造或者"", ""relation"": ""监管电话"", ""tail"": ""029-87823020""}, {""head"": ""Document:government-eff0fd772bef:对提供的商品或者服务不符合保障人身、财产安全要求的；在商品中掺杂、掺假，以假充真，以次充好，或者以不合格商品冒充合格商品的； 生产国家明令淘汰的商品或者销售失效、变质的商品的；伪造商品的产地，伪造或者"", ""relation"": ""责任事项"", ""tail"": ""1.立案阶段责任：对经核查有证据初步证明存在违反市场监督管理法律、法规、规章的行为，应当立案查处。 2.调查阶段责任：市场监管部门决定立案查处的案件，应指定两名以上具有行政执法资格的办案人员负责调查处理。办案人员应当全面、客观、公正、及时进行案件调查，收集、调取证据，并依照法律、法规、规章的规定进行检查。 3.审查阶段责任：市场监管部门根据调查取证结果，对案件违法事实、依据、调查取证程序、法律适用、处罚种类和幅度、当事人陈述和申辩理由等方面进行审查，提出处理意见。 4.决定阶段责任：调查审查结束后，调查人员应当将调查审查情况及处理意见报市场监督管理部门负责人审批。情节复杂或者重大违法行为在负责人作出行政处罚决定前应当进行法制审核。立""}]",ok
government-27ceaef34223,government,government-27ceaef34223::2,missing_triple,source-field recovery,"{""head"": ""Document:government-27ceaef34223:对民办学校未按照国家统一的会计制度进行会计核算、编制财务会计报告，财务、资产管理混乱，或者违反法律、法规增加收费项目、提高收费标准的处罚"", ""relation"": ""实施依据"", ""tail"": ""《中华人民共和国民办教育促进法》第六十二条&ldquo;民办学校有下列行为之一的，由县级以上人民政府教育行政部门、人力资源社会保障行政部门或者其他有关部门责令限期改正，并予以警告；有违法所得的，退还所收费用后没收违法所得；情节严重的，责令停止招生、吊销办学许可证；构成犯罪的，依法追究刑事责任:（一）擅自分立、合并民办学校的；（二）擅自改变民办学校名称、层次、类别和举办者的；（三）公布虚假招生简章或者广告，骗取钱财的；（四）非法颁发或者伪造学历证书、结业证书、培训证书、职业资格证书的；（五）管理混乱严重影响教育教学，产生恶劣社会影响的；（六）提交虚假证明文件或者采取其他欺诈手段隐瞒重要事实骗取办学许可证的；（七）伪造、变造、买卖、出租""}",null,"[{""head"": ""Document:government-27ceaef34223:对民办学校未按照国家统一的会计制度进行会计核算、编制财务会计报告，财务、资产管理混乱，或者违反法律、法规增加收费项目、提高收费标准的处罚"", ""relation"": ""服务事项"", ""tail"": ""对民办学校未按照国家统一的会计制度进行会计核算、编制财务会计报告，财务、资产管理混乱，或者违反法律、法规增加收费项目、提高收费标准的处罚""}, {""head"": ""Document:government-27ceaef34223:对民办学校未按照国家统一的会计制度进行会计核算、编制财务会计报告，财务、资产管理混乱，或者违反法律、法规增加收费项目、提高收费标准的处罚"", ""relation"": ""权力类型"", ""tail"": ""行政处罚""}, {""head"": ""Document:government-27ceaef34223:对民办学校未按照国家统一的会计制度进行会计核算、编制财务会计报告，财务、资产管理混乱，或者违反法律、法规增加收费项目、提高收费标准的处罚"", ""relation"": ""行驶主体"", ""tail"": ""西安市人力资源和社会保障局""}, {""head"": ""Document:government-27ceaef34223:对民办学校未按照国家统一的会计制度进行会计核算、编制财务会计报告，财务、资产管理混乱，或者违反法律、法规增加收费项目、提高收费标准的处罚"", ""relation"": ""承办机构"", ""tail"": ""劳动保障监察执法处""}, {""head"": ""Document:government-27ceaef34223:对民办学校未按照国家统一的会计制度进行会计核算、编制财务会计报告，财务、资产管理混乱，或者违反法律、法规增加收费项目、提高收费标准的处罚"", ""relation"": ""实施依据"", ""tail"": ""《中华人民共和国民办教育促进法》第六十二条""}, {""head"": ""Document:government-27ceaef34223:对民办学校未按照国家统一的会计制度进行会计核算、编制财务会计报告，财务、资产管理混乱，或者违反法律、法规增加收费项目、提高收费标准的处罚"", ""relation"": ""监管电话"", ""tail"": ""029-86786928""}, {""head"": ""Document:government-27ceaef34223:对民办学校未按照国家统一的会计制度进行会计核算、编制财务会计报告，财务、资产管理混乱，或者违反法律、法规增加收费项目、提高收费标准的处罚"", ""relation"": ""责任事项"", ""tail"": ""1.立案阶段责任：发现违法行为，应予以审查，决定是否立案。 2.调查阶段责任：对立案的案件，指定专人负责，执法人员不得少于两人，与当事人有直接利害关系的应当回避。调查时出示执法证件，保障当事人陈述申辩的权利；行政机关在收集证据时，可以采取抽样取证的方法；调查终结后，拟写调查报告，并按程序审批。 3.审查阶段责任：审查调查终结报告，对案件违法事实、证据、调查取证程序、法律适用处罚种类和幅度、当事人陈述申辩理由等方面进行审查，根据不同情况作出决定。 4.告知阶段责任：作出处罚决定前，应制作《行政处罚预先告知书》，送达当事人，告知当事人违法事实、理由及依据，并告知其享有的陈述、申辩、要求听证等权利；符合听证规定，制作并送达《行政处罚听证告""}]",ok
government-fc2c1b8758a5,government,government-fc2c1b8758a5::1,missing_triple,source-field recovery,"{""head"": ""Document:government-fc2c1b8758a5:对违反《陕西省消费者权益保护条例》第二十四条第二款、第三十三条第一项至第十三项、第三十四条规定的行政处罚"", ""relation"": ""实施依据"", ""tail"": ""《陕西省消费者权益保护条例》（2017年修订） 第七十六条：违反本条例第二十四条第二款、第三十三条第一项至第十三项、第三十四条规定的，经营者除承担相应的民事责任外，其他有关法律、法规对处罚机关和处罚方式有规定的，依照法律、法规的规定执行；法律、法规未作规定的，由市场监督管理部门或者其他有关行政部门责令改正，可以根据情节单处或者并处警告、没收违法所得、处以违法所得一倍以上十倍以下的罚款，没有违法所得的，处以五十万元以下的罚款；情节严重的，责令停业整顿、吊销营业执照，并记入信用档案，向社会公布。 第二十四条第二款 经营者不能即时出具的，应当按照与消费者约定的时间、地点送交消费者，因此产生的合理费用由经营者承担。 第三十三条 经营者提供商""}",null,"[{""head"": ""Document:government-fc2c1b8758a5:对违反《陕西省消费者权益保护条例》第二十四条第二款、第三十三条第一项至第十三项、第三十四条规定的行政处罚"", ""relation"": ""服务事项"", ""tail"": ""对违反《陕西省消费者权益保护条例》第二十四条第二款、第三十三条第一项至第十三项、第三十四条规定的行政处罚""}, {""head"": ""Document:government-fc2c1b8758a5:对违反《陕西省消费者权益保护条例》第二十四条第二款、第三十三条第一项至第十三项、第三十四条规定的行政处罚"", ""relation"": ""权力类型"", ""tail"": ""行政处罚""}, {""head"": ""Document:government-fc2c1b8758a5:对违反《陕西省消费者权益保护条例》第二十四条第二款、第三十三条第一项至第十三项、第三十四条规定的行政处罚"", ""relation"": ""行驶主体"", ""tail"": ""西安市市场监督管理局""}, {""head"": ""Document:government-fc2c1b8758a5:对违反《陕西省消费者权益保护条例》第二十四条第二款、第三十三条第一项至第十三项、第三十四条规定的行政处罚"", ""relation"": ""承办机构"", ""tail"": ""综合执法支队""}, {""head"": ""Document:government-fc2c1b8758a5:对违反《陕西省消费者权益保护条例》第二十四条第二款、第三十三条第一项至第十三项、第三十四条规定的行政处罚"", ""relation"": ""监管电话"", ""tail"": ""029-87823020""}, {""head"": ""Document:government-fc2c1b8758a5:对违反《陕西省消费者权益保护条例》第二十四条第二款、第三十三条第一项至第十三项、第三十四条规定的行政处罚"", ""relation"": ""责任事项"", ""tail"": ""1.立案阶段责任：对经核查有证据初步证明存在违反市场监督管理法律、法规、规章的行为，应当立案查处。 2.调查阶段责任：市场监管部门决定立案查处的案件，应指定两名以上具有行政执法资格的办案人员负责调查处理。办案人员应当全面、客观、公正、及时进行案件调查，收集、调取证据，并依照法律、法规、规章的规定进行检查。 3.审查阶段责任：市场监管部门根据调查取证结果，对案件违法事实、依据、调查取证程序、法律适用、处罚种类和幅度、当事人陈述和申辩理由等方面进行审查，提出处理意见。 4.决定阶段责任：调查审查结束后，调查人员应当将调查审查情况及处理意见报市场监督管理部门负责人审批。情节复杂或者重大违法行为在负责人作出行政处罚决定前应当进行法制审核。""}]",ok
government-0aada7eebec8,government,government-0aada7eebec8::1,reversed_edge,edge-direction repair,"{""head"": ""Document:government-0aada7eebec8:对广告内容违反《中华人民广告法》第八条规定的；广告引证内容违反《中华人民广告法》第十一条规定的；涉及专利的广告违反《中华人民广告法》第十二条规定的；广告贬低其他生产经营者的商品或者服务的；广告经营者、"", ""relation"": ""责任事项"", ""tail"": ""1.立案阶段责任：对经核查有证据初步证明存在违反市场监督管理法律、法规、规章的行为，应当立案查处。 2.调查阶段责任：市场监管部门决定立案查处的案件，应指定两名以上具有行政执法资格的办案人员负责调查处理。办案人员应当全面、客观、公正、及时进行案件调查，收集、调取证据，并依照法律、法规、规章的规定进行检查。 3.审查阶段责任：市场监管部门根据调查取证结果，对案件违法事实、依据、调查取证程序、法律适用、处罚种类和幅度、当事人陈述和申辩理由等方面进行审查，提出处理意见。 4.决定阶段责任：调查审查结束后，调查人员应当将调查审查情况及处理意见报市场监督管理部门负责人审批。情节复杂或者重大违法行为在负责人作出行政处罚决定前应当进行法制审核。立""}","{""head"": ""1.立案阶段责任：对经核查有证据初步证明存在违反市场监督管理法律、法规、规章的行为，应当立案查处。 2.调查阶段责任：市场监管部门决定立案查处的案件，应指定两名以上具有行政执法资格的办案人员负责调查处理。办案人员应当全面、客观、公正、及时进行案件调查，收集、调取证据，并依照法律、法规、规章的规定进行检查。 3.审查阶段责任：市场监管部门根据调查取证结果，对案件违法事实、依据、调查取证程序、法律适用、处罚种类和幅度、当事人陈述和申辩理由等方面进行审查，提出处理意见。 4.决定阶段责任：调查审查结束后，调查人员应当将调查审查情况及处理意见报市场监督管理部门负责人审批。情节复杂或者重大违法行为在负责人作出行政处罚决定前应当进行法制审核。立"", ""relation"": ""责任事项"", ""tail"": ""Document:government-0aada7eebec8:对广告内容违反《中华人民广告法》第八条规定的；广告引证内容违反《中华人民广告法》第十一条规定的；涉及专利的广告违反《中华人民广告法》第十二条规定的；广告贬低其他生产经营者的商品或者服务的；广告经营者、""}","[{""head"": ""Document:government-0aada7eebec8:对广告内容违反《中华人民广告法》第八条规定的；广告引证内容违反《中华人民广告法》第十一条规定的；涉及专利的广告违反《中华人民广告法》第十二条规定的；广告贬低其他生产经营者的商品或者服务的；广告经营者、"", ""relation"": ""服务事项"", ""tail"": ""对广告内容违反《中华人民广告法》第八条规定的；广告引证内容违反《中华人民广告法》第十一条规定的；涉及专利的广告违反《中华人民广告法》第十二条规定的；广告贬低其他生产经营者的商品或者服务的；广告经营者、广告发布者明知或者应知有前款规定违法行为仍设计、制作、代理、发布的；广告不具有可识别性的，或者变相发布医疗、药品、医疗器械、保健食品广告的的行政处罚""}, {""head"": ""Document:government-0aada7eebec8:对广告内容违反《中华人民广告法》第八条规定的；广告引证内容违反《中华人民广告法》第十一条规定的；涉及专利的广告违反《中华人民广告法》第十二条规定的；广告贬低其他生产经营者的商品或者服务的；广告经营者、"", ""relation"": ""权力类型"", ""tail"": ""行政处罚""}, {""head"": ""Document:government-0aada7eebec8:对广告内容违反《中华人民广告法》第八条规定的；广告引证内容违反《中华人民广告法》第十一条规定的；涉及专利的广告违反《中华人民广告法》第十二条规定的；广告贬低其他生产经营者的商品或者服务的；广告经营者、"", ""relation"": ""行驶主体"", ""tail"": ""西安市市场监督管理局""}, {""head"": ""Document:government-0aada7eebec8:对广告内容违反《中华人民广告法》第八条规定的；广告引证内容违反《中华人民广告法》第十一条规定的；涉及专利的广告违反《中华人民广告法》第十二条规定的；广告贬低其他生产经营者的商品或者服务的；广告经营者、"", ""relation"": ""承办机构"", ""tail"": ""综合执法支队""}, {""head"": ""Document:government-0aada7eebec8:对广告内容违反《中华人民广告法》第八条规定的；广告引证内容违反《中华人民广告法》第十一条规定的；涉及专利的广告违反《中华人民广告法》第十二条规定的；广告贬低其他生产经营者的商品或者服务的；广告经营者、"", ""relation"": ""实施依据"", ""tail"": ""《中华人民共和国广告法》（2021年修订） 第五十九条有下列行为之一的，由市场监督管理部门责令停止发布广告，对广告主处十万元以下的罚款： （一）广告内容违反本法第八条规定的；（二）广告引证内容违反本法第十一条规定的；（三）涉及专利的广告违反本法第十二条规定的；（四）违反本法第十三条规定，广告贬低其他生产经营者的商品或者服务的。 广告经营者、广告发布者明知或者应知有前款规定违法行为仍设计、制作、代理、发布的，由市场监督管理部门处十万元以下的罚款。 广告违反本法第十四条规定，不具有可识别性的，或者违反本法第十九条规定，变相发布医疗、药品、医疗器械、保健食品广告的，由市场监督管理部门责令改正，对广告发布者处十万元以下的罚款。 第八条 广告""}, {""head"": ""Document:government-0aada7eebec8:对广告内容违反《中华人民广告法》第八条规定的；广告引证内容违反《中华人民广告法》第十一条规定的；涉及专利的广告违反《中华人民广告法》第十二条规定的；广告贬低其他生产经营者的商品或者服务的；广告经营者、"", ""relation"": ""监管电话"", ""tail"": ""029-87823020""}]",ok
government-10a48db0d2e7,government,government-10a48db0d2e7::1,wrong_value,contextual value grounding,"{""head"": ""Document:government-10a48db0d2e7:对市场主体登记备案事项、公示信息情况的监督检查"", ""relation"": ""责任事项"", ""tail"": ""1.制定方案：应制定监督检查方案，按照检查周期及频次开展检查。 2.实施检查：执法人员根据相关法律规定及实施方案要求，在职权范围内对辖区内的企业进行检查。 3.处置移送：发现违法行为或线索的，予以立案查处，未发现违法行为或线索的，填写日常检查记录，对发现不属于本部门职权范围、管辖范围的违法线索移交给有关部门。 4.事后监管：对行政检查中发现的问题整改情况进行监督检查。""}","{""head"": ""Document:government-10a48db0d2e7:对市场主体登记备案事项、公示信息情况的监督检查"", ""relation"": ""责任事项"", ""tail"": ""错误值-government-6""}","[{""head"": ""Document:government-10a48db0d2e7:对市场主体登记备案事项、公示信息情况的监督检查"", ""relation"": ""服务事项"", ""tail"": ""对市场主体登记备案事项、公示信息情况的监督检查""}, {""head"": ""Document:government-10a48db0d2e7:对市场主体登记备案事项、公示信息情况的监督检查"", ""relation"": ""权力类型"", ""tail"": ""行政检查""}, {""head"": ""Document:government-10a48db0d2e7:对市场主体登记备案事项、公示信息情况的监督检查"", ""relation"": ""行驶主体"", ""tail"": ""西安市市场监督管理局""}, {""head"": ""Document:government-10a48db0d2e7:对市场主体登记备案事项、公示信息情况的监督检查"", ""relation"": ""承办机构"", ""tail"": ""行政审批处、市场秩序监管处、信用监管处""}, {""head"": ""Document:government-10a48db0d2e7:对市场主体登记备案事项、公示信息情况的监督检查"", ""relation"": ""实施依据"", ""tail"": ""《中华人民共和国市场主体登记管理条例实施细则》（国家市场监督管理总局令第52号公布,2022.03.01施行） 第六十六条 登记机关应当随机抽取检查对象、随机选派执法检查人员，对市场主体的登记备案事项、公示信息情况等进行抽查，并将抽查检查结果通过国家企业信用信息公示系统向社会公示。必要时可以委托会计师事务所、税务师事务所、律师事务所等专业机构开展审计、验资、咨询等相关工作，依法使用其他政府部门作出的检查、核查结果或者专业机构作出的专业结论。""}, {""head"": ""Document:government-10a48db0d2e7:对市场主体登记备案事项、公示信息情况的监督检查"", ""relation"": ""监管电话"", ""tail"": ""029-86788149""}]",ok
government-82073dac50b0,government,government-82073dac50b0::1,wrong_value,contextual value grounding,"{""head"": ""Document:government-82073dac50b0:变更捐赠财产用途备案"", ""relation"": ""实施依据"", ""tail"": ""《中华人民共和国慈善法》（2023年12月修改） 第五十六条：慈善组织开展慈善活动，应当依照法律法规和章程的规定，按照募捐方案或者捐赠协议使用捐赠财产。慈善组织确需变更募捐方案规定的捐赠财产用途的，应当报原备案的民政部门备案；确需变更捐赠协议约定的捐赠财产用途的，应当征得捐赠人同意。""}","{""head"": ""Document:government-82073dac50b0:变更捐赠财产用途备案"", ""relation"": ""实施依据"", ""tail"": ""错误值-government-4""}","[{""head"": ""Document:government-82073dac50b0:变更捐赠财产用途备案"", ""relation"": ""服务事项"", ""tail"": ""变更捐赠财产用途备案""}, {""head"": ""Document:government-82073dac50b0:变更捐赠财产用途备案"", ""relation"": ""权力类型"", ""tail"": ""其他权力类型""}, {""head"": ""Document:government-82073dac50b0:变更捐赠财产用途备案"", ""relation"": ""行驶主体"", ""tail"": ""西安市民政局""}, {""head"": ""Document:government-82073dac50b0:变更捐赠财产用途备案"", ""relation"": ""承办机构"", ""tail"": ""慈善事业促进处""}, {""head"": ""Document:government-82073dac50b0:变更捐赠财产用途备案"", ""relation"": ""监管电话"", ""tail"": ""029-86787171""}, {""head"": ""Document:government-82073dac50b0:变更捐赠财产用途备案"", ""relation"": ""责任事项"", ""tail"": ""1.受理阶段责任：公示依法应当提交的材料；一次性告知补正材料；依法受理或不予受理（不予受理的应当告知理由）。 2.审查阶段责任：按照法定要件对申请人提交的申请材料进行审查。 3.决定阶段责任：在法定期限内按照规定程序作出审查意见。 4.事后监督阶段责任：登记并留存审查资料复印件。""}]",ok
government-9f6d5783ec85,government,government-9f6d5783ec85::1,wrong_value,contextual value grounding,"{""head"": ""Document:government-9f6d5783ec85:对宗教团体、宗教活动场所宣扬、支持、资助宗教极端主义，或者利用宗教进行危害国家安全、公共安全，破坏民族团结、分裂国家和恐怖活动，侵犯公民人身权利、民主权利，妨害社会管理秩序，侵犯公私财产等违法活动的处"", ""relation"": ""实施依据"", ""tail"": ""《宗教事务条例》（国务院令第426号公布，2017年8月26日国务院令第686号修订）第六十三条：宣扬、支持、资助宗教极端主义，或者利用宗教进行危害国家安全、公共安全，破坏民族团结、分裂国家和恐怖活动，侵犯公民人身权利、民主权利，妨害社会管理秩序，侵犯公私财产等违法活动，构成犯罪的，依法追究刑事责任；尚不构成犯罪的，由有关部门依法给予行政处罚；对公民、法人或者其他组织造成损失的，依法承担民事责任。 宗教团体、宗教院校或者宗教活动场所有前款行为，情节严重的，有关部门应当采取必要的措施对其进行整顿，拒不接受整顿的，由登记管理机关或者批准设立机关依法吊销其登记证书或者设立许可。""}","{""head"": ""Document:government-9f6d5783ec85:对宗教团体、宗教活动场所宣扬、支持、资助宗教极端主义，或者利用宗教进行危害国家安全、公共安全，破坏民族团结、分裂国家和恐怖活动，侵犯公民人身权利、民主权利，妨害社会管理秩序，侵犯公私财产等违法活动的处"", ""relation"": ""实施依据"", ""tail"": ""错误值-government-4""}","[{""head"": ""Document:government-9f6d5783ec85:对宗教团体、宗教活动场所宣扬、支持、资助宗教极端主义，或者利用宗教进行危害国家安全、公共安全，破坏民族团结、分裂国家和恐怖活动，侵犯公民人身权利、民主权利，妨害社会管理秩序，侵犯公私财产等违法活动的处"", ""relation"": ""服务事项"", ""tail"": ""对宗教团体、宗教活动场所宣扬、支持、资助宗教极端主义，或者利用宗教进行危害国家安全、公共安全，破坏民族团结、分裂国家和恐怖活动，侵犯公民人身权利、民主权利，妨害社会管理秩序，侵犯公私财产等违法活动的处罚""}, {""head"": ""Document:government-9f6d5783ec85:对宗教团体、宗教活动场所宣扬、支持、资助宗教极端主义，或者利用宗教进行危害国家安全、公共安全，破坏民族团结、分裂国家和恐怖活动，侵犯公民人身权利、民主权利，妨害社会管理秩序，侵犯公私财产等违法活动的处"", ""relation"": ""权力类型"", ""tail"": ""行政处罚""}, {""head"": ""Document:government-9f6d5783ec85:对宗教团体、宗教活动场所宣扬、支持、资助宗教极端主义，或者利用宗教进行危害国家安全、公共安全，破坏民族团结、分裂国家和恐怖活动，侵犯公民人身权利、民主权利，妨害社会管理秩序，侵犯公私财产等违法活动的处"", ""relation"": ""行驶主体"", ""tail"": ""西安市民族宗教事务委员会""}, {""head"": ""Document:government-9f6d5783ec85:对宗教团体、宗教活动场所宣扬、支持、资助宗教极端主义，或者利用宗教进行危害国家安全、公共安全，破坏民族团结、分裂国家和恐怖活动，侵犯公民人身权利、民主权利，妨害社会管理秩序，侵犯公私财产等违法活动的处"", ""relation"": ""承办机构"", ""tail"": ""民族一处、宗教一处、宗教二处""}, {""head"": ""Document:government-9f6d5783ec85:对宗教团体、宗教活动场所宣扬、支持、资助宗教极端主义，或者利用宗教进行危害国家安全、公共安全，破坏民族团结、分裂国家和恐怖活动，侵犯公民人身权利、民主权利，妨害社会管理秩序，侵犯公私财产等违法活动的处"", ""relation"": ""实施依据"", ""tail"": ""《宗教事务条例》（国务院令第426号公布，2017年8月26日国务院令第686号修订）第六十三条""}, {""head"": ""Document:government-9f6d5783ec85:对宗教团体、宗教活动场所宣扬、支持、资助宗教极端主义，或者利用宗教进行危害国家安全、公共安全，破坏民族团结、分裂国家和恐怖活动，侵犯公民人身权利、民主权利，妨害社会管理秩序，侵犯公私财产等违法活动的处"", ""relation"": ""监管电话"", ""tail"": ""029-86786684""}, {""head"": ""Document:government-9f6d5783ec85:对宗教团体、宗教活动场所宣扬、支持、资助宗教极端主义，或者利用宗教进行危害国家安全、公共安全，破坏民族团结、分裂国家和恐怖活动，侵犯公民人身权利、民主权利，妨害社会管理秩序，侵犯公私财产等违法活动的处"", ""relation"": ""责任事项"", ""tail"": ""1.立案阶段责任：根据日常监管发现的线索或者群众举报的情况，予以审查，决定是否立案； 2.调查阶段责任：指定专人负责，及时组织调查取证。 3.审查阶段的责任：审查案件调查报告，对案件进行审查，提出处理意见（重要证据不足时，以适当方式补充调查）； 4.决定阶段的责任：作出行政处罚前，应制作《责令停止违法行为通知书》《行政处罚决定书》载明违法事实、及违反的法律条款，及当事人享有的陈述、申辩权利； 5.告知阶段的责任：按法律规定的方式告知当事人； 6.送达阶段的责任：按法律规定的方式将《责令停止违法行为通知书》《行政处罚决定书》送达当事人； 7.执行阶段的责任：依照已经生效的行政处罚决定，督促当事人停止违法行为，责令停止违法活动，没收违法""}]",ok
