policy,n,final_joint_mean,final_joint_std,q_graph_mean,q_graph_std,q_rule_mean,q_rule_std,auc_mean,auc_std,convergence_step_mean,convergence_step_std,steps_mean,steps_std,calls_mean,calls_std,edits_mean,edits_std,total_reward_mean,total_reward_std
Random,10,0.9535354472958726,0.026593020975343985,0.9774922639131546,0.008395168193939062,0.8936434057526673,0.09321252508131067,0.8829190888539967,0.03184321439033673,19.0,0.0,18.0,0.0,8.3,2.7507574714370344,151.4,39.800055834690035,0.34883843224449496,0.03491609495453881
Enhancement Only,10,0.6784879956926619,0.0036012216310779875,0.9498831939697265,0.005041710283509191,0.0,0.0,0.6784879956926619,0.0036012216310780023,19.0,0.0,18.0,0.0,0.0,0.0,0.0,0.0,0.0,0.0
Rule Only,10,0.9372792044838707,0.0036012216310779776,0.9498831939697265,0.005041710283509191,0.9057692307692309,0.0,0.9224530876543732,0.0036012216310779568,19.0,0.0,18.0,0.0,18.0,0.0,24.0,0.0,0.28982769230769223,5.851389114294502e-17
Alternating,10,0.9634321509741396,0.0007232110144037037,0.9924400478601456,0.001012495420165166,0.8909124087591241,0.0,0.9260821064046315,0.0019764027363098793,19.0,0.0,18.0,0.0,12.0,0.0,215.0,22.622506001276204,0.3466218173940686,0.003657408577423505
Rule First Then Fix,10,0.9747223284767896,0.00044468679775682904,0.9956844305992126,0.0006225615168595901,0.9223170731707316,0.0,0.9364802536960681,0.002398723585718188,19.0,0.0,18.0,0.0,8.0,0.0,232.7,24.79717725871233,0.37807406589777887,0.004032830241747621
Fix First Then Rule,10,0.9330343981952687,0.0036012216310779767,0.9498831939697265,0.005041710283509191,0.8909124087591241,0.0,0.8203651513741617,0.0036012216310780014,19.0,0.0,18.0,0.0,12.0,0.0,13.0,0.0,0.3081049635036496,7.49343429207797e-17
Myopic Greedy,10,0.982465631318797,0.00011020859485766488,0.999107056260109,0.00015429203280075307,0.9408620689655172,0.0,0.957597140266043,0.000916020274530882,13.2,0.6324555320336759,17.7,0.48304589153964794,4.0,0.0,242.2,26.931188033372923,0.4047246898765892,0.004518248171112278
DQN,10,0.9812956445087941,0.0016898484987229634,0.9974690747261048,0.0023657878982121586,0.9408620689655172,0.0,0.9530183311597279,0.004109181102267914,16.8,1.8135294011647258,17.9,0.31622776601683794,4.1,0.31622776601683794,233.8,19.441079073846584,0.4028547083425851,0.0035860587849796616
Double DQN,10,0.981222643294358,0.001250756693949746,0.9973668730258941,0.001751059371529591,0.9408620689655172,0.0,0.9530788614463468,0.0020879142240572625,17.0,1.4907119849998598,18.0,0.0,4.0,0.0,234.9,24.3285383403479,0.40313050664237443,0.0040319558557035205
